{"type":"FeatureCollection","features":[{"type":"Feature","geometry":{"type":"Polygon","coordinates":[[[-62.4177,-13.1189],[-62.352,-13.1433],[-62.3168,-13.1345],[-62.2993,-13.1506],[-62.2459,-13.1452],[-62.245,-13.1208],[-62.2148,-13.1113],[-62.1909,-13.1538],[-62.1696,-13.1342],[-62.1429,-13.1612],[-62.1152,-13.1637],[-62.1091,-13.219],[-62.1157,-13.2585],[-62.069,-13.2959],[-62.0032,-13.3654],[-61.9805,-13.3655],[-61.9143,-13.4337],[-61.8874,-13.4408],[-61.8832,-13.4973],[-61.8689,-13.5282],[-61.8171,-13.5274],[-61.7573,-13.5406],[-61.6938,-13.5081],[-61.6515,-13.5187],[-61.5856,-13.5006],[-61.5083,-13.5479],[-61.4699,-13.5553],[-61.4025,-13.5379],[-61.3898,-13.5198],[-61.3505,-13.5212],[-61.3287,-13.5036],[-61.2752,-13.5061],[-61.2483,-13.4963],[-61.2217,-13.5302],[-61.1713,-13.5106],[-61.1532,-13.5273],[-61.1034,-13.5158],[-61.0878,-13.4921],[-61.0412,-13.5077],[-61.0149,-13.4875],[-61.0056,-13.5503],[-60.9674,-13.5369],[-60.919,-13.5483],[-60.9089,-13.5848],[-60.8798,-13.6175],[-60.8286,-13.6295],[-60.8101,-13.6553],[-60.7705,-13.6651],[-60.7695,-13.6842],[-60.7093,-13.693],[-60.7139,-13.676],[-60.686,-13.6252],[-60.6241,-13.5691],[-60.5777,-13.5652],[-60.5358,-13.5373],[-60.5109,-13.5036],[-60.4304,-13.482],[-60.3879,-13.4547],[-60.3732,-13.4123],[-60.3796,-13.3752],[-60.3716,-13.3186],[-60.3332,-13.258],[-60.3038,-13.1784],[-60.2685,-13.145],[-60.2844,-13.0848],[-60.1833,-12.9676],[-60.1172,-12.9596],[-60.1015,-12.9134],[-60.0791,-12.8811],[-60.0828,-12.8526],[-60.0656,-12.8107],[-60.0625,-12.7574],[-60.0748,-12.7345],[-60.056,-12.7049],[-60.0598,-12.6642],[-60.0289,-12.6186],[-59.9816,-12.5921],[-59.9477,-12.5993],[-59.8961,-12.5364],[-59.8982,-12.5016],[-59.8442,-12.4672],[-59.8425,-12.4248],[-59.8193,-12.3787],[-59.7794,-12.3415],[-59.8868,-12.2451],[-59.9108,-12.1865],[-59.8996,-12.1663],[-59.8998,-12.1172],[-59.9293,-12.0785],[-59.962,-12.0564],[-59.9714,-11.9699],[-59.987,-11.9601],[-59.9842,-11.9148],[-60.0069,-11.8947],[-60.0659,-11.8908],[-60.0885,-11.8626],[-60.1034,-11.8192],[-60.0969,-11.7953],[-60.1124,-11.7593],[-60.1224,-11.6824],[-60.1099,-11.6155],[-60.1149,-11.5915],[-60.0942,-11.5628],[-60.0575,-11.5421],[-60.0313,-11.497],[-59.9854,-11.4693],[-59.9762,-11.4392],[-59.9344,-11.4237],[-59.9206,-11.398],[-59.9172,-11.3384],[-59.9271,-11.3113],[-59.9595,-11.2947],[-59.9797,-11.2395],[-59.995,-11.1482],[-60.075,-11.105],[-60.1764,-11.0988],[-60.1915,-11.1141],[-60.2808,-11.0915],[-60.3012,-11.0572],[-60.342,-11.0826],[-60.35,-11.1083],[-60.3916,-11.0938],[-60.4115,-11.0468],[-60.4297,-11.0375],[-60.4601,-10.9899],[-61.0006,-10.9884],[-61.0006,-10.9922],[-61.429,-10.9875],[-61.5503,-10.9861],[-61.5301,-10.979],[-61.5205,-10.9194],[-61.5251,-10.8558],[-61.509,-10.8322],[-61.5053,-10.7848],[-61.4796,-10.7877],[-61.4764,-10.7225],[-61.4994,-10.6986],[-61.4845,-10.6738],[-61.4762,-10.6077],[-61.4808,-10.4877],[-61.4618,-10.4199],[-61.5031,-10.3759],[-61.5017,-10.3538],[-61.5301,-10.3333],[-61.5767,-10.2486],[-61.574,-10.209],[-61.5578,-10.1823],[-61.6012,-10.1501],[-61.5717,-10.0465],[-61.5402,-10.0002],[-61.5228,-9.9467],[-61.525,-9.9066],[-61.5079,-9.8611],[-61.5249,-9.7957],[-61.5462,-9.7848],[-61.5315,-9.7399],[-61.5746,-9.7178],[-61.6101,-9.6843],[-61.6447,-9.7067],[-61.7116,-9.7313],[-61.7922,-9.7197],[-61.7941,-9.759],[-61.8107,-9.8028],[-61.8379,-9.8102],[-61.8373,-9.853],[-61.8766,-9.9048],[-61.8583,-9.9721],[-61.9091,-9.9892],[-61.9371,-9.9478],[-61.9544,-9.9497],[-61.9633,-9.9849],[-61.9933,-10.022],[-61.9727,-10.0675],[-61.9786,-10.0932],[-62.018,-10.1232],[-62.0632,-10.1744],[-62.1108,-10.1941],[-62.1346,-10.2247],[-62.146,-10.2655],[-62.1402,-10.3274],[-62.122,-10.355],[-62.2597,-10.4768],[-62.5253,-10.7095],[-62.7171,-10.8782],[-62.8914,-11.0306],[-62.9692,-11.0307],[-63.0429,-11.0385],[-63.0663,-11.0596],[-63.0925,-11.0537],[-63.1426,-11.0714],[-63.1803,-11.0661],[-63.1964,-11.0826],[-63.1955,-11.1034],[-63.2551,-11.152],[-63.2873,-11.1534],[-63.3354,-11.0891],[-63.4331,-11.03],[-63.4811,-11.0272],[-63.5003,-11.0427],[-63.5547,-11.0392],[-63.5825,-11.0106],[-63.627,-11.005],[-63.5806,-11.0312],[-63.5823,-11.0692],[-63.6027,-11.1427],[-63.5845,-11.2274],[-63.5941,-11.2593],[-63.5293,-11.3381],[-63.5217,-11.358],[-63.5655,-11.4124],[-63.5939,-11.4162],[-63.6094,-11.4827],[-63.5945,-11.5045],[-63.6161,-11.5423],[-63.6048,-11.6021],[-63.6577,-11.6089],[-63.6799,-11.6444],[-63.7234,-11.6407],[-63.762,-11.666],[-63.8207,-11.6741],[-63.8808,-11.7285],[-63.9051,-11.7195],[-63.9544,-11.7309],[-64.0194,-11.7638],[-64.025,-11.7457],[-64.0773,-11.7703],[-64.1102,-11.8077],[-64.1219,-11.8487],[-64.1601,-11.9124],[-64.2039,-11.9097],[-64.2576,-11.9548],[-64.2586,-11.9913],[-64.3193,-12.0082],[-64.3732,-12.0566],[-64.3831,-12.1088],[-64.4227,-12.1151],[-64.4488,-12.1503],[-64.4469,-12.1726],[-64.4878,-12.2085],[-64.5392,-12.2154],[-64.553,-12.181],[-64.5867,-12.185],[-64.5946,-12.2157],[-64.5522,-12.2419],[-64.5128,-12.2229],[-64.4929,-12.2912],[-64.4994,-12.3673],[-64.4616,-12.3858],[-64.4062,-12.447],[-64.3451,-12.4598],[-64.2947,-12.4578],[-64.2844,-12.5032],[-64.2345,-12.4555],[-64.1713,-12.4705],[-64.1739,-12.5006],[-64.1155,-12.504],[-64.057,-12.492],[-64.0402,-12.5151],[-63.9913,-12.5054],[-63.9634,-12.5297],[-63.8978,-12.4997],[-63.8731,-12.4471],[-63.834,-12.4634],[-63.7863,-12.4279],[-63.6848,-12.4531],[-63.6212,-12.4735],[-63.614,-12.4853],[-63.5505,-12.5084],[-63.5017,-12.5673],[-63.4372,-12.5644],[-63.4294,-12.5914],[-63.3839,-12.6531],[-63.3486,-12.6562],[-63.2994,-12.6818],[-63.2425,-12.6908],[-63.2404,-12.6714],[-63.1632,-12.6354],[-63.0906,-12.636],[-63.0947,-12.6841],[-63.0829,-12.712],[-63.0546,-12.7311],[-63.0338,-12.7807],[-63.0088,-12.8152],[-63.0071,-12.8396],[-62.943,-12.8546],[-62.9214,-12.8409],[-62.8922,-12.8588],[-62.8702,-12.9106],[-62.8033,-12.9451],[-62.8089,-12.9621],[-62.7791,-13.0096],[-62.734,-13.0219],[-62.6607,-12.9695],[-62.6292,-12.9958],[-62.6126,-13.0413],[-62.5472,-13.074],[-62.5026,-13.0832],[-62.4429,-13.0799],[-62.4177,-13.1189]]]},"properties":{"ibge_code":"1102","name":"Ji-Paraná","codarea":"1102","uf":"RO","uf_code":"11","macro_id":"1","macro_sigla":"N"}},{"type":"Feature","geometry":{"type":"Polygon","coordinates":[[[-63.627,-11.005],[-63.5825,-11.0106],[-63.5547,-11.0392],[-63.5003,-11.0427],[-63.4811,-11.0272],[-63.4331,-11.03],[-63.3354,-11.0891],[-63.2873,-11.1534],[-63.2551,-11.152],[-63.1955,-11.1034],[-63.1964,-11.0826],[-63.1803,-11.0661],[-63.1426,-11.0714],[-63.0925,-11.0537],[-63.0663,-11.0596],[-63.0429,-11.0385],[-62.9692,-11.0307],[-62.8914,-11.0306],[-62.7171,-10.8782],[-62.5253,-10.7095],[-62.2597,-10.4768],[-62.122,-10.355],[-62.1402,-10.3274],[-62.146,-10.2655],[-62.1346,-10.2247],[-62.1108,-10.1941],[-62.0632,-10.1744],[-62.018,-10.1232],[-61.9786,-10.0932],[-61.9727,-10.0675],[-61.9933,-10.022],[-61.9633,-9.9849],[-61.9544,-9.9497],[-61.9371,-9.9478],[-61.9091,-9.9892],[-61.8583,-9.9721],[-61.8766,-9.9048],[-61.8373,-9.853],[-61.8379,-9.8102],[-61.8107,-9.8028],[-61.7941,-9.759],[-61.7922,-9.7197],[-61.7116,-9.7313],[-61.6447,-9.7067],[-61.6101,-9.6843],[-61.5746,-9.7178],[-61.5324,-9.7118],[-61.5021,-9.6828],[-61.477,-9.6299],[-61.4969,-9.6241],[-61.4965,-9.5744],[-61.508,-9.5405],[-61.5491,-9.5125],[-61.5817,-9.4591],[-61.5567,-9.4356],[-61.5589,-9.3855],[-61.6279,-9.3516],[-61.6162,-9.3268],[-61.5996,-9.256],[-61.5684,-9.2371],[-61.5249,-9.2429],[-61.5236,-9.179],[-61.5554,-9.1315],[-61.5558,-9.0924],[-61.5057,-8.9662],[-61.4692,-8.9201],[-61.5125,-8.8606],[-61.5137,-8.837],[-61.5831,-8.7987],[-61.606,-8.7947],[-61.6296,-8.753],[-61.6265,-8.7289],[-61.7133,-8.6879],[-61.7419,-8.6952],[-61.7489,-8.7238],[-61.7746,-8.7482],[-61.8412,-8.7394],[-61.8433,-8.7794],[-61.861,-8.8036],[-61.8597,-8.853],[-61.903,-8.8629],[-61.9381,-8.8814],[-61.9791,-8.8732],[-62.0311,-8.7997],[-62.125,-8.8017],[-62.155,-8.7396],[-62.1488,-8.7183],[-62.1651,-8.6794],[-62.2005,-8.6443],[-62.1747,-8.6282],[-62.1837,-8.599],[-62.2689,-8.5758],[-62.2943,-8.6054],[-62.3358,-8.6095],[-62.3258,-8.5637],[-62.3374,-8.5166],[-62.3661,-8.4936],[-62.3693,-8.4461],[-62.3608,-8.3985],[-62.384,-8.3776],[-62.4246,-8.375],[-62.4655,-8.3397],[-62.5185,-8.3847],[-62.5396,-8.3581],[-62.5854,-8.2719],[-62.6001,-8.2722],[-62.655,-8.2291],[-62.6599,-8.1996],[-62.6867,-8.1738],[-62.673,-8.1453],[-62.6923,-8.0929],[-62.744,-8.0453],[-62.81,-8.0253],[-62.8328,-7.9944],[-62.8666,-7.9759],[-63.1184,-7.9771],[-63.6212,-7.9765],[-63.6218,-8.0296],[-63.667,-8.0816],[-63.6624,-8.1012],[-63.6934,-8.1583],[-63.7415,-8.1901],[-63.7486,-8.2079],[-63.7228,-8.2495],[-63.7466,-8.2702],[-63.7735,-8.3207],[-63.7912,-8.3332],[-63.8253,-8.3062],[-63.8708,-8.2888],[-63.9108,-8.3285],[-63.9441,-8.3312],[-63.9454,-8.3878],[-63.977,-8.4097],[-63.9408,-8.4523],[-63.9732,-8.4784],[-63.9246,-8.5755],[-63.946,-8.6095],[-63.9862,-8.5856],[-64.0164,-8.6677],[-64.0355,-8.6936],[-64.0948,-8.7284],[-64.1246,-8.7167],[-64.1431,-8.743],[-64.1448,-8.7764],[-64.1295,-8.8052],[-64.1582,-8.8432],[-64.1418,-8.9451],[-64.2332,-8.9923],[-64.3113,-8.9965],[-64.3261,-8.9798],[-64.3234,-8.9289],[-64.4466,-8.9769],[-64.5501,-8.9783],[-64.5789,-8.9884],[-64.6111,-9.0165],[-64.6834,-8.9936],[-64.7137,-8.9939],[-64.7612,-9.0206],[-64.778,-8.9945],[-64.8078,-8.9856],[-64.8706,-9.0122],[-64.9157,-9.0746],[-64.9399,-9.1246],[-64.9197,-9.2203],[-64.9629,-9.2928],[-65.0005,-9.3046],[-65.0535,-9.4021],[-65.1429,-9.4468],[-65.1855,-9.427],[-65.1735,-9.3854],[-65.209,-9.3096],[-65.2118,-9.279],[-65.2467,-9.2577],[-65.3775,-9.3244],[-65.4402,-9.3117],[-65.4566,-9.4012],[-65.4321,-9.4586],[-65.4567,-9.4705],[-65.5032,-9.47],[-65.5482,-9.426],[-65.5881,-9.4138],[-65.6794,-9.4514],[-65.681,-9.5004],[-65.6961,-9.5077],[-65.73,-9.5631],[-65.8,-9.585],[-65.8251,-9.5301],[-65.8482,-9.5323],[-65.8809,-9.4875],[-65.918,-9.4782],[-65.9319,-9.4476],[-65.9703,-9.4132],[-66.0424,-9.4024],[-66.0597,-9.4182],[-66.1239,-9.4088],[-66.1736,-9.4344],[-66.2434,-9.4294],[-66.2597,-9.411],[-66.3748,-9.4264],[-66.3924,-9.5005],[-66.4389,-9.5544],[-66.4949,-9.6016],[-66.5006,-9.6336],[-66.5369,-9.6435],[-66.5863,-9.6736],[-66.6242,-9.6808],[-66.6849,-9.7146],[-66.7254,-9.7561],[-66.7754,-9.7531],[-66.7806,-9.7914],[-66.8103,-9.818],[-66.6269,-9.898],[-66.5876,-9.9003],[-66.5589,-9.881],[-66.5338,-9.8852],[-66.4728,-9.8684],[-66.3584,-9.864],[-66.3134,-9.8326],[-66.2862,-9.8447],[-66.2377,-9.8146],[-66.2154,-9.8327],[-66.1951,-9.8063],[-66.152,-9.7856],[-66.0332,-9.7889],[-65.9854,-9.8064],[-65.9735,-9.7773],[-65.919,-9.7527],[-65.8714,-9.7534],[-65.8536,-9.7943],[-65.8224,-9.7674],[-65.7837,-9.7863],[-65.7727,-9.7582],[-65.7336,-9.7631],[-65.685,-9.749],[-65.671,-9.7811],[-65.6237,-9.836],[-65.5679,-9.8386],[-65.5532,-9.8044],[-65.5135,-9.7932],[-65.501,-9.7298],[-65.4435,-9.6927],[-65.4434,-9.6693],[-65.3916,-9.6876],[-65.3569,-9.7202],[-65.322,-9.8113],[-65.2874,-9.8399],[-65.2887,-9.8657],[-65.3285,-9.9213],[-65.333,-9.9443],[-65.3207,-10.0027],[-65.3294,-10.0432],[-65.3006,-10.1009],[-65.307,-10.165],[-65.2888,-10.2199],[-65.3274,-10.3053],[-65.3918,-10.3744],[-65.3815,-10.4291],[-65.4297,-10.4809],[-65.4106,-10.5129],[-65.4185,-10.5398],[-65.3976,-10.5809],[-65.4161,-10.6167],[-65.4051,-10.6406],[-65.3583,-10.6574],[-65.3436,-10.6996],[-65.3482,-10.7784],[-65.3625,-10.8016],[-65.3169,-10.8254],[-65.2756,-10.8712],[-65.2509,-10.9845],[-65.2972,-11.026],[-65.2829,-11.0586],[-65.2889,-11.0943],[-65.3515,-11.1217],[-65.3635,-11.1473],[-65.3509,-11.1864],[-65.3599,-11.2578],[-65.3396,-11.3124],[-65.301,-11.3157],[-65.3354,-11.357],[-65.3049,-11.5016],[-65.229,-11.5156],[-65.2119,-11.5305],[-65.235,-11.5768],[-65.2179,-11.6521],[-65.257,-11.6964],[-65.2506,-11.7214],[-65.2048,-11.7495],[-65.183,-11.7217],[-65.1282,-11.7205],[-65.0905,-11.7078],[-65.0597,-11.7907],[-65.0708,-11.8564],[-65.0599,-11.8828],[-65.0189,-11.8921],[-65.0289,-11.9976],[-65.0006,-11.9934],[-64.9809,-12.0169],[-64.9484,-11.9934],[-64.917,-12.0284],[-64.8837,-12.0137],[-64.8396,-12.0107],[-64.81,-12.0645],[-64.7599,-12.1023],[-64.7686,-12.146],[-64.7418,-12.1512],[-64.7386,-12.1001],[-64.6984,-12.1036],[-64.7178,-12.1425],[-64.7129,-12.1736],[-64.6162,-12.2147],[-64.5946,-12.2157],[-64.5867,-12.185],[-64.553,-12.181],[-64.5392,-12.2154],[-64.4878,-12.2085],[-64.4469,-12.1726],[-64.4488,-12.1503],[-64.4227,-12.1151],[-64.3831,-12.1088],[-64.3732,-12.0566],[-64.3193,-12.0082],[-64.2586,-11.9913],[-64.2576,-11.9548],[-64.2039,-11.9097],[-64.1601,-11.9124],[-64.1219,-11.8487],[-64.1102,-11.8077],[-64.0773,-11.7703],[-64.025,-11.7457],[-64.0194,-11.7638],[-63.9544,-11.7309],[-63.9051,-11.7195],[-63.8808,-11.7285],[-63.8207,-11.6741],[-63.762,-11.666],[-63.7234,-11.6407],[-63.6799,-11.6444],[-63.6577,-11.6089],[-63.6048,-11.6021],[-63.6161,-11.5423],[-63.5945,-11.5045],[-63.6094,-11.4827],[-63.5939,-11.4162],[-63.5655,-11.4124],[-63.5217,-11.358],[-63.5293,-11.3381],[-63.5941,-11.2593],[-63.5845,-11.2274],[-63.6027,-11.1427],[-63.5823,-11.0692],[-63.5806,-11.0312],[-63.627,-11.005]]]},"properties":{"ibge_code":"1101","name":"Porto Velho","codarea":"1101","uf":"RO","uf_code":"11","macro_id":"1","macro_sigla":"N"}},{"type":"Feature","geometry":{"type":"Polygon","coordinates":[[[-67.135,-9.6759],[-67.3255,-9.5925],[-67.326,-9.5923],[-67.5169,-9.5609],[-67.9768,-9.3527],[-68.2199,-9.2428],[-68.6472,-9.0494],[-68.9213,-8.8143],[-69.213,-8.5644],[-69.4443,-8.3665],[-69.4496,-8.3958],[-69.505,-8.4543],[-69.5118,-8.4965],[-69.5426,-8.5484],[-69.5717,-8.644],[-69.6282,-8.6814],[-69.6595,-8.6819],[-69.7258,-8.7636],[-69.7632,-8.785],[-69.7951,-8.8402],[-69.8397,-8.9442],[-69.8651,-8.9575],[-70.0901,-8.9736],[-70.319,-8.9636],[-70.3651,-8.9824],[-70.4028,-9.0182],[-70.4529,-9.1038],[-70.4988,-9.1067],[-70.5277,-9.1383],[-70.5721,-9.2131],[-70.6272,-9.2702],[-70.6396,-9.313],[-70.6314,-9.3768],[-70.6935,-9.3716],[-70.7346,-9.4156],[-70.7704,-9.422],[-70.7908,-9.4489],[-70.8558,-9.4488],[-70.9026,-9.5077],[-70.9511,-9.536],[-70.9568,-9.5863],[-71.0455,-9.6424],[-71.0792,-9.7001],[-71.1004,-9.8159],[-71.0777,-9.8277],[-70.9977,-9.8184],[-70.9742,-9.7622],[-70.9252,-9.7419],[-70.869,-9.6647],[-70.7904,-9.6316],[-70.693,-9.5355],[-70.661,-9.5218],[-70.6239,-9.4708],[-70.5698,-9.4322],[-70.4947,-9.425],[-70.5219,-9.4572],[-70.512,-9.4814],[-70.5857,-9.5753],[-70.598,-9.6065],[-70.5722,-9.6604],[-70.5415,-9.6816],[-70.5271,-9.7259],[-70.5376,-9.7679],[-70.5599,-9.7892],[-70.6126,-9.8051],[-70.6206,-9.8323],[-70.6206,-10.0793],[-70.6205,-10.425],[-70.6209,-10.7055],[-70.621,-10.9996],[-70.5301,-10.9348],[-70.4527,-10.9967],[-70.4209,-11.0393],[-70.3731,-11.0607],[-70.3082,-11.0706],[-70.2404,-11.0495],[-70.2016,-11.0545],[-70.1315,-11.0235],[-70.0895,-10.9852],[-70.0635,-10.9928],[-69.9747,-10.9488],[-69.9488,-10.9248],[-69.9005,-10.92],[-69.8729,-10.9304],[-69.812,-10.9256],[-69.7601,-10.9392],[-69.7187,-10.9755],[-69.659,-10.953],[-69.634,-10.9579],[-69.5852,-10.94],[-69.5407,-10.9509],[-69.521,-10.9362],[-69.4793,-10.9548],[-69.4235,-10.9266],[-69.3888,-10.9395],[-69.3528,-10.9359],[-69.2918,-10.9501],[-69.2326,-10.94],[-69.1566,-10.9627],[-69.0438,-10.9812],[-69.0014,-11.0089],[-68.9661,-10.988],[-68.948,-11.0116],[-68.9121,-11.0217],[-68.8949,-11.0062],[-68.8599,-11.0164],[-68.8115,-10.9942],[-68.7486,-11.0187],[-68.7653,-11.0659],[-68.7213,-11.1029],[-68.7161,-11.1456],[-68.543,-11.1114],[-68.4872,-11.0509],[-68.406,-11.0537],[-68.3882,-11.0406],[-68.3847,-11.0181],[-68.3063,-10.9916],[-68.2786,-10.9893],[-68.2394,-10.9578],[-68.2063,-10.8811],[-68.1038,-10.7734],[-68.1053,-10.7152],[-68.076,-10.6849],[-68.0022,-10.6484],[-67.9314,-10.6558],[-67.886,-10.6397],[-67.8277,-10.6514],[-67.7906,-10.6776],[-67.7577,-10.6865],[-67.73,-10.7135],[-67.7044,-10.7],[-67.6756,-10.6052],[-67.6599,-10.6146],[-67.6098,-10.5624],[-67.605,-10.5343],[-67.5673,-10.5095],[-67.5456,-10.4952],[-67.4365,-10.4479],[-67.4112,-10.4184],[-67.4238,-10.3914],[-67.3806,-10.3811],[-67.3198,-10.3816],[-67.316,-10.3187],[-67.2536,-10.3289],[-67.2239,-10.3156],[-67.1703,-10.3376],[-67.1344,-10.3157],[-67.1258,-10.2904],[-67.0848,-10.2903],[-67.0099,-10.2519],[-67.0023,-10.2297],[-66.9829,-10.1972],[-66.9514,-10.1867],[-66.9468,-10.1599],[-66.9107,-10.1465],[-66.8709,-10.0808],[-66.808,-10.0497],[-66.79,-10.022],[-66.7185,-9.9737],[-66.6751,-9.9671],[-66.6364,-9.9431],[-66.6269,-9.898],[-66.8103,-9.818],[-67.135,-9.6759]]]},"properties":{"ibge_code":"1201","name":"Rio Branco","codarea":"1201","uf":"AC","uf_code":"12","macro_id":"1","macro_sigla":"N"}},{"type":"Feature","geometry":{"type":"Polygon","coordinates":[[[-72.1695,-7.6006],[-72.5848,-7.552],[-72.9003,-7.4377],[-73.293,-7.2956],[-73.7382,-7.1347],[-73.8016,-7.1118],[-73.7594,-7.1742],[-73.7552,-7.1979],[-73.7138,-7.2339],[-73.7157,-7.2672],[-73.6989,-7.2957],[-73.7182,-7.3288],[-73.7469,-7.3437],[-73.7696,-7.3315],[-73.8523,-7.3469],[-73.8765,-7.3823],[-73.9095,-7.3777],[-73.9309,-7.3519],[-73.9662,-7.3516],[-73.9304,-7.4255],[-73.9193,-7.4653],[-73.9475,-7.5262],[-73.9904,-7.536],[-73.9424,-7.5986],[-73.8862,-7.6358],[-73.8729,-7.6711],[-73.8465,-7.6747],[-73.8217,-7.7175],[-73.74,-7.7337],[-73.6935,-7.7709],[-73.6819,-7.7897],[-73.6837,-7.8443],[-73.704,-7.8726],[-73.753,-7.8896],[-73.7465,-7.9526],[-73.6976,-7.9602],[-73.676,-8.0078],[-73.6495,-8.0025],[-73.6269,-8.0215],[-73.6322,-8.059],[-73.594,-8.0974],[-73.5865,-8.1864],[-73.5716,-8.2298],[-73.5403,-8.2627],[-73.5297,-8.3148],[-73.537,-8.3455],[-73.482,-8.3918],[-73.4067,-8.4192],[-73.3944,-8.4673],[-73.3321,-8.4754],[-73.328,-8.5171],[-73.344,-8.6021],[-73.3196,-8.6141],[-73.2848,-8.6664],[-73.2478,-8.6873],[-73.2083,-8.681],[-73.1424,-8.7227],[-73.128,-8.7712],[-73.1118,-8.8156],[-73.0775,-8.8609],[-73.0562,-8.9069],[-72.9948,-8.9198],[-72.9662,-8.9791],[-72.9402,-9.069],[-72.9644,-9.147],[-73.0087,-9.1677],[-72.9953,-9.1904],[-73.0221,-9.2259],[-73.0562,-9.2253],[-73.0866,-9.2445],[-73.1115,-9.2821],[-73.1008,-9.3042],[-73.1393,-9.3218],[-73.1567,-9.3509],[-73.186,-9.36],[-73.2119,-9.4117],[-72.7197,-9.4117],[-72.704,-9.4334],[-72.6631,-9.4477],[-72.622,-9.4453],[-72.5318,-9.4742],[-72.524,-9.4889],[-72.4422,-9.4805],[-72.3663,-9.49],[-72.3404,-9.5087],[-72.3228,-9.5409],[-72.2822,-9.5499],[-72.289,-9.6022],[-72.2467,-9.6563],[-72.2709,-9.7448],[-72.1529,-9.7968],[-72.1655,-9.828],[-72.1407,-9.8775],[-72.1741,-9.9216],[-72.1558,-9.9605],[-72.1805,-10],[-71.7192,-10],[-71.3774,-10],[-71.3389,-9.972],[-71.3177,-9.9912],[-71.2531,-9.9639],[-71.2108,-9.9664],[-71.163,-9.8753],[-71.1279,-9.8519],[-71.1024,-9.8518],[-71.0777,-9.8277],[-71.1004,-9.8159],[-71.0792,-9.7001],[-71.0455,-9.6424],[-70.9568,-9.5863],[-70.9511,-9.536],[-70.9026,-9.5077],[-70.8558,-9.4488],[-70.7908,-9.4489],[-70.7704,-9.422],[-70.7346,-9.4156],[-70.6935,-9.3716],[-70.6314,-9.3768],[-70.6396,-9.313],[-70.6272,-9.2702],[-70.5721,-9.2131],[-70.5277,-9.1383],[-70.4988,-9.1067],[-70.4529,-9.1038],[-70.4028,-9.0182],[-70.3651,-8.9824],[-70.319,-8.9636],[-70.0901,-8.9736],[-69.8651,-8.9575],[-69.8397,-8.9442],[-69.7951,-8.8402],[-69.7632,-8.785],[-69.7258,-8.7636],[-69.6595,-8.6819],[-69.6282,-8.6814],[-69.5717,-8.644],[-69.5426,-8.5484],[-69.5118,-8.4965],[-69.505,-8.4543],[-69.4496,-8.3958],[-69.4443,-8.3665],[-69.8017,-8.0611],[-70.055,-7.8451],[-70.5152,-7.7924],[-71.0885,-7.7263],[-71.3817,-7.6923],[-71.9454,-7.6268],[-72.1695,-7.6006]]]},"properties":{"ibge_code":"1202","name":"Cruzeiro do Sul","codarea":"1202","uf":"AC","uf_code":"12","macro_id":"1","macro_sigla":"N"}},{"type":"Feature","geometry":{"type":"Polygon","coordinates":[[[-73.7382,-7.1347],[-73.293,-7.2956],[-72.9003,-7.4377],[-72.5848,-7.552],[-72.1695,-7.6006],[-71.9454,-7.6268],[-71.3817,-7.6923],[-71.0885,-7.7263],[-70.5152,-7.7924],[-70.055,-7.8451],[-69.8017,-8.0611],[-69.7873,-7.9984],[-69.8005,-7.9518],[-69.7849,-7.9085],[-69.7924,-7.8678],[-69.7307,-7.8203],[-69.7049,-7.7874],[-69.682,-7.7934],[-69.6252,-7.7524],[-69.5984,-7.6909],[-69.5698,-7.6866],[-69.5553,-7.6587],[-69.5874,-7.6272],[-69.5553,-7.5705],[-69.5657,-7.5573],[-69.5338,-7.4893],[-69.5088,-7.4589],[-69.5247,-7.4365],[-69.4911,-7.4049],[-69.5118,-7.3602],[-69.4889,-7.3378],[-69.4926,-7.2792],[-69.4744,-7.2522],[-69.491,-7.2032],[-69.4564,-7.1705],[-69.4544,-7.1462],[-69.483,-7.1289],[-69.4865,-7.1058],[-69.4139,-7.0746],[-69.3901,-7.0265],[-69.3611,-7.0126],[-69.2864,-7.0122],[-69.2363,-6.9929],[-69.1928,-6.9449],[-69.1326,-6.9615],[-69.127,-7.0159],[-69.0525,-7.05],[-69.0127,-7.0348],[-68.9963,-7.0581],[-68.903,-7.1051],[-68.8406,-7.1086],[-68.8066,-7.0995],[-68.7298,-7.1221],[-68.6886,-7.1022],[-68.6565,-7.1039],[-68.6055,-7.1421],[-68.5989,-7.1789],[-68.5429,-7.2238],[-68.5342,-7.247],[-68.4927,-7.2485],[-68.4767,-7.2204],[-68.4876,-7.1616],[-68.4571,-7.1575],[-68.3872,-7.1794],[-68.3196,-7.1589],[-68.2731,-7.1778],[-68.2023,-7.1422],[-68.1725,-7.1686],[-68.1148,-7.1465],[-68.0772,-7.1441],[-68.0415,-7.1172],[-68.0005,-7.1507],[-67.9146,-7.155],[-67.8822,-7.2096],[-67.8763,-7.2406],[-67.8394,-7.2523],[-67.7247,-7.2629],[-67.6918,-7.3093],[-67.698,-7.3314],[-67.655,-7.3566],[-67.6418,-7.3994],[-67.5986,-7.402],[-67.5651,-7.3493],[-67.5229,-7.3254],[-67.5032,-7.2923],[-67.5006,-7.2472],[-67.4907,-7.1713],[-67.4449,-7.0004],[-67.4132,-6.9535],[-67.4163,-6.8904],[-67.379,-6.8532],[-67.3776,-6.813],[-67.2565,-6.8384],[-67.1755,-6.8201],[-67.1596,-6.7855],[-67.1287,-6.7748],[-67.0973,-6.7927],[-67.0435,-6.7718],[-67.0213,-6.7456],[-66.9777,-6.775],[-66.8911,-6.8003],[-66.8185,-6.8026],[-66.7755,-6.7911],[-66.7409,-6.8018],[-66.6242,-6.7584],[-66.5717,-6.7302],[-66.5383,-6.7418],[-66.448,-6.7292],[-66.4246,-6.7172],[-66.4069,-6.664],[-66.3895,-6.6418],[-66.4286,-6.6061],[-66.4463,-6.6064],[-66.4788,-6.5683],[-66.5239,-6.5777],[-66.5351,-6.5654],[-66.6203,-6.5521],[-66.6709,-6.5193],[-66.7794,-6.4966],[-66.8104,-6.4689],[-66.8242,-6.4389],[-66.863,-6.4095],[-66.9869,-6.3766],[-67.0447,-6.3872],[-67.0916,-6.3327],[-67.1471,-6.3424],[-67.2082,-6.333],[-67.23,-6.3566],[-67.2588,-6.4188],[-67.3118,-6.4245],[-67.3505,-6.4514],[-67.3733,-6.4926],[-67.432,-6.519],[-67.4534,-6.5023],[-67.5093,-6.5426],[-67.5321,-6.5363],[-67.6405,-6.5692],[-67.7104,-6.5485],[-67.7414,-6.5094],[-67.7972,-6.5197],[-67.7745,-6.4715],[-67.7811,-6.4564],[-67.7543,-6.3832],[-67.7336,-6.3521],[-67.7007,-6.3299],[-67.6969,-6.3012],[-67.6665,-6.2545],[-67.6216,-6.2395],[-67.645,-6.1782],[-67.6784,-6.1415],[-67.6692,-6.0436],[-67.7028,-5.9977],[-67.6993,-5.9453],[-67.6595,-5.9354],[-67.6296,-5.9513],[-67.5883,-5.9911],[-67.545,-5.9126],[-67.5006,-5.8923],[-67.4479,-5.8908],[-67.4253,-5.9204],[-67.366,-5.901],[-67.358,-5.8778],[-67.3888,-5.8247],[-67.3324,-5.7981],[-67.3096,-5.8063],[-67.3004,-5.8483],[-67.2653,-5.8188],[-67.2234,-5.7505],[-67.18,-5.7165],[-67.2029,-5.6943],[-67.1975,-5.6474],[-67.158,-5.6215],[-67.1212,-5.6256],[-67.111,-5.5738],[-67.0391,-5.5223],[-67.0218,-5.4993],[-66.9913,-5.4995],[-66.9766,-5.4444],[-66.9582,-5.4199],[-66.9034,-5.4525],[-66.9032,-5.4969],[-66.8576,-5.52],[-66.8098,-5.5306],[-66.7857,-5.5472],[-66.715,-5.5458],[-66.6853,-5.5594],[-66.6305,-5.4872],[-66.584,-5.4669],[-66.5648,-5.3936],[-66.5178,-5.4448],[-66.4949,-5.4335],[-66.4285,-5.4321],[-66.389,-5.4142],[-66.3522,-5.382],[-66.2686,-5.3566],[-66.0845,-5.3791],[-66.0748,-5.4185],[-65.9979,-5.417],[-65.9649,-5.3984],[-65.9006,-5.437],[-65.889,-5.3778],[-65.8532,-5.3237],[-65.8039,-5.2993],[-65.7702,-5.3066],[-65.7274,-5.2858],[-65.6908,-5.3108],[-65.6785,-5.2612],[-65.7003,-5.1893],[-65.6501,-5.135],[-65.6599,-5.1067],[-65.6978,-5.1054],[-65.6863,-5.0448],[-65.623,-5.0238],[-65.571,-4.9442],[-65.5747,-4.8844],[-65.542,-4.8551],[-65.5164,-4.8158],[-65.463,-4.7622],[-65.4466,-4.6803],[-65.3818,-4.6537],[-65.364,-4.61],[-65.3189,-4.6228],[-65.2575,-4.6202],[-65.1232,-4.5169],[-65.0921,-4.4551],[-65.0475,-4.4442],[-65.018,-4.4136],[-65.0033,-4.3104],[-64.9794,-4.2835],[-64.9455,-4.2981],[-64.8903,-4.2829],[-64.864,-4.2893],[-64.8146,-4.2671],[-64.777,-4.2067],[-64.7315,-4.1959],[-64.718,-4.1426],[-64.6961,-4.1167],[-64.66,-4.1284],[-64.6113,-4.0652],[-64.5671,-4.0332],[-64.5648,-3.9901],[-64.5259,-3.9594],[-64.4392,-3.9876],[-64.3803,-3.9667],[-64.3527,-3.976],[-64.2885,-3.9464],[-64.2509,-3.8879],[-64.237,-3.8936],[-64.1666,-3.8655],[-64.1599,-3.8116],[-64.111,-3.7598],[-64.0765,-3.7674],[-64.0716,-3.7043],[-63.9878,-3.7068],[-63.9777,-3.7645],[-63.9421,-3.8129],[-63.867,-3.8112],[-63.786,-3.7995],[-63.8276,-3.7797],[-63.8446,-3.7986],[-63.8816,-3.792],[-63.9265,-3.7369],[-63.9196,-3.6565],[-63.9864,-3.6028],[-64.0202,-3.6229],[-64.0626,-3.5436],[-64.1089,-3.5389],[-64.1584,-3.5112],[-64.1582,-3.4774],[-64.1378,-3.4486],[-64.1518,-3.4211],[-64.1285,-3.3647],[-64.0835,-3.3569],[-64.0874,-3.3303],[-64.1685,-3.247],[-64.1941,-3.2514],[-64.2374,-3.2034],[-64.2547,-3.1703],[-64.2914,-3.1518],[-64.2693,-3.1078],[-64.3212,-3.0962],[-64.3305,-3.0269],[-64.3621,-3.0121],[-64.379,-2.9871],[-64.4359,-2.9479],[-64.4474,-2.9291],[-64.4483,-2.8634],[-64.4968,-2.7934],[-64.5022,-2.7382],[-64.4279,-2.7344],[-64.4043,-2.715],[-64.3575,-2.7204],[-64.3377,-2.6927],[-64.3591,-2.6506],[-64.4254,-2.6392],[-64.42,-2.6077],[-64.4347,-2.5521],[-64.465,-2.5224],[-64.4613,-2.4708],[-64.4903,-2.4603],[-64.4919,-2.4301],[-64.5293,-2.3368],[-64.5164,-2.3113],[-64.4481,-2.324],[-64.4503,-2.2837],[-64.4172,-2.2844],[-64.3672,-2.2651],[-64.4076,-2.2079],[-64.4965,-2.1806],[-64.5118,-2.2355],[-64.5335,-2.2453],[-64.6633,-2.2142],[-64.6659,-2.1947],[-64.7119,-2.1425],[-64.688,-2.0577],[-64.7044,-2.0196],[-64.7869,-2.0468],[-64.8029,-2.0733],[-64.867,-2.0804],[-64.8867,-2.1002],[-64.9307,-2.1101],[-64.9249,-2.0448],[-64.9496,-2.0003],[-64.9343,-1.8997],[-64.9736,-1.8871],[-65.0202,-1.9132],[-65.0581,-1.9697],[-65.0849,-1.9618],[-65.1364,-1.9747],[-65.1714,-1.9597],[-65.1831,-1.9371],[-65.1797,-1.8328],[-65.1935,-1.7982],[-65.2291,-1.7759],[-65.2909,-1.7858],[-65.3111,-1.7785],[-65.391,-1.7544],[-65.4205,-1.7355],[-65.4668,-1.744],[-65.496,-1.7984],[-65.5259,-1.7672],[-65.525,-1.6976],[-65.5598,-1.6601],[-65.6049,-1.6629],[-65.641,-1.6362],[-65.648,-1.6056],[-65.6395,-1.5567],[-65.6623,-1.5158],[-65.6866,-1.502],[-65.7591,-1.5031],[-65.8178,-1.4732],[-65.8605,-1.4716],[-65.8939,-1.4325],[-65.9422,-1.4125],[-66.0016,-1.4137],[-66.0975,-1.4231],[-66.1485,-1.4418],[-66.1928,-1.4724],[-66.2415,-1.492],[-66.2881,-1.5485],[-66.3168,-1.5692],[-66.3457,-1.5633],[-66.3721,-1.5333],[-66.3638,-1.485],[-66.387,-1.4694],[-66.4532,-1.4787],[-66.4784,-1.5063],[-66.6302,-1.5713],[-66.6575,-1.6014],[-66.7052,-1.6239],[-66.738,-1.6241],[-66.7753,-1.6017],[-66.9186,-1.6102],[-66.9732,-1.5909],[-67.0062,-1.5946],[-67.0498,-1.5817],[-67.1101,-1.5821],[-67.1515,-1.6043],[-67.2148,-1.6089],[-67.2543,-1.62],[-67.2863,-1.6096],[-67.3439,-1.6184],[-67.3939,-1.6653],[-67.4389,-1.6407],[-67.5267,-1.6509],[-67.6086,-1.6122],[-67.6167,-1.5666],[-67.6495,-1.5121],[-67.7114,-1.5279],[-67.7448,-1.522],[-67.8005,-1.4867],[-67.8317,-1.4819],[-67.9046,-1.5174],[-67.9626,-1.4903],[-68.0353,-1.4746],[-68.0889,-1.4988],[-68.1272,-1.4997],[-68.1607,-1.4834],[-68.1611,-0.9991],[-68.1651,-0.6711],[-68.229,-0.6677],[-68.2874,-0.6798],[-68.3576,-0.7291],[-68.4046,-0.735],[-68.4258,-0.7571],[-68.5039,-0.7573],[-68.5954,-0.7241],[-68.6208,-0.6981],[-68.6231,-0.6688],[-68.6681,-0.619],[-68.6974,-0.5711],[-68.7802,-0.5499],[-68.9201,-0.4846],[-68.962,-0.4775],[-69.0141,-0.485],[-69.0326,-0.5031],[-69.0635,-0.4997],[-69.1175,-0.534],[-69.1586,-0.5385],[-69.219,-0.5115],[-69.2699,-0.5214],[-69.3094,-0.4895],[-69.354,-0.4772],[-69.3744,-0.4387],[-69.4089,-0.4069],[-69.4858,-0.401],[-69.4877,-0.3715],[-69.5432,-0.3382],[-69.5751,-0.3343],[-69.6039,-0.3105],[-69.6042,-0.2209],[-69.6769,-0.1676],[-69.7345,-0.1678],[-69.7564,-0.1484],[-69.7577,-0.0986],[-69.798,-0.0813],[-69.8126,-0.1184],[-69.8481,-0.1232],[-69.8835,-0.1434],[-69.9063,-0.1084],[-69.9419,-0.0854],[-69.9519,-0.0206],[-69.9845,-0.0057],[-69.9983,0.0594],[-70.0464,0.0683],[-70.0417,-0.1242],[-70.0574,-0.1868],[-69.9972,-0.2348],[-69.9232,-0.3315],[-69.8925,-0.3492],[-69.8449,-0.3458],[-69.8235,-0.381],[-69.7753,-0.4003],[-69.7177,-0.4551],[-69.645,-0.483],[-69.6111,-0.5135],[-69.6147,-0.5403],[-69.5932,-0.5677],[-69.605,-0.6],[-69.5738,-0.6498],[-69.5852,-0.6844],[-69.6226,-0.7321],[-69.6121,-0.7702],[-69.5596,-0.823],[-69.5737,-0.8422],[-69.5385,-0.862],[-69.5233,-0.8863],[-69.5274,-0.922],[-69.4636,-0.9673],[-69.4434,-1.0366],[-69.4243,-1.0495],[-69.4251,-1.0836],[-69.4009,-1.114],[-69.3984,-1.1444],[-69.4308,-1.2419],[-69.4112,-1.2818],[-69.4,-1.3707],[-69.4297,-1.3873],[-69.4353,-1.4579],[-69.4575,-1.4935],[-69.4533,-1.5315],[-69.5345,-2.0005],[-69.6134,-2.4402],[-69.6895,-2.8717],[-69.7425,-3.166],[-69.8376,-3.6866],[-69.9332,-4.2192],[-69.9493,-4.228],[-69.9507,-4.2693],[-69.9727,-4.324],[-70.0431,-4.3324],[-70.0756,-4.3198],[-70.0768,-4.2853],[-70.1328,-4.282],[-70.1561,-4.2746],[-70.1697,-4.3091],[-70.1535,-4.3314],[-70.2004,-4.356],[-70.2047,-4.323],[-70.2581,-4.3096],[-70.3079,-4.2468],[-70.2786,-4.2306],[-70.2932,-4.1599],[-70.3294,-4.1477],[-70.4368,-4.1328],[-70.4392,-4.1639],[-70.4652,-4.1761],[-70.5032,-4.1617],[-70.5221,-4.1373],[-70.558,-4.1724],[-70.6163,-4.1934],[-70.6349,-4.1752],[-70.6177,-4.1363],[-70.6463,-4.1278],[-70.6724,-4.1951],[-70.7207,-4.1871],[-70.759,-4.1587],[-70.8018,-4.1823],[-70.831,-4.2211],[-70.8295,-4.2505],[-70.847,-4.2806],[-70.8765,-4.2921],[-70.8823,-4.3248],[-70.946,-4.3769],[-71.0194,-4.3837],[-71.0333,-4.4001],[-71.0828,-4.3733],[-71.1822,-4.3938],[-71.2142,-4.3778],[-71.269,-4.4079],[-71.277,-4.4406],[-71.3408,-4.4411],[-71.3479,-4.4265],[-71.3972,-4.4325],[-71.4357,-4.449],[-71.4757,-4.4333],[-71.5562,-4.4769],[-71.5689,-4.5078],[-71.6169,-4.5289],[-71.6504,-4.504],[-71.6896,-4.4978],[-71.7081,-4.5105],[-71.7498,-4.4922],[-71.8095,-4.4919],[-71.8766,-4.5175],[-71.9069,-4.5152],[-71.9194,-4.5616],[-71.9546,-4.6101],[-72.0595,-4.6504],[-72.0768,-4.68],[-72.1257,-4.7168],[-72.1616,-4.7278],[-72.2197,-4.7708],[-72.2819,-4.7822],[-72.3107,-4.7743],[-72.326,-4.8011],[-72.366,-4.8026],[-72.3751,-4.8391],[-72.401,-4.8845],[-72.4968,-4.9502],[-72.5525,-4.9568],[-72.5689,-4.984],[-72.5971,-4.9827],[-72.6068,-5.0282],[-72.6464,-5.0488],[-72.7379,-5.0598],[-72.7395,-5.0876],[-72.7848,-5.1075],[-72.8131,-5.1035],[-72.8221,-5.1405],[-72.8606,-5.1396],[-72.8885,-5.1665],[-72.8639,-5.2341],[-72.8701,-5.2994],[-72.8987,-5.337],[-72.9569,-5.4654],[-72.9638,-5.4981],[-72.9538,-5.5401],[-72.9863,-5.6623],[-72.9922,-5.7038],[-73.0425,-5.749],[-73.064,-5.7893],[-73.1147,-5.8538],[-73.151,-5.8634],[-73.1878,-5.9388],[-73.1818,-5.9628],[-73.2375,-6.0322],[-73.2318,-6.0736],[-73.2508,-6.1049],[-73.2502,-6.1449],[-73.2205,-6.1785],[-73.2192,-6.2217],[-73.1655,-6.2742],[-73.1335,-6.3874],[-73.1089,-6.41],[-73.1226,-6.4319],[-73.1384,-6.498],[-73.1842,-6.5276],[-73.213,-6.5778],[-73.2934,-6.5928],[-73.3545,-6.5949],[-73.3807,-6.635],[-73.4586,-6.6655],[-73.5164,-6.6773],[-73.5598,-6.721],[-73.5846,-6.7247],[-73.6428,-6.7621],[-73.6668,-6.8064],[-73.7072,-6.8397],[-73.7214,-6.8891],[-73.7546,-6.9419],[-73.7268,-7.0225],[-73.8016,-7.1118],[-73.7382,-7.1347]]]},"properties":{"ibge_code":"1302","name":"Tefé","codarea":"1302","uf":"AM","uf_code":"13","macro_id":"1","macro_sigla":"N"}},{"type":"Feature","geometry":{"type":"Polygon","coordinates":[[[-62.9999,-4.7919],[-62.9439,-4.821],[-62.9267,-4.7892],[-62.8875,-4.802],[-62.8255,-4.7917],[-62.8044,-4.7978],[-62.7697,-4.8406],[-62.7268,-4.8358],[-62.7062,-4.8508],[-62.6969,-4.9093],[-62.7366,-4.9444],[-62.7332,-4.9688],[-62.6937,-4.9624],[-62.6791,-4.9165],[-62.6501,-4.9005],[-62.5772,-5.0007],[-62.3569,-5.2139],[-62.1028,-5.4599],[-62.0812,-5.4156],[-62.0103,-5.3214],[-61.9421,-5.2945],[-61.8609,-5.2155],[-61.7839,-5.1672],[-61.701,-5.0974],[-61.5247,-4.9402],[-61.4438,-4.8915],[-61.4192,-4.8546],[-61.3187,-4.7631],[-61.2936,-4.7119],[-60.9136,-5.1129],[-60.7258,-5.1132],[-60.6942,-5.0727],[-60.7031,-5.0422],[-60.2876,-5.0425],[-60.2583,-4.9982],[-60.2212,-4.9164],[-60.1721,-4.9019],[-60.1184,-4.924],[-60.0833,-4.923],[-59.976,-4.8749],[-59.9454,-4.8681],[-59.6708,-5.2823],[-59.696,-5.319],[-59.6993,-5.3546],[-59.7229,-5.3945],[-59.7278,-5.4485],[-59.7021,-5.4998],[-59.6802,-5.5032],[-59.6012,-5.4791],[-59.547,-5.5183],[-59.5443,-5.5558],[-59.5743,-5.6242],[-59.5917,-5.6366],[-59.6151,-5.6916],[-59.6058,-5.7764],[-59.5549,-5.821],[-59.5234,-5.8929],[-59.4991,-5.9274],[-59.4619,-5.9444],[-59.4522,-5.9945],[-59.4094,-6.0087],[-59.4119,-6.0492],[-59.3928,-6.0628],[-59.3672,-6.1092],[-59.359,-6.1674],[-59.3301,-6.2029],[-59.3306,-6.2283],[-59.3806,-6.3019],[-59.3497,-6.3176],[-59.3558,-6.3411],[-59.3277,-6.3727],[-59.3097,-6.444],[-59.3154,-6.461],[-59.6098,-6.4605],[-59.6315,-6.4769],[-59.6609,-6.4643],[-59.749,-6.4483],[-59.7668,-6.4701],[-59.7971,-6.459],[-59.8176,-6.4301],[-59.8452,-6.4782],[-59.8559,-6.5241],[-59.8983,-6.5277],[-59.9335,-6.5556],[-59.9288,-6.5713],[-59.9563,-6.6217],[-59.9298,-6.6378],[-59.9216,-6.687],[-59.9326,-6.7272],[-59.9057,-6.7467],[-59.9027,-6.7946],[-59.8727,-6.8121],[-59.5004,-6.6279],[-59.2942,-6.5206],[-59.0792,-6.389],[-58.8553,-6.3815],[-58.8684,-6.3529],[-58.9066,-6.3229],[-58.9194,-6.2846],[-58.9108,-6.2544],[-58.8426,-6.1974],[-58.831,-6.1327],[-58.8021,-6.0754],[-58.8117,-6.0352],[-58.8313,-6.0137],[-58.824,-5.947],[-58.8129,-5.9204],[-58.8258,-5.8825],[-58.8147,-5.8364],[-58.8303,-5.8163],[-58.8145,-5.7915],[-58.8119,-5.7366],[-58.8461,-5.6727],[-58.8329,-5.6564],[-58.8244,-5.5851],[-58.8497,-5.558],[-58.8547,-5.5251],[-58.828,-5.4687],[-58.8377,-5.4516],[-58.8105,-5.3833],[-58.8112,-5.3419],[-58.7378,-5.3308],[-58.7371,-5.2925],[-58.6865,-5.2313],[-58.6544,-5.2307],[-58.6338,-5.1821],[-58.5848,-5.1785],[-58.58,-5.1333],[-58.4765,-5.107],[-58.4797,-5.0861],[-58.4504,-5.0395],[-58.4081,-5.0133],[-58.4034,-4.967],[-58.3843,-4.9321],[-58.3418,-4.8918],[-58.3653,-4.8548],[-58.3259,-4.8397],[-58.3059,-4.8006],[-58.3007,-4.7496],[-58.2742,-4.7265],[-58.2711,-4.6555],[-58.2306,-4.6024],[-58.2336,-4.5509],[-58.2028,-4.5481],[-58.2148,-4.5143],[-58.1837,-4.4565],[-58.127,-4.4308],[-58.1196,-4.3708],[-58.1554,-4.2401],[-58.1836,-4.2176],[-58.2194,-4.2317],[-58.2536,-4.2261],[-58.2815,-4.1615],[-58.3211,-4.142],[-58.3084,-4.1178],[-58.3831,-4.0129],[-58.4348,-3.9893],[-58.4647,-3.9247],[-58.407,-3.8948],[-58.3467,-3.8866],[-58.2863,-3.8128],[-58.3092,-3.7435],[-58.2987,-3.6997],[-58.2541,-3.6873],[-58.2169,-3.6973],[-58.2011,-3.6666],[-58.2283,-3.6513],[-58.2407,-3.6111],[-58.3496,-3.5828],[-58.3747,-3.6499],[-58.399,-3.6759],[-58.4267,-3.7279],[-58.4561,-3.7059],[-58.4689,-3.7341],[-58.51,-3.7533],[-58.5178,-3.7126],[-58.5528,-3.6859],[-58.5835,-3.6455],[-58.6223,-3.6239],[-58.647,-3.6292],[-58.655,-3.6572],[-58.7005,-3.6456],[-58.7043,-3.6158],[-58.7509,-3.5911],[-58.7893,-3.6142],[-58.8744,-3.6041],[-58.8997,-3.6181],[-58.9172,-3.5476],[-58.8914,-3.4978],[-58.8329,-3.4486],[-58.8004,-3.4448],[-58.7844,-3.3796],[-58.8257,-3.4011],[-58.8499,-3.4007],[-58.9064,-3.3588],[-58.9407,-3.2952],[-58.9754,-3.2575],[-59.0104,-3.2441],[-59.1221,-3.2831],[-59.152,-3.2799],[-59.2342,-3.2396],[-59.3837,-3.181],[-59.3586,-3.153],[-59.3519,-3.1456],[-59.2418,-3.1621],[-59.207,-3.1797],[-59.1953,-3.1569],[-59.2621,-3.129],[-59.3045,-3.1319],[-59.3739,-3.0716],[-59.4313,-3.0485],[-59.4553,-3.0297],[-59.5003,-2.9719],[-59.4306,-2.9272],[-59.4094,-2.8886],[-59.3783,-2.8673],[-59.3561,-2.8229],[-59.3073,-2.7622],[-59.2682,-2.7385],[-59.2288,-2.6975],[-59.2282,-2.6494],[-59.1924,-2.6066],[-59.2009,-2.5643],[-59.1559,-2.5175],[-59.1969,-2.471],[-59.2768,-2.4801],[-59.272,-2.4476],[-59.173,-2.3858],[-59.1333,-2.3413],[-59.1096,-2.2974],[-59.0824,-2.276],[-59.1294,-2.2237],[-59.1442,-2.2497],[-59.1787,-2.2102],[-59.1796,-2.1851],[-59.1438,-2.1719],[-59.1284,-2.1007],[-59.1128,-2.0773],[-59.1241,-2.0073],[-59.1623,-1.9855],[-59.1613,-1.9602],[-59.2018,-1.9404],[-59.2038,-1.918],[-59.2517,-1.8332],[-59.2267,-1.8265],[-59.196,-1.7108],[-59.1403,-1.6431],[-59.1276,-1.6075],[-59.1565,-1.5453],[-59.1514,-1.5159],[-59.1866,-1.473],[-59.1914,-1.4464],[-59.2705,-1.4312],[-59.2962,-1.4541],[-59.3054,-1.4839],[-59.3598,-1.459],[-59.4378,-1.4348],[-59.4863,-1.454],[-59.5194,-1.4329],[-59.5041,-1.3894],[-59.4681,-1.3355],[-59.4425,-1.3193],[-59.4404,-1.2853],[-59.3734,-1.2367],[-59.3797,-1.1477],[-59.3806,-1.1067],[-59.6056,-1.1095],[-59.6311,-1.0811],[-59.6696,-1.0661],[-59.7012,-1.1048],[-59.7175,-1.0799],[-59.7866,-1.0453],[-59.8426,-0.9682],[-59.8562,-0.9116],[-59.8941,-0.8958],[-59.9308,-0.8517],[-59.9763,-0.8332],[-60.0118,-0.7913],[-60.0302,-0.7284],[-60.0543,-0.676],[-60.0224,-0.6172],[-60.0384,-0.5965],[-60.0009,-0.5696],[-59.9676,-0.5689],[-59.9541,-0.5156],[-59.8929,-0.4554],[-59.8702,-0.4693],[-59.8313,-0.4113],[-59.8532,-0.3921],[-59.8387,-0.2676],[-59.8105,-0.23],[-59.8476,-0.1818],[-59.9134,-0.1501],[-59.9194,-0.126],[-59.8804,-0.0961],[-59.8645,-0.0466],[-59.9169,0.0335],[-59.9427,0.0158],[-59.9359,-0.0392],[-59.9765,-0.0626],[-60.0235,-0.0431],[-60.0825,-0.0481],[-60.1226,-0.0797],[-60.18,-0.0855],[-60.2276,-0.1217],[-60.223,-0.1389],[-60.2688,-0.1765],[-60.2913,-0.2127],[-60.305,-0.2603],[-60.3064,-0.3175],[-60.3268,-0.3809],[-60.3489,-0.411],[-60.3465,-0.4379],[-60.3845,-0.4622],[-60.4001,-0.5175],[-60.3798,-0.5889],[-60.3603,-0.5984],[-60.3054,-0.6665],[-60.3033,-0.688],[-60.3467,-0.7396],[-60.3714,-0.7318],[-60.425,-0.7706],[-60.4749,-0.7616],[-60.4978,-0.7807],[-60.5029,-0.8407],[-60.5362,-0.8695],[-60.588,-0.8433],[-60.6635,-0.8812],[-60.6843,-0.8655],[-60.762,-0.8486],[-60.7632,-0.8126],[-60.787,-0.7844],[-60.7724,-0.7544],[-60.8062,-0.7401],[-60.8152,-0.6903],[-60.8552,-0.6863],[-60.8577,-0.6555],[-60.8915,-0.6453],[-60.9277,-0.6055],[-60.9336,-0.5479],[-60.9837,-0.5617],[-61.0569,-0.5439],[-61.079,-0.5061],[-61.1616,-0.5017],[-61.1689,-0.5163],[-61.2231,-0.4999],[-61.234,-0.5619],[-61.3595,-0.5969],[-61.4287,-0.6495],[-61.4581,-0.6547],[-61.4846,-0.7169],[-61.5356,-0.7544],[-61.5567,-0.8649],[-61.5523,-0.8894],[-61.5765,-0.9111],[-61.5808,-0.978],[-61.551,-0.9832],[-61.5429,-1.0622],[-61.5728,-1.0758],[-61.5661,-1.1291],[-61.6083,-1.2524],[-61.6269,-1.294],[-61.5822,-1.3534],[-61.6191,-1.3948],[-61.548,-1.4295],[-61.5236,-1.4906],[-61.4733,-1.5278],[-61.4747,-1.579],[-61.5447,-1.5256],[-61.5597,-1.4951],[-61.605,-1.4481],[-61.718,-1.4098],[-61.7408,-1.392],[-61.798,-1.3806],[-61.8399,-1.4011],[-61.8966,-1.3954],[-61.9069,-1.3562],[-61.95,-1.297],[-61.9669,-1.2429],[-62.0175,-1.1417],[-62.0622,-1.0998],[-62.0997,-1.0967],[-62.1719,-1.0059],[-62.2,-1.0004],[-62.2275,-0.9734],[-62.2591,-0.9759],[-62.2722,-0.952],[-62.3127,-0.9304],[-62.365,-0.8773],[-62.3761,-0.8365],[-62.4333,-0.804],[-62.5011,-0.7815],[-62.495,-0.7506],[-62.5083,-0.7142],[-62.4866,-0.6815],[-62.4452,-0.686],[-62.3754,-0.7083],[-62.3516,-0.6734],[-62.308,-0.6577],[-62.2867,-0.6324],[-62.2906,-0.5985],[-62.3123,-0.5759],[-62.3072,-0.5081],[-62.2853,-0.493],[-62.2804,-0.4507],[-62.2328,-0.4245],[-62.1967,-0.3629],[-62.1886,-0.3223],[-62.2401,-0.3015],[-62.2534,-0.27],[-62.2416,-0.1705],[-62.2778,-0.1498],[-62.3198,-0.0963],[-62.3259,-0.0029],[-62.3697,0.0578],[-62.4093,0.0751],[-62.4281,0.1281],[-62.4241,0.1533],[-62.4527,0.2074],[-62.4666,0.268],[-62.4669,0.333],[-62.4464,0.3791],[-62.4586,0.4177],[-62.4852,0.4541],[-62.5187,0.4437],[-62.533,0.5088],[-62.5188,0.5938],[-62.5383,0.6752],[-62.5333,0.7013],[-62.5005,0.7479],[-62.463,0.7769],[-62.4661,0.8291],[-62.4847,0.876],[-62.4672,0.9238],[-62.4427,0.9585],[-62.4747,1.0163],[-62.4716,1.0863],[-62.5211,1.0838],[-62.5452,1.1208],[-62.5591,1.1877],[-62.6205,1.3627],[-62.6203,1.4038],[-62.64,1.4382],[-62.6769,1.4546],[-62.7308,1.4996],[-62.7363,1.5296],[-62.8053,1.5913],[-62.793,1.6353],[-62.7286,1.7],[-62.7224,1.7225],[-62.7311,1.8182],[-62.7042,1.8739],[-62.7033,1.9338],[-62.7296,1.9605],[-62.8132,1.9917],[-62.8386,2.0164],[-62.9485,2.031],[-63.0238,2.0147],[-63.0773,2.0461],[-63.1198,2.0965],[-63.1463,2.1733],[-63.1941,2.1812],[-63.2764,2.1544],[-63.3108,2.165],[-63.3721,2.2119],[-63.3977,2.1469],[-63.4441,2.1252],[-63.4666,2.141],[-63.4925,2.1155],[-63.5619,2.1324],[-63.6175,2.1066],[-63.645,2.0649],[-63.6622,2.0655],[-63.668,2.0169],[-63.7033,2.0463],[-63.785,1.9815],[-63.8239,1.991],[-63.8297,1.9682],[-63.9066,1.9915],[-63.9227,1.9829],[-63.9755,1.9913],[-64.0191,1.9513],[-64.0619,1.9307],[-64.0561,1.841],[-64.0625,1.7896],[-64.078,1.759],[-64.0614,1.7016],[-64.0652,1.676],[-64.1122,1.5893],[-64.1441,1.5824],[-64.1939,1.5427],[-64.2155,1.5085],[-64.2402,1.5113],[-64.3022,1.4683],[-64.3261,1.436],[-64.3427,1.3843],[-64.4,1.3949],[-64.3914,1.4296],[-64.3572,1.4838],[-64.3514,1.5183],[-64.3975,1.5268],[-64.4386,1.4718],[-64.4536,1.4802],[-64.5005,1.4427],[-64.5314,1.4352],[-64.5827,1.3755],[-64.5908,1.3374],[-64.635,1.3202],[-64.6602,1.2913],[-64.7019,1.2913],[-64.7225,1.2385],[-64.7639,1.2308],[-64.7936,1.2694],[-64.823,1.2785],[-64.8616,1.2693],[-64.8689,1.241],[-64.9066,1.2416],[-64.9264,1.2147],[-64.9697,1.2172],[-64.9608,1.1897],[-65.0222,1.1149],[-65.1031,1.1567],[-65.1515,1.1165],[-65.154,1.0564],[-65.1473,1.0093],[-65.165,0.9505],[-65.2408,0.921],[-65.3028,0.9422],[-65.3291,0.9316],[-65.3519,0.873],[-65.3736,0.8646],[-65.398,0.8213],[-65.3975,0.7499],[-65.4236,0.708],[-65.4528,0.6854],[-65.5305,0.668],[-65.5641,0.6757],[-65.5914,0.7216],[-65.5736,0.7644],[-65.5486,0.7746],[-65.5036,0.8524],[-65.5084,0.9155],[-65.5364,0.9481],[-65.5419,0.9755],[-65.5722,0.985],[-65.5856,1.0089],[-65.6528,1.0118],[-65.6866,0.9908],[-65.7394,0.9996],[-65.7672,0.9641],[-65.8623,0.9309],[-65.8816,0.9016],[-65.9366,0.8821],[-65.9714,0.806],[-66.0173,0.8],[-66.0701,0.8051],[-66.0885,0.7591],[-66.1511,0.7445],[-66.213,0.7806],[-66.3185,0.7551],[-66.3165,0.7361],[-66.3185,0.755],[-66.5993,0.9997],[-66.8569,1.2302],[-67.0882,1.1669],[-67.0888,1.325],[-67.0723,1.4426],[-67.0787,1.4998],[-67.0815,1.6382],[-67.0995,1.6817],[-67.0974,1.7326],[-67.1241,1.7989],[-67.1571,1.8488],[-67.1743,1.857],[-67.2439,1.8582],[-67.2781,1.8757],[-67.3002,1.9267],[-67.3261,2.0297],[-67.3369,2.0981],[-67.3435,2.2055],[-67.3893,2.244],[-67.431,2.2416],[-67.4482,2.2081],[-67.5219,2.1703],[-67.5509,2.1417],[-67.558,2.1061],[-67.5864,2.0855],[-67.6198,2.0237],[-67.6706,2.02],[-67.7499,2.0401],[-67.7794,2.0311],[-67.8182,1.9668],[-67.8826,1.9028],[-67.913,1.8978],[-67.9069,1.8661],[-67.9413,1.8307],[-67.9736,1.8328],[-68.0434,1.8997],[-68.0875,1.9013],[-68.1031,1.9363],[-68.1407,1.9848],[-68.1829,1.9788],[-68.2433,1.9267],[-68.2669,1.8273],[-68.2366,1.7725],[-68.2026,1.7863],[-68.1695,1.7707],[-68.1568,1.7316],[-68.6973,1.732],[-69.1786,1.7334],[-69.3913,1.7296],[-69.4167,1.7416],[-69.4729,1.7457],[-69.5344,1.777],[-69.584,1.7601],[-69.6041,1.7397],[-69.6445,1.7296],[-69.7452,1.7297],[-69.778,1.7023],[-69.8088,1.6948],[-69.8458,1.7077],[-69.8466,1.0779],[-69.8108,1.0633],[-69.773,1.1028],[-69.7026,1.1183],[-69.7055,1.0802],[-69.5977,1.0946],[-69.5749,1.0742],[-69.5244,1.071],[-69.4869,1.0794],[-69.4401,1.0745],[-69.4151,1.0426],[-69.3721,1.0804],[-69.3219,1.0884],[-69.2889,1.0543],[-69.2606,1.0538],[-69.1981,0.9975],[-69.2037,0.9624],[-69.1924,0.924],[-69.1359,0.8696],[-69.1628,0.8496],[-69.1679,0.8214],[-69.1474,0.7696],[-69.1876,0.7469],[-69.1804,0.7156],[-69.1536,0.7084],[-69.1157,0.644],[-69.1838,0.6542],[-69.2124,0.6101],[-69.2722,0.6015],[-69.2963,0.6493],[-69.3498,0.6141],[-69.4046,0.6649],[-69.433,0.7123],[-69.481,0.735],[-69.5976,0.6543],[-69.6329,0.6353],[-69.6449,0.6592],[-69.687,0.6632],[-69.8041,0.5719],[-69.8235,0.5911],[-69.8844,0.5767],[-69.9084,0.5845],[-69.9357,0.5529],[-69.9787,0.578],[-69.9954,0.5508],[-70.0465,0.5621],[-70.0464,0.0683],[-69.9983,0.0594],[-69.9845,-0.0057],[-69.9519,-0.0206],[-69.9419,-0.0854],[-69.9063,-0.1084],[-69.8835,-0.1434],[-69.8481,-0.1232],[-69.8126,-0.1184],[-69.798,-0.0813],[-69.7577,-0.0986],[-69.7564,-0.1484],[-69.7345,-0.1678],[-69.6769,-0.1676],[-69.6042,-0.2209],[-69.6039,-0.3105],[-69.5751,-0.3343],[-69.5432,-0.3382],[-69.4877,-0.3715],[-69.4858,-0.401],[-69.4089,-0.4069],[-69.3744,-0.4387],[-69.354,-0.4772],[-69.3094,-0.4895],[-69.2699,-0.5214],[-69.219,-0.5115],[-69.1586,-0.5385],[-69.1175,-0.534],[-69.0635,-0.4997],[-69.0326,-0.5031],[-69.0141,-0.485],[-68.962,-0.4775],[-68.9201,-0.4846],[-68.7802,-0.5499],[-68.6974,-0.5711],[-68.6681,-0.619],[-68.6231,-0.6688],[-68.6208,-0.6981],[-68.5954,-0.7241],[-68.5039,-0.7573],[-68.4258,-0.7571],[-68.4046,-0.735],[-68.3576,-0.7291],[-68.2874,-0.6798],[-68.229,-0.6677],[-68.1651,-0.6711],[-68.1611,-0.9991],[-68.1607,-1.4834],[-68.1272,-1.4997],[-68.0889,-1.4988],[-68.0353,-1.4746],[-67.9626,-1.4903],[-67.9046,-1.5174],[-67.8317,-1.4819],[-67.8005,-1.4867],[-67.7448,-1.522],[-67.7114,-1.5279],[-67.6495,-1.5121],[-67.6167,-1.5666],[-67.6086,-1.6122],[-67.5267,-1.6509],[-67.4389,-1.6407],[-67.3939,-1.6653],[-67.3439,-1.6184],[-67.2863,-1.6096],[-67.2543,-1.62],[-67.2148,-1.6089],[-67.1515,-1.6043],[-67.1101,-1.5821],[-67.0498,-1.5817],[-67.0062,-1.5946],[-66.9732,-1.5909],[-66.9186,-1.6102],[-66.7753,-1.6017],[-66.738,-1.6241],[-66.7052,-1.6239],[-66.6575,-1.6014],[-66.6302,-1.5713],[-66.4784,-1.5063],[-66.4532,-1.4787],[-66.387,-1.4694],[-66.3638,-1.485],[-66.3721,-1.5333],[-66.3457,-1.5633],[-66.3168,-1.5692],[-66.2881,-1.5485],[-66.2415,-1.492],[-66.1928,-1.4724],[-66.1485,-1.4418],[-66.0975,-1.4231],[-66.0016,-1.4137],[-65.9422,-1.4125],[-65.8939,-1.4325],[-65.8605,-1.4716],[-65.8178,-1.4732],[-65.7591,-1.5031],[-65.6866,-1.502],[-65.6623,-1.5158],[-65.6395,-1.5567],[-65.648,-1.6056],[-65.641,-1.6362],[-65.6049,-1.6629],[-65.5598,-1.6601],[-65.525,-1.6976],[-65.5259,-1.7672],[-65.496,-1.7984],[-65.4668,-1.744],[-65.4205,-1.7355],[-65.391,-1.7544],[-65.3111,-1.7785],[-65.2909,-1.7858],[-65.2291,-1.7759],[-65.1935,-1.7982],[-65.1797,-1.8328],[-65.1831,-1.9371],[-65.1714,-1.9597],[-65.1364,-1.9747],[-65.0849,-1.9618],[-65.0581,-1.9697],[-65.0202,-1.9132],[-64.9736,-1.8871],[-64.9343,-1.8997],[-64.9496,-2.0003],[-64.9249,-2.0448],[-64.9307,-2.1101],[-64.8867,-2.1002],[-64.867,-2.0804],[-64.8029,-2.0733],[-64.7869,-2.0468],[-64.7044,-2.0196],[-64.688,-2.0577],[-64.7119,-2.1425],[-64.6659,-2.1947],[-64.6633,-2.2142],[-64.5335,-2.2453],[-64.5118,-2.2355],[-64.4965,-2.1806],[-64.4076,-2.2079],[-64.3672,-2.2651],[-64.4172,-2.2844],[-64.4503,-2.2837],[-64.4481,-2.324],[-64.5164,-2.3113],[-64.5293,-2.3368],[-64.4919,-2.4301],[-64.4903,-2.4603],[-64.4613,-2.4708],[-64.465,-2.5224],[-64.4347,-2.5521],[-64.42,-2.6077],[-64.4254,-2.6392],[-64.3591,-2.6506],[-64.3377,-2.6927],[-64.3575,-2.7204],[-64.4043,-2.715],[-64.4279,-2.7344],[-64.5022,-2.7382],[-64.4968,-2.7934],[-64.4483,-2.8634],[-64.4474,-2.9291],[-64.4359,-2.9479],[-64.379,-2.9871],[-64.3621,-3.0121],[-64.3305,-3.0269],[-64.3212,-3.0962],[-64.2693,-3.1078],[-64.2914,-3.1518],[-64.2547,-3.1703],[-64.2374,-3.2034],[-64.1941,-3.2514],[-64.1685,-3.247],[-64.0874,-3.3303],[-64.0835,-3.3569],[-64.1285,-3.3647],[-64.1518,-3.4211],[-64.1378,-3.4486],[-64.1582,-3.4774],[-64.1584,-3.5112],[-64.1089,-3.5389],[-64.0626,-3.5436],[-64.0202,-3.6229],[-63.9864,-3.6028],[-63.9196,-3.6565],[-63.9265,-3.7369],[-63.8816,-3.792],[-63.8446,-3.7986],[-63.8276,-3.7797],[-63.786,-3.7995],[-63.867,-3.8112],[-63.9421,-3.8129],[-63.9777,-3.7645],[-63.9878,-3.7068],[-64.0716,-3.7043],[-64.0765,-3.7674],[-64.111,-3.7598],[-64.1599,-3.8116],[-64.1666,-3.8655],[-64.237,-3.8936],[-64.2509,-3.8879],[-64.2885,-3.9464],[-64.3527,-3.976],[-64.3803,-3.9667],[-64.4392,-3.9876],[-64.5259,-3.9594],[-64.5648,-3.9901],[-64.5671,-4.0332],[-64.6113,-4.0652],[-64.66,-4.1284],[-64.6961,-4.1167],[-64.718,-4.1426],[-64.7315,-4.1959],[-64.777,-4.2067],[-64.8146,-4.2671],[-64.864,-4.2893],[-64.8903,-4.2829],[-64.9455,-4.2981],[-64.9794,-4.2835],[-65.0033,-4.3104],[-65.018,-4.4136],[-65.0475,-4.4442],[-65.0921,-4.4551],[-65.1232,-4.5169],[-65.2575,-4.6202],[-65.3189,-4.6228],[-65.364,-4.61],[-65.3818,-4.6537],[-65.4466,-4.6803],[-65.463,-4.7622],[-65.5164,-4.8158],[-65.542,-4.8551],[-65.5747,-4.8844],[-65.571,-4.9442],[-65.623,-5.0238],[-65.6863,-5.0448],[-65.6978,-5.1054],[-65.6599,-5.1067],[-65.6501,-5.135],[-65.7003,-5.1893],[-65.6785,-5.2612],[-65.6908,-5.3108],[-65.7274,-5.2858],[-65.7702,-5.3066],[-65.8039,-5.2993],[-65.8532,-5.3237],[-65.889,-5.3778],[-65.9006,-5.437],[-65.8757,-5.4482],[-65.8448,-5.4923],[-65.7855,-5.4917],[-65.7531,-5.4515],[-65.73,-5.4459],[-65.7102,-5.5141],[-65.6892,-5.5467],[-65.6653,-5.5529],[-65.626,-5.5225],[-65.6097,-5.5272],[-65.6005,-5.573],[-65.5693,-5.6134],[-65.5295,-5.6425],[-65.4527,-5.6739],[-65.3986,-5.6449],[-65.3566,-5.6459],[-65.3237,-5.6868],[-65.2584,-5.7074],[-65.241,-5.7405],[-65.1968,-5.7346],[-65.1465,-5.6965],[-65.1172,-5.7041],[-65.0693,-5.7522],[-64.9614,-5.7454],[-64.9069,-5.7593],[-64.8558,-5.7844],[-64.8129,-5.787],[-64.7638,-5.8048],[-64.7233,-5.8026],[-64.6702,-5.7686],[-64.6038,-5.6984],[-64.5424,-5.684],[-64.5244,-5.6998],[-64.4767,-5.6703],[-64.4739,-5.6346],[-64.4433,-5.5633],[-64.4054,-5.5492],[-64.2987,-5.4806],[-64.2324,-5.4739],[-64.1643,-5.4258],[-64.1112,-5.4233],[-64.0862,-5.374],[-64.0491,-5.3255],[-64.0257,-5.2672],[-63.945,-5.2361],[-63.9268,-5.2102],[-63.883,-5.1938],[-63.8252,-5.1524],[-63.7132,-5.1111],[-63.6924,-5.1127],[-63.6371,-5.1432],[-63.6035,-5.1364],[-63.5541,-5.1561],[-63.4415,-5.1509],[-63.3721,-5.1218],[-63.342,-5.0542],[-63.3409,-5.0006],[-63.2782,-4.9266],[-63.2484,-4.9066],[-63.2212,-4.8163],[-63.1779,-4.7682],[-63.1293,-4.7606],[-63.0938,-4.7345],[-63.0519,-4.7243],[-63.0311,-4.7052],[-62.9902,-4.7441],[-62.9999,-4.7919]]]},"properties":{"ibge_code":"1301","name":"Manaus","codarea":"1301","uf":"AM","uf_code":"13","macro_id":"1","macro_sigla":"N"}},{"type":"Feature","geometry":{"type":"Polygon","coordinates":[[[-59.8727,-6.8121],[-59.9027,-6.7946],[-59.9057,-6.7467],[-59.9326,-6.7272],[-59.9216,-6.687],[-59.9298,-6.6378],[-59.9563,-6.6217],[-59.9288,-6.5713],[-59.9335,-6.5556],[-59.8983,-6.5277],[-59.8559,-6.5241],[-59.8452,-6.4782],[-59.8176,-6.4301],[-59.7971,-6.459],[-59.7668,-6.4701],[-59.749,-6.4483],[-59.6609,-6.4643],[-59.6315,-6.4769],[-59.6098,-6.4605],[-59.3154,-6.461],[-59.3097,-6.444],[-59.3277,-6.3727],[-59.3558,-6.3411],[-59.3497,-6.3176],[-59.3806,-6.3019],[-59.3306,-6.2283],[-59.3301,-6.2029],[-59.359,-6.1674],[-59.3672,-6.1092],[-59.3928,-6.0628],[-59.4119,-6.0492],[-59.4094,-6.0087],[-59.4522,-5.9945],[-59.4619,-5.9444],[-59.4991,-5.9274],[-59.5234,-5.8929],[-59.5549,-5.821],[-59.6058,-5.7764],[-59.6151,-5.6916],[-59.5917,-5.6366],[-59.5743,-5.6242],[-59.5443,-5.5558],[-59.547,-5.5183],[-59.6012,-5.4791],[-59.6802,-5.5032],[-59.7021,-5.4998],[-59.7278,-5.4485],[-59.7229,-5.3945],[-59.6993,-5.3546],[-59.696,-5.319],[-59.6708,-5.2823],[-59.9454,-4.8681],[-59.976,-4.8749],[-60.0833,-4.923],[-60.1184,-4.924],[-60.1721,-4.9019],[-60.2212,-4.9164],[-60.2583,-4.9982],[-60.2876,-5.0425],[-60.7031,-5.0422],[-60.6942,-5.0727],[-60.7258,-5.1132],[-60.9136,-5.1129],[-61.2936,-4.7119],[-61.3187,-4.7631],[-61.4192,-4.8546],[-61.4438,-4.8915],[-61.5247,-4.9402],[-61.701,-5.0974],[-61.7839,-5.1672],[-61.8609,-5.2155],[-61.9421,-5.2945],[-62.0103,-5.3214],[-62.0812,-5.4156],[-62.1028,-5.4599],[-62.3569,-5.2139],[-62.5772,-5.0007],[-62.6501,-4.9005],[-62.6791,-4.9165],[-62.6937,-4.9624],[-62.7332,-4.9688],[-62.7366,-4.9444],[-62.6969,-4.9093],[-62.7062,-4.8508],[-62.7268,-4.8358],[-62.7697,-4.8406],[-62.8044,-4.7978],[-62.8255,-4.7917],[-62.8875,-4.802],[-62.9267,-4.7892],[-62.9439,-4.821],[-62.9999,-4.7919],[-62.9902,-4.7441],[-63.0311,-4.7052],[-63.0519,-4.7243],[-63.0938,-4.7345],[-63.1293,-4.7606],[-63.1779,-4.7682],[-63.2212,-4.8163],[-63.2484,-4.9066],[-63.2782,-4.9266],[-63.3409,-5.0006],[-63.342,-5.0542],[-63.3721,-5.1218],[-63.4415,-5.1509],[-63.5541,-5.1561],[-63.6035,-5.1364],[-63.6371,-5.1432],[-63.6924,-5.1127],[-63.7132,-5.1111],[-63.8252,-5.1524],[-63.883,-5.1938],[-63.9268,-5.2102],[-63.945,-5.2361],[-64.0257,-5.2672],[-64.0491,-5.3255],[-64.0862,-5.374],[-64.1112,-5.4233],[-64.1643,-5.4258],[-64.2324,-5.4739],[-64.2987,-5.4806],[-64.4054,-5.5492],[-64.4433,-5.5633],[-64.4739,-5.6346],[-64.4767,-5.6703],[-64.5244,-5.6998],[-64.5424,-5.684],[-64.6038,-5.6984],[-64.6702,-5.7686],[-64.7233,-5.8026],[-64.7638,-5.8048],[-64.8129,-5.787],[-64.8558,-5.7844],[-64.9069,-5.7593],[-64.9614,-5.7454],[-65.0693,-5.7522],[-65.1172,-5.7041],[-65.1465,-5.6965],[-65.1968,-5.7346],[-65.241,-5.7405],[-65.2584,-5.7074],[-65.3237,-5.6868],[-65.3566,-5.6459],[-65.3986,-5.6449],[-65.4527,-5.6739],[-65.5295,-5.6425],[-65.5693,-5.6134],[-65.6005,-5.573],[-65.6097,-5.5272],[-65.626,-5.5225],[-65.6653,-5.5529],[-65.6892,-5.5467],[-65.7102,-5.5141],[-65.73,-5.4459],[-65.7531,-5.4515],[-65.7855,-5.4917],[-65.8448,-5.4923],[-65.8757,-5.4482],[-65.9006,-5.437],[-65.9649,-5.3984],[-65.9979,-5.417],[-66.0748,-5.4185],[-66.0845,-5.3791],[-66.2686,-5.3566],[-66.3522,-5.382],[-66.389,-5.4142],[-66.4285,-5.4321],[-66.4949,-5.4335],[-66.5178,-5.4448],[-66.5648,-5.3936],[-66.584,-5.4669],[-66.6305,-5.4872],[-66.6853,-5.5594],[-66.715,-5.5458],[-66.7857,-5.5472],[-66.8098,-5.5306],[-66.8576,-5.52],[-66.9032,-5.4969],[-66.9034,-5.4525],[-66.9582,-5.4199],[-66.9766,-5.4444],[-66.9913,-5.4995],[-67.0218,-5.4993],[-67.0391,-5.5223],[-67.111,-5.5738],[-67.1212,-5.6256],[-67.158,-5.6215],[-67.1975,-5.6474],[-67.2029,-5.6943],[-67.18,-5.7165],[-67.2234,-5.7505],[-67.2653,-5.8188],[-67.3004,-5.8483],[-67.3096,-5.8063],[-67.3324,-5.7981],[-67.3888,-5.8247],[-67.358,-5.8778],[-67.366,-5.901],[-67.4253,-5.9204],[-67.4479,-5.8908],[-67.5006,-5.8923],[-67.545,-5.9126],[-67.5883,-5.9911],[-67.6296,-5.9513],[-67.6595,-5.9354],[-67.6993,-5.9453],[-67.7028,-5.9977],[-67.6692,-6.0436],[-67.6784,-6.1415],[-67.645,-6.1782],[-67.6216,-6.2395],[-67.6665,-6.2545],[-67.6969,-6.3012],[-67.7007,-6.3299],[-67.7336,-6.3521],[-67.7543,-6.3832],[-67.7811,-6.4564],[-67.7745,-6.4715],[-67.7972,-6.5197],[-67.7414,-6.5094],[-67.7104,-6.5485],[-67.6405,-6.5692],[-67.5321,-6.5363],[-67.5093,-6.5426],[-67.4534,-6.5023],[-67.432,-6.519],[-67.3733,-6.4926],[-67.3505,-6.4514],[-67.3118,-6.4245],[-67.2588,-6.4188],[-67.23,-6.3566],[-67.2082,-6.333],[-67.1471,-6.3424],[-67.0916,-6.3327],[-67.0447,-6.3872],[-66.9869,-6.3766],[-66.863,-6.4095],[-66.8242,-6.4389],[-66.8104,-6.4689],[-66.7794,-6.4966],[-66.6709,-6.5193],[-66.6203,-6.5521],[-66.5351,-6.5654],[-66.5239,-6.5777],[-66.4788,-6.5683],[-66.4463,-6.6064],[-66.4286,-6.6061],[-66.3895,-6.6418],[-66.4069,-6.664],[-66.4246,-6.7172],[-66.448,-6.7292],[-66.5383,-6.7418],[-66.5717,-6.7302],[-66.6242,-6.7584],[-66.7409,-6.8018],[-66.7755,-6.7911],[-66.8185,-6.8026],[-66.8911,-6.8003],[-66.9777,-6.775],[-67.0213,-6.7456],[-67.0435,-6.7718],[-67.0973,-6.7927],[-67.1287,-6.7748],[-67.1596,-6.7855],[-67.1755,-6.8201],[-67.2565,-6.8384],[-67.3776,-6.813],[-67.379,-6.8532],[-67.4163,-6.8904],[-67.4132,-6.9535],[-67.4449,-7.0004],[-67.4907,-7.1713],[-67.5006,-7.2472],[-67.5032,-7.2923],[-67.5229,-7.3254],[-67.5651,-7.3493],[-67.5986,-7.402],[-67.6418,-7.3994],[-67.655,-7.3566],[-67.698,-7.3314],[-67.6918,-7.3093],[-67.7247,-7.2629],[-67.8394,-7.2523],[-67.8763,-7.2406],[-67.8822,-7.2096],[-67.9146,-7.155],[-68.0005,-7.1507],[-68.0415,-7.1172],[-68.0772,-7.1441],[-68.1148,-7.1465],[-68.1725,-7.1686],[-68.2023,-7.1422],[-68.2731,-7.1778],[-68.3196,-7.1589],[-68.3872,-7.1794],[-68.4571,-7.1575],[-68.4876,-7.1616],[-68.4767,-7.2204],[-68.4927,-7.2485],[-68.5342,-7.247],[-68.5429,-7.2238],[-68.5989,-7.1789],[-68.6055,-7.1421],[-68.6565,-7.1039],[-68.6886,-7.1022],[-68.7298,-7.1221],[-68.8066,-7.0995],[-68.8406,-7.1086],[-68.903,-7.1051],[-68.9963,-7.0581],[-69.0127,-7.0348],[-69.0525,-7.05],[-69.127,-7.0159],[-69.1326,-6.9615],[-69.1928,-6.9449],[-69.2363,-6.9929],[-69.2864,-7.0122],[-69.3611,-7.0126],[-69.3901,-7.0265],[-69.4139,-7.0746],[-69.4865,-7.1058],[-69.483,-7.1289],[-69.4544,-7.1462],[-69.4564,-7.1705],[-69.491,-7.2032],[-69.4744,-7.2522],[-69.4926,-7.2792],[-69.4889,-7.3378],[-69.5118,-7.3602],[-69.4911,-7.4049],[-69.5247,-7.4365],[-69.5088,-7.4589],[-69.5338,-7.4893],[-69.5657,-7.5573],[-69.5553,-7.5705],[-69.5874,-7.6272],[-69.5553,-7.6587],[-69.5698,-7.6866],[-69.5984,-7.6909],[-69.6252,-7.7524],[-69.682,-7.7934],[-69.7049,-7.7874],[-69.7307,-7.8203],[-69.7924,-7.8678],[-69.7849,-7.9085],[-69.8005,-7.9518],[-69.7873,-7.9984],[-69.8017,-8.0611],[-69.4443,-8.3665],[-69.213,-8.5644],[-68.9213,-8.8143],[-68.6472,-9.0494],[-68.2199,-9.2428],[-67.9768,-9.3527],[-67.5169,-9.5609],[-67.326,-9.5923],[-67.3255,-9.5925],[-67.135,-9.6759],[-66.8103,-9.818],[-66.7806,-9.7914],[-66.7754,-9.7531],[-66.7254,-9.7561],[-66.6849,-9.7146],[-66.6242,-9.6808],[-66.5863,-9.6736],[-66.5369,-9.6435],[-66.5006,-9.6336],[-66.4949,-9.6016],[-66.4389,-9.5544],[-66.3924,-9.5005],[-66.3748,-9.4264],[-66.2597,-9.411],[-66.2434,-9.4294],[-66.1736,-9.4344],[-66.1239,-9.4088],[-66.0597,-9.4182],[-66.0424,-9.4024],[-65.9703,-9.4132],[-65.9319,-9.4476],[-65.918,-9.4782],[-65.8809,-9.4875],[-65.8482,-9.5323],[-65.8251,-9.5301],[-65.8,-9.585],[-65.73,-9.5631],[-65.6961,-9.5077],[-65.681,-9.5004],[-65.6794,-9.4514],[-65.5881,-9.4138],[-65.5482,-9.426],[-65.5032,-9.47],[-65.4567,-9.4705],[-65.4321,-9.4586],[-65.4566,-9.4012],[-65.4402,-9.3117],[-65.3775,-9.3244],[-65.2467,-9.2577],[-65.2118,-9.279],[-65.209,-9.3096],[-65.1735,-9.3854],[-65.1855,-9.427],[-65.1429,-9.4468],[-65.0535,-9.4021],[-65.0005,-9.3046],[-64.9629,-9.2928],[-64.9197,-9.2203],[-64.9399,-9.1246],[-64.9157,-9.0746],[-64.8706,-9.0122],[-64.8078,-8.9856],[-64.778,-8.9945],[-64.7612,-9.0206],[-64.7137,-8.9939],[-64.6834,-8.9936],[-64.6111,-9.0165],[-64.5789,-8.9884],[-64.5501,-8.9783],[-64.4466,-8.9769],[-64.3234,-8.9289],[-64.3261,-8.9798],[-64.3113,-8.9965],[-64.2332,-8.9923],[-64.1418,-8.9451],[-64.1582,-8.8432],[-64.1295,-8.8052],[-64.1448,-8.7764],[-64.1431,-8.743],[-64.1246,-8.7167],[-64.0948,-8.7284],[-64.0355,-8.6936],[-64.0164,-8.6677],[-63.9862,-8.5856],[-63.946,-8.6095],[-63.9246,-8.5755],[-63.9732,-8.4784],[-63.9408,-8.4523],[-63.977,-8.4097],[-63.9454,-8.3878],[-63.9441,-8.3312],[-63.9108,-8.3285],[-63.8708,-8.2888],[-63.8253,-8.3062],[-63.7912,-8.3332],[-63.7735,-8.3207],[-63.7466,-8.2702],[-63.7228,-8.2495],[-63.7486,-8.2079],[-63.7415,-8.1901],[-63.6934,-8.1583],[-63.6624,-8.1012],[-63.667,-8.0816],[-63.6218,-8.0296],[-63.6212,-7.9765],[-63.1184,-7.9771],[-62.8666,-7.9759],[-62.8328,-7.9944],[-62.81,-8.0253],[-62.744,-8.0453],[-62.6923,-8.0929],[-62.673,-8.1453],[-62.6867,-8.1738],[-62.6599,-8.1996],[-62.655,-8.2291],[-62.6001,-8.2722],[-62.5854,-8.2719],[-62.5396,-8.3581],[-62.5185,-8.3847],[-62.4655,-8.3397],[-62.4246,-8.375],[-62.384,-8.3776],[-62.3608,-8.3985],[-62.3693,-8.4461],[-62.3661,-8.4936],[-62.3374,-8.5166],[-62.3258,-8.5637],[-62.3358,-8.6095],[-62.2943,-8.6054],[-62.2689,-8.5758],[-62.1837,-8.599],[-62.1747,-8.6282],[-62.2005,-8.6443],[-62.1651,-8.6794],[-62.1488,-8.7183],[-62.155,-8.7396],[-62.125,-8.8017],[-62.0311,-8.7997],[-61.9791,-8.8732],[-61.9381,-8.8814],[-61.903,-8.8629],[-61.8597,-8.853],[-61.861,-8.8036],[-61.8433,-8.7794],[-61.8412,-8.7394],[-61.7746,-8.7482],[-61.7489,-8.7238],[-61.7419,-8.6952],[-61.7133,-8.6879],[-61.6265,-8.7289],[-61.6296,-8.753],[-61.606,-8.7947],[-61.5831,-8.7987],[-61.3104,-8.7985],[-60.8352,-8.7981],[-60.4202,-8.7966],[-60.0005,-8.8009],[-59.4814,-8.8033],[-59.1274,-8.8033],[-58.9628,-8.8028],[-58.4419,-8.7987],[-58.388,-8.7748],[-58.3284,-8.7122],[-58.3759,-8.7037],[-58.412,-8.7206],[-58.4373,-8.7034],[-58.3895,-8.5948],[-58.4105,-8.5704],[-58.4051,-8.5376],[-58.4178,-8.4895],[-58.3902,-8.439],[-58.3546,-8.3928],[-58.3448,-8.3407],[-58.3149,-8.3231],[-58.3281,-8.2858],[-58.3129,-8.2091],[-58.3225,-8.17],[-58.2902,-8.1356],[-58.2931,-8.0709],[-58.3217,-8.025],[-58.3315,-7.9688],[-58.355,-7.944],[-58.3751,-7.899],[-58.3782,-7.8274],[-58.3004,-7.7775],[-58.276,-7.6997],[-58.2398,-7.6536],[-58.2022,-7.6209],[-58.2227,-7.524],[-58.2131,-7.4585],[-58.1734,-7.3944],[-58.1371,-7.3561],[-58.1474,-7.3432],[-58.5003,-7.3501],[-58.5404,-7.3425],[-58.574,-7.2876],[-58.5297,-7.2376],[-58.5639,-7.1989],[-58.5063,-7.1143],[-58.4967,-7.0521],[-58.5418,-7.0361],[-58.6016,-7.0373],[-58.6328,-7.008],[-58.6756,-6.9284],[-58.744,-6.8869],[-58.785,-6.8323],[-58.7941,-6.7767],[-58.8327,-6.7448],[-58.868,-6.6754],[-58.8645,-6.6282],[-58.8747,-6.5895],[-58.8669,-6.5435],[-58.8359,-6.4709],[-58.8371,-6.4227],[-58.8553,-6.3815],[-59.0792,-6.389],[-59.2942,-6.5206],[-59.5004,-6.6279],[-59.8727,-6.8121]]]},"properties":{"ibge_code":"1303","name":"Lábrea","codarea":"1303","uf":"AM","uf_code":"13","macro_id":"1","macro_sigla":"N"}},{"type":"Feature","geometry":{"type":"Polygon","coordinates":[[[-56.8101,-3.333],[-56.7679,-3.2429],[-56.6098,-2.8963],[-56.4263,-2.5016],[-56.4021,-2.4565],[-56.4645,-2.4316],[-56.4257,-2.3692],[-56.4128,-2.3217],[-56.3892,-2.2785],[-56.3642,-2.2593],[-56.3072,-2.2425],[-56.2038,-2.1831],[-56.1694,-2.1455],[-56.0976,-2.0371],[-56.0987,-2.0269],[-56.1867,-2.0428],[-56.2284,-2.0562],[-56.2562,-2.0883],[-56.2975,-2.1008],[-56.3168,-2.1401],[-56.3678,-2.1371],[-56.4139,-2.1759],[-56.4442,-2.1539],[-56.4779,-2.1704],[-56.5271,-2.1392],[-56.5856,-2.1765],[-56.6129,-2.2102],[-56.6791,-2.2126],[-56.7078,-2.1839],[-56.761,-2.1741],[-56.7694,-2.1407],[-56.7328,-2.0917],[-56.7214,-2.0592],[-56.7479,-2.0115],[-56.7932,-2.021],[-56.859,-2.0159],[-56.8763,-1.9923],[-56.9237,-1.9643],[-56.9611,-1.953],[-56.9884,-1.9072],[-57.0284,-1.918],[-57.0676,-1.8545],[-57.0793,-1.8026],[-57.1103,-1.7923],[-57.125,-1.7681],[-57.1711,-1.7509],[-57.2022,-1.7131],[-57.2308,-1.7275],[-57.2923,-1.7083],[-57.3277,-1.7162],[-57.3534,-1.7368],[-57.3858,-1.6977],[-57.4435,-1.6646],[-57.4731,-1.6789],[-57.5441,-1.6111],[-57.6219,-1.5892],[-57.6888,-1.587],[-57.7177,-1.5033],[-57.758,-1.5022],[-57.7953,-1.4872],[-57.8247,-1.4378],[-57.9115,-1.4047],[-57.9597,-1.3969],[-57.9565,-1.3783],[-57.9987,-1.3313],[-57.9707,-1.2278],[-57.9688,-1.1626],[-58.0013,-1.1481],[-58.0173,-1.1036],[-58.0587,-1.1065],[-58.0928,-1.1616],[-58.163,-1.2301],[-58.2576,-1.1308],[-58.3167,-1.1477],[-58.3484,-1.1129],[-58.3637,-1.0711],[-58.4284,-1.0246],[-58.4106,-0.9822],[-58.452,-0.9241],[-58.4342,-0.8922],[-58.4743,-0.8692],[-58.4985,-0.8357],[-58.536,-0.8222],[-58.609,-0.7616],[-58.6367,-0.7201],[-58.7065,-0.6796],[-58.7127,-0.6446],[-58.7363,-0.6194],[-58.7313,-0.5807],[-58.709,-0.5459],[-58.7112,-0.5185],[-58.7365,-0.4717],[-58.7253,-0.4383],[-58.7835,-0.389],[-58.8362,-0.3727],[-58.8695,-0.3475],[-58.876,-0.3114],[-58.8654,-0.2655],[-58.881,-0.1966],[-58.8653,-0.1689],[-58.8639,-0.078],[-58.8866,-0.0592],[-58.895,-0.011],[-58.8955,0.2635],[-59.2634,0.2635],[-59.4336,0.2635],[-60.038,0.2635],[-60.0591,0.163],[-60.1336,0.1035],[-60.1214,0.088],[-60.14,0.0271],[-60.2042,-0.0299],[-60.2107,-0.063],[-60.2369,-0.109],[-60.2276,-0.1217],[-60.18,-0.0855],[-60.1226,-0.0797],[-60.0825,-0.0481],[-60.0235,-0.0431],[-59.9765,-0.0626],[-59.9359,-0.0392],[-59.9427,0.0158],[-59.9169,0.0335],[-59.8645,-0.0466],[-59.8804,-0.0961],[-59.9194,-0.126],[-59.9134,-0.1501],[-59.8476,-0.1818],[-59.8105,-0.23],[-59.8387,-0.2676],[-59.8532,-0.3921],[-59.8313,-0.4113],[-59.8702,-0.4693],[-59.8929,-0.4554],[-59.9541,-0.5156],[-59.9676,-0.5689],[-60.0009,-0.5696],[-60.0384,-0.5965],[-60.0224,-0.6172],[-60.0543,-0.676],[-60.0302,-0.7284],[-60.0118,-0.7913],[-59.9763,-0.8332],[-59.9308,-0.8517],[-59.8941,-0.8958],[-59.8562,-0.9116],[-59.8426,-0.9682],[-59.7866,-1.0453],[-59.7175,-1.0799],[-59.7012,-1.1048],[-59.6696,-1.0661],[-59.6311,-1.0811],[-59.6056,-1.1095],[-59.3806,-1.1067],[-59.3797,-1.1477],[-59.3734,-1.2367],[-59.4404,-1.2853],[-59.4425,-1.3193],[-59.4681,-1.3355],[-59.5041,-1.3894],[-59.5194,-1.4329],[-59.4863,-1.454],[-59.4378,-1.4348],[-59.3598,-1.459],[-59.3054,-1.4839],[-59.2962,-1.4541],[-59.2705,-1.4312],[-59.1914,-1.4464],[-59.1866,-1.473],[-59.1514,-1.5159],[-59.1565,-1.5453],[-59.1276,-1.6075],[-59.1403,-1.6431],[-59.196,-1.7108],[-59.2267,-1.8265],[-59.2517,-1.8332],[-59.2038,-1.918],[-59.2018,-1.9404],[-59.1613,-1.9602],[-59.1623,-1.9855],[-59.1241,-2.0073],[-59.1128,-2.0773],[-59.1284,-2.1007],[-59.1438,-2.1719],[-59.1796,-2.1851],[-59.1787,-2.2102],[-59.1442,-2.2497],[-59.1294,-2.2237],[-59.0824,-2.276],[-59.1096,-2.2974],[-59.1333,-2.3413],[-59.173,-2.3858],[-59.272,-2.4476],[-59.2768,-2.4801],[-59.1969,-2.471],[-59.1559,-2.5175],[-59.2009,-2.5643],[-59.1924,-2.6066],[-59.2282,-2.6494],[-59.2288,-2.6975],[-59.2682,-2.7385],[-59.3073,-2.7622],[-59.3561,-2.8229],[-59.3783,-2.8673],[-59.4094,-2.8886],[-59.4306,-2.9272],[-59.5003,-2.9719],[-59.4553,-3.0297],[-59.4313,-3.0485],[-59.3739,-3.0716],[-59.3045,-3.1319],[-59.2621,-3.129],[-59.1953,-3.1569],[-59.207,-3.1797],[-59.2418,-3.1621],[-59.3519,-3.1456],[-59.3586,-3.153],[-59.3837,-3.181],[-59.2342,-3.2396],[-59.152,-3.2799],[-59.1221,-3.2831],[-59.0104,-3.2441],[-58.9754,-3.2575],[-58.9407,-3.2952],[-58.9064,-3.3588],[-58.8499,-3.4007],[-58.8257,-3.4011],[-58.7844,-3.3796],[-58.8004,-3.4448],[-58.8329,-3.4486],[-58.8914,-3.4978],[-58.9172,-3.5476],[-58.8997,-3.6181],[-58.8744,-3.6041],[-58.7893,-3.6142],[-58.7509,-3.5911],[-58.7043,-3.6158],[-58.7005,-3.6456],[-58.655,-3.6572],[-58.647,-3.6292],[-58.6223,-3.6239],[-58.5835,-3.6455],[-58.5528,-3.6859],[-58.5178,-3.7126],[-58.51,-3.7533],[-58.4689,-3.7341],[-58.4561,-3.7059],[-58.4267,-3.7279],[-58.399,-3.6759],[-58.3747,-3.6499],[-58.3496,-3.5828],[-58.2407,-3.6111],[-58.2283,-3.6513],[-58.2011,-3.6666],[-58.2169,-3.6973],[-58.2541,-3.6873],[-58.2987,-3.6997],[-58.3092,-3.7435],[-58.2863,-3.8128],[-58.3467,-3.8866],[-58.407,-3.8948],[-58.4647,-3.9247],[-58.4348,-3.9893],[-58.3831,-4.0129],[-58.3084,-4.1178],[-58.3211,-4.142],[-58.2815,-4.1615],[-58.2536,-4.2261],[-58.2194,-4.2317],[-58.1836,-4.2176],[-58.1554,-4.2401],[-58.1196,-4.3708],[-58.127,-4.4308],[-58.1837,-4.4565],[-58.2148,-4.5143],[-58.2028,-4.5481],[-58.2336,-4.5509],[-58.2306,-4.6024],[-58.2711,-4.6555],[-58.2742,-4.7265],[-58.3007,-4.7496],[-58.3059,-4.8006],[-58.3259,-4.8397],[-58.3653,-4.8548],[-58.3418,-4.8918],[-58.3843,-4.9321],[-58.4034,-4.967],[-58.4081,-5.0133],[-58.4504,-5.0395],[-58.4797,-5.0861],[-58.4765,-5.107],[-58.58,-5.1333],[-58.5848,-5.1785],[-58.6338,-5.1821],[-58.6544,-5.2307],[-58.6865,-5.2313],[-58.7371,-5.2925],[-58.7378,-5.3308],[-58.8112,-5.3419],[-58.8105,-5.3833],[-58.8377,-5.4516],[-58.828,-5.4687],[-58.8547,-5.5251],[-58.8497,-5.558],[-58.8244,-5.5851],[-58.8329,-5.6564],[-58.8461,-5.6727],[-58.8119,-5.7366],[-58.8145,-5.7915],[-58.8303,-5.8163],[-58.8147,-5.8364],[-58.8258,-5.8825],[-58.8129,-5.9204],[-58.824,-5.947],[-58.8313,-6.0137],[-58.8117,-6.0352],[-58.8021,-6.0754],[-58.831,-6.1327],[-58.8426,-6.1974],[-58.9108,-6.2544],[-58.9194,-6.2846],[-58.9066,-6.3229],[-58.8684,-6.3529],[-58.8553,-6.3815],[-58.8371,-6.4227],[-58.8359,-6.4709],[-58.8669,-6.5435],[-58.8747,-6.5895],[-58.8645,-6.6282],[-58.868,-6.6754],[-58.8327,-6.7448],[-58.7941,-6.7767],[-58.785,-6.8323],[-58.744,-6.8869],[-58.6756,-6.9284],[-58.6328,-7.008],[-58.6016,-7.0373],[-58.5418,-7.0361],[-58.4967,-7.0521],[-58.5063,-7.1143],[-58.5639,-7.1989],[-58.5297,-7.2376],[-58.574,-7.2876],[-58.5404,-7.3425],[-58.5003,-7.3501],[-58.1474,-7.3432],[-58.17,-7.3132],[-58.1678,-7.2392],[-58.181,-7.1817],[-58.2399,-7.0955],[-58.2883,-7.0617],[-58.3354,-6.9864],[-58.3802,-6.9705],[-58.4346,-6.9088],[-58.4818,-6.7814],[-58.4785,-6.6996],[-58.4273,-6.6162],[-58.3499,-6.5624],[-58.3271,-6.5004],[-58.2667,-6.4756],[-58.0336,-5.9781],[-57.8606,-5.6007],[-57.7718,-5.4071],[-57.5856,-5.0007],[-57.3502,-4.5018],[-57.2136,-4.2116],[-57.0005,-3.7591],[-56.9561,-3.6586],[-56.9138,-3.5623],[-56.8101,-3.333]]]},"properties":{"ibge_code":"1304","name":"Parintins","codarea":"1304","uf":"AM","uf_code":"13","macro_id":"1","macro_sigla":"N"}},{"type":"Feature","geometry":{"type":"Polygon","coordinates":[[[-64.1844,3.4893],[-64.1486,3.4399],[-64.1471,3.3713],[-64.115,3.3349],[-64.1217,3.2787],[-64.1586,3.2437],[-64.154,3.2279],[-64.1814,3.1705],[-64.2203,3.1511],[-64.2139,3.0905],[-64.1579,3.0465],[-64.1446,3.0257],[-64.1609,2.9872],[-64.1189,2.9856],[-64.0705,2.9175],[-64.0781,2.8799],[-64.0413,2.8316],[-64.0147,2.8122],[-64.0162,2.7776],[-63.9871,2.7156],[-64.007,2.7095],[-63.9862,2.6487],[-64.0101,2.6047],[-64.0426,2.5801],[-64.0477,2.5184],[-64.023,2.4648],[-64.0079,2.4807],[-63.9601,2.4731],[-63.9578,2.4704],[-63.6699,2.5974],[-63.6437,2.6216],[-63.6108,2.5905],[-63.5721,2.5916],[-63.5239,2.5725],[-63.4732,2.6179],[-63.4827,2.6574],[-63.461,2.7614],[-63.4251,2.7777],[-63.3883,2.7569],[-63.3556,2.7745],[-63.2976,2.7756],[-63.2441,2.818],[-63.1916,2.8179],[-63.1668,2.7979],[-63.0992,2.791],[-63.0164,2.8016],[-62.9723,2.7764],[-62.9125,2.7617],[-62.9103,2.721],[-62.9325,2.7022],[-63.0327,2.6588],[-63.0384,2.6253],[-63.0702,2.588],[-63.0731,2.5534],[-63.0495,2.5249],[-63.0732,2.4834],[-63.0436,2.4415],[-63.0455,2.3907],[-63.0237,2.3693],[-62.9523,2.3714],[-62.937,2.3412],[-62.8794,2.3307],[-62.8219,2.2701],[-62.7469,2.2495],[-62.6787,2.2556],[-62.6124,2.2425],[-62.5835,2.1519],[-62.5488,2.1279],[-62.4909,2.1086],[-62.423,2.1102],[-62.3404,2.1929],[-62.3055,2.1898],[-62.2523,2.2158],[-62.1513,2.2262],[-62.1347,2.2366],[-62.0732,2.2216],[-62.0311,2.2216],[-61.9315,2.2604],[-61.8953,2.2954],[-61.8707,2.3013],[-61.8394,2.3387],[-61.8111,2.3539],[-61.7764,2.403],[-61.721,2.4368],[-61.6236,2.453],[-61.5774,2.4469],[-61.5079,2.4502],[-61.4115,2.4091],[-61.3963,2.3872],[-61.3387,2.2637],[-61.3055,2.2786],[-61.2769,2.2684],[-61.227,2.2795],[-61.1943,2.2552],[-61.0511,2.298],[-60.9383,2.2153],[-61.0159,2.145],[-61.053,2.0629],[-61.0221,1.9996],[-61.0205,1.9815],[-60.9781,1.9458],[-60.9293,1.9835],[-60.8308,1.9833],[-60.7888,1.9992],[-60.7424,1.9995],[-60.7604,1.9356],[-60.7396,1.8973],[-60.6548,1.8978],[-60.6386,1.8703],[-60.5898,1.8512],[-60.5751,1.7905],[-60.5278,1.723],[-60.4056,1.7465],[-60.39,1.738],[-60.3583,1.7763],[-60.3328,1.7886],[-60.3021,1.8275],[-60.23,1.8837],[-60.1661,1.9586],[-60.1566,1.9996],[-59.7344,1.9996],[-59.7259,2.0198],[-59.741,2.0629],[-59.7218,2.1035],[-59.7391,2.1463],[-59.7403,2.18],[-59.7208,2.2366],[-59.7404,2.2929],[-59.7799,2.2859],[-59.8322,2.3289],[-59.8989,2.3629],[-59.9092,2.389],[-59.8915,2.4263],[-59.8976,2.4823],[-59.92,2.5073],[-59.9298,2.5666],[-59.977,2.6392],[-59.9884,2.6798],[-59.9935,2.7861],[-59.9913,2.841],[-59.9783,2.8953],[-59.9844,2.9288],[-59.9469,3.0017],[-59.9618,3.0153],[-59.9561,3.0811],[-59.9079,3.1133],[-59.9123,3.1955],[-59.8875,3.2164],[-59.8815,3.2579],[-59.8064,3.3539],[-59.8208,3.4107],[-59.8414,3.4252],[-59.8052,3.5098],[-59.834,3.5229],[-59.8435,3.5535],[-59.8727,3.5638],[-59.8516,3.6032],[-59.788,3.6168],[-59.7047,3.6891],[-59.6683,3.7036],[-59.6732,3.761],[-59.6646,3.7823],[-59.5956,3.7955],[-59.578,3.8176],[-59.5935,3.8615],[-59.5654,3.9163],[-59.5162,3.9462],[-59.5267,3.9685],[-59.572,3.987],[-59.6017,4.0289],[-59.6541,4.0692],[-59.6231,4.1294],[-59.709,4.1619],[-59.7312,4.1811],[-59.7395,4.2355],[-59.7178,4.2628],[-59.7319,4.2865],[-59.6762,4.3469],[-59.6934,4.3798],[-59.7359,4.4237],[-59.7812,4.4484],[-59.8624,4.4526],[-59.8984,4.4784],[-59.972,4.5093],[-59.9751,4.4886],[-60.0647,4.4954],[-60.0665,4.5232],[-60.091,4.5331],[-60.1221,4.5018],[-60.1615,4.5178],[-60.1539,4.5486],[-60.1229,4.605],[-60.0704,4.617],[-60.0755,4.6554],[-60.0259,4.7057],[-60.0218,4.7829],[-60.036,4.791],[-60.0178,4.8366],[-59.9935,4.9341],[-59.9885,5.0058],[-59.972,5.0749],[-60.045,5.1062],[-60.064,5.1377],[-60.0958,5.1407],[-60.1069,5.1941],[-60.1327,5.2249],[-60.1711,5.2266],[-60.2125,5.2718],[-60.3283,5.2055],[-60.3672,5.2043],[-60.3811,5.2207],[-60.4497,5.2002],[-60.5191,5.208],[-60.5458,5.1941],[-60.5922,5.2174],[-60.625,5.2152],[-60.6522,5.2305],[-60.6972,5.2288],[-60.6947,5.1971],[-60.6571,5.156],[-60.6426,5.1172],[-60.645,5.0585],[-60.5991,4.9993],[-60.5841,4.9557],[-60.6288,4.8888],[-60.6524,4.8846],[-60.6591,4.8491],[-60.7209,4.7774],[-60.7571,4.7538],[-60.8105,4.7439],[-60.8535,4.7028],[-60.8994,4.7182],[-60.9196,4.6633],[-60.9476,4.6555],[-60.9337,4.585],[-60.9563,4.5817],[-60.9579,4.5452],[-60.9979,4.5156],[-61.0465,4.5238],[-61.1256,4.5057],[-61.1473,4.4807],[-61.1764,4.5115],[-61.267,4.5376],[-61.3232,4.5349],[-61.3297,4.5157],[-61.2788,4.478],[-61.3133,4.4577],[-61.3516,4.4188],[-61.4483,4.4391],[-61.5211,4.3841],[-61.5083,4.3218],[-61.5619,4.251],[-61.6319,4.241],[-61.6583,4.2616],[-61.7236,4.2443],[-61.7505,4.2552],[-61.8025,4.2282],[-61.8189,4.1677],[-61.8513,4.1741],[-61.923,4.1557],[-61.9308,4.1032],[-61.9933,4.1749],[-62.0116,4.156],[-62.0483,4.1502],[-62.1072,4.1149],[-62.1144,4.088],[-62.148,4.0791],[-62.2922,4.1413],[-62.3275,4.1343],[-62.3536,4.1652],[-62.4377,4.183],[-62.4683,4.1666],[-62.4608,4.1427],[-62.5425,4.1093],[-62.533,4.0474],[-62.575,4.0152],[-62.6097,4.0441],[-62.6464,4.0463],[-62.6894,4.0324],[-62.7361,4.0399],[-62.7666,4.0124],[-62.7433,3.9721],[-62.7866,3.9293],[-62.7889,3.8932],[-62.7539,3.8496],[-62.7433,3.8082],[-62.7313,3.7099],[-62.7486,3.6727],[-62.785,3.6996],[-62.8102,3.7327],[-62.8383,3.736],[-62.8547,3.7102],[-62.9061,3.6721],[-62.9525,3.6118],[-62.9861,3.6099],[-63.0325,3.6657],[-63.073,3.6855],[-63.0636,3.7049],[-63.0686,3.7524],[-63.1233,3.8046],[-63.2044,3.8116],[-63.2266,3.8355],[-63.2336,3.8816],[-63.2052,3.9488],[-63.2769,3.9555],[-63.2866,3.9727],[-63.3386,3.9568],[-63.3933,3.9804],[-63.4289,3.9771],[-63.4522,3.9555],[-63.4119,3.9118],[-63.4508,3.8585],[-63.4808,3.8732],[-63.5111,3.8471],[-63.5811,3.8863],[-63.5922,3.9282],[-63.6441,3.9793],[-63.6608,4.0099],[-63.6855,4.0091],[-63.7005,3.9443],[-63.7414,3.9327],[-63.8352,3.9399],[-63.8502,3.9499],[-63.9261,3.926],[-63.9686,3.8785],[-63.9972,3.9035],[-64.0019,3.933],[-64.0357,3.9343],[-64.1,4.0346],[-64.1089,4.0855],[-64.1719,4.1288],[-64.2189,4.1155],[-64.2764,4.1438],[-64.3355,4.1291],[-64.4316,4.1346],[-64.4664,4.1188],[-64.5444,4.1138],[-64.5605,4.1016],[-64.6236,4.1349],[-64.6586,4.2116],[-64.6847,4.2393],[-64.7805,4.2866],[-64.8216,4.2585],[-64.8219,4.2118],[-64.8105,4.1746],[-64.7322,4.1202],[-64.7086,4.0666],[-64.6839,4.0402],[-64.6739,4.0046],[-64.6245,3.9565],[-64.5803,3.9283],[-64.5684,3.8818],[-64.5245,3.8419],[-64.4786,3.7832],[-64.4439,3.7838],[-64.3648,3.7472],[-64.2891,3.6996],[-64.2811,3.6693],[-64.1963,3.5789],[-64.1844,3.4893]]]},"properties":{"ibge_code":"1401","name":"Boa Vista","codarea":"1401","uf":"RR","uf_code":"14","macro_id":"1","macro_sigla":"N"}},{"type":"Feature","geometry":{"type":"Polygon","coordinates":[[[-60.1566,1.9996],[-60.1661,1.9586],[-60.23,1.8837],[-60.3021,1.8275],[-60.3328,1.7886],[-60.3583,1.7763],[-60.39,1.738],[-60.4056,1.7465],[-60.5278,1.723],[-60.5751,1.7905],[-60.5898,1.8512],[-60.6386,1.8703],[-60.6548,1.8978],[-60.7396,1.8973],[-60.7604,1.9356],[-60.7424,1.9995],[-60.7888,1.9992],[-60.8308,1.9833],[-60.9293,1.9835],[-60.9781,1.9458],[-61.0205,1.9815],[-61.0221,1.9996],[-61.053,2.0629],[-61.0159,2.145],[-60.9383,2.2153],[-61.0511,2.298],[-61.1943,2.2552],[-61.227,2.2795],[-61.2769,2.2684],[-61.3055,2.2786],[-61.3387,2.2637],[-61.3963,2.3872],[-61.4115,2.4091],[-61.5079,2.4502],[-61.5774,2.4469],[-61.6236,2.453],[-61.721,2.4368],[-61.7764,2.403],[-61.8111,2.3539],[-61.8394,2.3387],[-61.8707,2.3013],[-61.8953,2.2954],[-61.9315,2.2604],[-62.0311,2.2216],[-62.0732,2.2216],[-62.1347,2.2366],[-62.1513,2.2262],[-62.2523,2.2158],[-62.3055,2.1898],[-62.3404,2.1929],[-62.423,2.1102],[-62.4909,2.1086],[-62.5488,2.1279],[-62.5835,2.1519],[-62.6124,2.2425],[-62.6787,2.2556],[-62.7469,2.2495],[-62.8219,2.2701],[-62.8794,2.3307],[-62.937,2.3412],[-62.9523,2.3714],[-63.0237,2.3693],[-63.0455,2.3907],[-63.0436,2.4415],[-63.0732,2.4834],[-63.0495,2.5249],[-63.0731,2.5534],[-63.0702,2.588],[-63.0384,2.6253],[-63.0327,2.6588],[-62.9325,2.7022],[-62.9103,2.721],[-62.9125,2.7617],[-62.9723,2.7764],[-63.0164,2.8016],[-63.0992,2.791],[-63.1668,2.7979],[-63.1916,2.8179],[-63.2441,2.818],[-63.2976,2.7756],[-63.3556,2.7745],[-63.3883,2.7569],[-63.4251,2.7777],[-63.461,2.7614],[-63.4827,2.6574],[-63.4732,2.6179],[-63.5239,2.5725],[-63.5721,2.5916],[-63.6108,2.5905],[-63.6437,2.6216],[-63.6699,2.5974],[-63.9578,2.4704],[-63.9601,2.4731],[-63.9548,2.4596],[-63.9344,2.4573],[-63.9205,2.4736],[-63.8821,2.4691],[-63.8342,2.4923],[-63.784,2.4711],[-63.7504,2.4418],[-63.704,2.4578],[-63.6369,2.4406],[-63.6036,2.4572],[-63.5548,2.4474],[-63.52,2.4219],[-63.4805,2.4336],[-63.4423,2.417],[-63.4358,2.4419],[-63.3719,2.4264],[-63.3638,2.3894],[-63.3764,2.3566],[-63.3605,2.3274],[-63.3604,2.2692],[-63.3805,2.2294],[-63.3721,2.2119],[-63.3108,2.165],[-63.2764,2.1544],[-63.1941,2.1812],[-63.1463,2.1733],[-63.1198,2.0965],[-63.0773,2.0461],[-63.0238,2.0147],[-62.9485,2.031],[-62.8386,2.0164],[-62.8132,1.9917],[-62.7296,1.9605],[-62.7033,1.9338],[-62.7042,1.8739],[-62.7311,1.8182],[-62.7224,1.7225],[-62.7286,1.7],[-62.793,1.6353],[-62.8053,1.5913],[-62.7363,1.5296],[-62.7308,1.4996],[-62.6769,1.4546],[-62.64,1.4382],[-62.6203,1.4038],[-62.6205,1.3627],[-62.5591,1.1877],[-62.5452,1.1208],[-62.5211,1.0838],[-62.4716,1.0863],[-62.4747,1.0163],[-62.4427,0.9585],[-62.4672,0.9238],[-62.4847,0.876],[-62.4661,0.8291],[-62.463,0.7769],[-62.5005,0.7479],[-62.5333,0.7013],[-62.5383,0.6752],[-62.5188,0.5938],[-62.533,0.5088],[-62.5187,0.4437],[-62.4852,0.4541],[-62.4586,0.4177],[-62.4464,0.3791],[-62.4669,0.333],[-62.4666,0.268],[-62.4527,0.2074],[-62.4241,0.1533],[-62.4281,0.1281],[-62.4093,0.0751],[-62.3697,0.0578],[-62.3259,-0.0029],[-62.3198,-0.0963],[-62.2778,-0.1498],[-62.2416,-0.1705],[-62.2534,-0.27],[-62.2401,-0.3015],[-62.1886,-0.3223],[-62.1967,-0.3629],[-62.2328,-0.4245],[-62.2804,-0.4507],[-62.2853,-0.493],[-62.3072,-0.5081],[-62.3123,-0.5759],[-62.2906,-0.5985],[-62.2867,-0.6324],[-62.308,-0.6577],[-62.3516,-0.6734],[-62.3754,-0.7083],[-62.4452,-0.686],[-62.4866,-0.6815],[-62.5083,-0.7142],[-62.495,-0.7506],[-62.5011,-0.7815],[-62.4333,-0.804],[-62.3761,-0.8365],[-62.365,-0.8773],[-62.3127,-0.9304],[-62.2722,-0.952],[-62.2591,-0.9759],[-62.2275,-0.9734],[-62.2,-1.0004],[-62.1719,-1.0059],[-62.0997,-1.0967],[-62.0622,-1.0998],[-62.0175,-1.1417],[-61.9669,-1.2429],[-61.95,-1.297],[-61.9069,-1.3562],[-61.8966,-1.3954],[-61.8399,-1.4011],[-61.798,-1.3806],[-61.7408,-1.392],[-61.718,-1.4098],[-61.605,-1.4481],[-61.5597,-1.4951],[-61.5447,-1.5256],[-61.4747,-1.579],[-61.4733,-1.5278],[-61.5236,-1.4906],[-61.548,-1.4295],[-61.6191,-1.3948],[-61.5822,-1.3534],[-61.6269,-1.294],[-61.6083,-1.2524],[-61.5661,-1.1291],[-61.5728,-1.0758],[-61.5429,-1.0622],[-61.551,-0.9832],[-61.5808,-0.978],[-61.5765,-0.9111],[-61.5523,-0.8894],[-61.5567,-0.8649],[-61.5356,-0.7544],[-61.4846,-0.7169],[-61.4581,-0.6547],[-61.4287,-0.6495],[-61.3595,-0.5969],[-61.234,-0.5619],[-61.2231,-0.4999],[-61.1689,-0.5163],[-61.1616,-0.5017],[-61.079,-0.5061],[-61.0569,-0.5439],[-60.9837,-0.5617],[-60.9336,-0.5479],[-60.9277,-0.6055],[-60.8915,-0.6453],[-60.8577,-0.6555],[-60.8552,-0.6863],[-60.8152,-0.6903],[-60.8062,-0.7401],[-60.7724,-0.7544],[-60.787,-0.7844],[-60.7632,-0.8126],[-60.762,-0.8486],[-60.6843,-0.8655],[-60.6635,-0.8812],[-60.588,-0.8433],[-60.5362,-0.8695],[-60.5029,-0.8407],[-60.4978,-0.7807],[-60.4749,-0.7616],[-60.425,-0.7706],[-60.3714,-0.7318],[-60.3467,-0.7396],[-60.3033,-0.688],[-60.3054,-0.6665],[-60.3603,-0.5984],[-60.3798,-0.5889],[-60.4001,-0.5175],[-60.3845,-0.4622],[-60.3465,-0.4379],[-60.3489,-0.411],[-60.3268,-0.3809],[-60.3064,-0.3175],[-60.305,-0.2603],[-60.2913,-0.2127],[-60.2688,-0.1765],[-60.223,-0.1389],[-60.2276,-0.1217],[-60.2369,-0.109],[-60.2107,-0.063],[-60.2042,-0.0299],[-60.14,0.0271],[-60.1214,0.088],[-60.1336,0.1035],[-60.0591,0.163],[-60.038,0.2635],[-59.4336,0.2635],[-59.2634,0.2635],[-58.8955,0.2635],[-58.8956,0.5922],[-58.8955,0.9047],[-58.8955,1.2277],[-58.9185,1.2849],[-58.9185,1.3166],[-58.9661,1.3124],[-59.0211,1.331],[-59.0486,1.3227],[-59.1027,1.3482],[-59.1461,1.3471],[-59.1966,1.3782],[-59.2533,1.3882],[-59.3397,1.5182],[-59.373,1.5063],[-59.4127,1.5516],[-59.448,1.6194],[-59.483,1.6266],[-59.5263,1.6913],[-59.5336,1.7163],[-59.5666,1.7357],[-59.6174,1.7152],[-59.633,1.741],[-59.6902,1.7563],[-59.6788,1.8071],[-59.6583,1.8227],[-59.6919,1.8535],[-59.7461,1.8519],[-59.7594,1.9005],[-59.738,1.9555],[-59.7344,1.9996],[-60.1566,1.9996]]]},"properties":{"ibge_code":"1402","name":"Rorainópolis - Caracaraí","codarea":"1402","uf":"RR","uf_code":"14","macro_id":"1","macro_sigla":"N"}},{"type":"Feature","geometry":{"type":"Polygon","coordinates":[[[-49.1545,-1.7018],[-49.1717,-1.7161],[-49.233,-1.7049],[-49.3226,-1.7037],[-49.4159,-1.7189],[-49.5098,-1.7579],[-49.5397,-1.7801],[-49.5861,-1.7797],[-49.6078,-1.7604],[-49.6221,-1.7649],[-49.7182,-1.8356],[-49.7517,-1.8149],[-49.848,-1.8331],[-49.9916,-1.7831],[-50.0647,-1.7919],[-50.1315,-1.815],[-50.1081,-1.8604],[-50.0567,-1.9086],[-50.0717,-1.9549],[-50.0749,-2.0694],[-50.0605,-2.1027],[-50.1153,-2.1396],[-50.1023,-2.1769],[-50.1083,-2.2051],[-50.0798,-2.2427],[-50.0845,-2.2868],[-50.1053,-2.3202],[-50.1095,-2.4106],[-50.0744,-2.4635],[-50.0541,-2.5163],[-50.0009,-2.5083],[-49.9688,-2.5459],[-49.9753,-2.6215],[-49.9457,-2.6697],[-49.9422,-2.7595],[-49.9144,-2.8085],[-49.8494,-2.8577],[-49.8476,-2.931],[-49.8967,-2.9888],[-49.8136,-2.9629],[-49.7993,-2.9372],[-49.7782,-2.8055],[-49.7898,-2.7526],[-49.7652,-2.7103],[-49.7393,-2.7073],[-49.7335,-2.6662],[-49.6767,-2.6635],[-49.3865,-2.664],[-49.4027,-2.7154],[-49.4373,-2.7147],[-49.4706,-2.7606],[-49.4654,-2.8577],[-49.4537,-2.8914],[-49.4908,-2.9248],[-49.5625,-2.9395],[-49.6235,-3.0009],[-49.6294,-3.0495],[-49.6162,-3.0887],[-49.5638,-3.1207],[-49.5323,-3.1965],[-49.5233,-3.2604],[-49.4847,-3.3522],[-49.4605,-3.371],[-49.4726,-3.4153],[-49.0009,-3.4121],[-48.9256,-3.4129],[-48.9259,-3.407],[-48.8945,-3.3756],[-48.8745,-3.3894],[-48.8195,-3.3801],[-48.7995,-3.3594],[-48.757,-3.3435],[-48.69,-3.2932],[-48.6675,-3.254],[-48.6329,-3.2296],[-48.5906,-3.2255],[-48.5306,-3.1957],[-48.4863,-3.2337],[-48.4484,-3.2376],[-48.415,-3.2008],[-48.3915,-3.2165],[-48.3324,-3.1975],[-48.3088,-3.1644],[-48.3197,-3.1444],[-48.3053,-3.1008],[-48.2858,-3.0936],[-48.2531,-3.1168],[-48.2481,-3.0733],[-48.2147,-3.0123],[-48.2024,-2.9698],[-48.1798,-2.9489],[-48.1287,-2.9473],[-48.091,-2.8999],[-48.0888,-2.8428],[-48.0737,-2.7751],[-48.0391,-2.7114],[-48.0474,-2.6483],[-48.0286,-2.6246],[-47.9793,-2.5978],[-47.932,-2.5431],[-47.952,-2.5171],[-48.0105,-2.515],[-48.0468,-2.4734],[-48.0326,-2.4507],[-48.0318,-2.4079],[-48.0553,-2.36],[-48.0242,-2.3127],[-48.004,-2.2649],[-47.9671,-2.2218],[-47.9936,-2.1589],[-47.9792,-2.1179],[-47.9886,-2.0966],[-47.9812,-2.0703],[-47.926,-2.0067],[-47.9076,-1.9666],[-47.8989,-1.8775],[-47.8787,-1.8423],[-47.8894,-1.7697],[-47.8714,-1.7395],[-47.8809,-1.6619],[-47.8577,-1.6293],[-47.8738,-1.5933],[-47.9133,-1.5671],[-47.9441,-1.5786],[-47.979,-1.5921],[-48.0021,-1.57],[-48.0034,-1.5393],[-47.9877,-1.5007],[-48.0129,-1.4751],[-48.0358,-1.4778],[-48.0562,-1.5285],[-48.1015,-1.5397],[-48.1343,-1.5152],[-48.0004,-1.436],[-47.9861,-1.4222],[-48.0255,-1.4129],[-48.036,-1.2084],[-47.9692,-1.2026],[-48.0215,-1.1338],[-47.9917,-1.1029],[-47.9749,-1.0623],[-47.9431,-1.0388],[-47.9195,-0.9731],[-47.9885,-0.9448],[-48.0019,-0.8847],[-48.0197,-0.8616],[-48.0133,-0.812],[-48.0215,-0.7796],[-47.984,-0.7607],[-47.9519,-0.7768],[-47.9615,-0.6988],[-47.977,-0.6862],[-48.0197,-0.6866],[-48.0514,-0.6595],[-48.1416,-0.7542],[-48.1716,-0.8164],[-48.2295,-0.8278],[-48.2685,-0.9029],[-48.2938,-0.9197],[-48.3658,-0.9189],[-48.4096,-0.9058],[-48.4395,-0.9788],[-48.4393,-0.9825],[-48.4695,-1.0194],[-48.5245,-1.0839],[-48.6075,-1.1721],[-48.6244,-1.1922],[-48.7023,-1.3224],[-48.7759,-1.4741],[-48.8374,-1.5214],[-48.9476,-1.551],[-49.0126,-1.5732],[-49.0638,-1.6115],[-49.1313,-1.6848],[-49.1545,-1.7018]]]},"properties":{"ibge_code":"1501","name":"Belém","codarea":"1501","uf":"PA","uf_code":"15","macro_id":"1","macro_sigla":"N"}},{"type":"Feature","geometry":{"type":"Polygon","coordinates":[[[-48.1946,-4.911],[-48.0584,-4.8042],[-48.0254,-4.7783],[-47.8162,-4.6147],[-48.1609,-4.201],[-48.2128,-4.2222],[-48.2695,-4.2153],[-48.3063,-4.1557],[-48.3718,-4.0836],[-48.3879,-4.0174],[-48.3827,-3.9464],[-48.369,-3.8802],[-48.3887,-3.8373],[-48.4512,-3.8059],[-48.4957,-3.8241],[-48.5165,-3.8082],[-48.5761,-3.8112],[-48.6719,-3.7492],[-48.6856,-3.7592],[-48.7276,-3.7263],[-48.8161,-3.7127],[-48.8197,-3.6877],[-48.871,-3.6614],[-48.8902,-3.6366],[-48.8702,-3.5843],[-48.8839,-3.568],[-48.9443,-3.568],[-48.966,-3.5472],[-49.0291,-3.5471],[-49.0248,-3.5112],[-48.974,-3.4573],[-48.9277,-3.433],[-48.9256,-3.4129],[-49.0009,-3.4121],[-49.4726,-3.4153],[-49.4605,-3.371],[-49.4847,-3.3522],[-49.5233,-3.2604],[-49.5323,-3.1965],[-49.5638,-3.1207],[-49.6162,-3.0887],[-49.6294,-3.0495],[-49.6235,-3.0009],[-49.5625,-2.9395],[-49.4908,-2.9248],[-49.4537,-2.8914],[-49.4654,-2.8577],[-49.4706,-2.7606],[-49.4373,-2.7147],[-49.4027,-2.7154],[-49.3865,-2.664],[-49.6767,-2.6635],[-49.7335,-2.6662],[-49.7393,-2.7073],[-49.7652,-2.7103],[-49.7898,-2.7526],[-49.7782,-2.8055],[-49.7993,-2.9372],[-49.8136,-2.9629],[-49.8967,-2.9888],[-49.909,-3.0381],[-49.91,-3.0913],[-49.9311,-3.0977],[-49.9694,-3.1402],[-49.9709,-3.1625],[-49.9732,-3.1914],[-49.9307,-3.2282],[-49.9354,-3.2571],[-49.9086,-3.3257],[-49.9734,-3.3199],[-50.0064,-3.3316],[-50.0697,-3.3008],[-50.1132,-3.2696],[-50.1567,-3.3005],[-50.1928,-3.2732],[-50.2096,-3.2375],[-50.2484,-3.2434],[-50.2553,-3.2743],[-50.3214,-3.3218],[-50.3292,-3.3511],[-50.3629,-3.3844],[-50.423,-3.4131],[-50.4366,-3.3954],[-50.4757,-3.3988],[-50.4956,-3.429],[-50.4859,-3.4583],[-50.809,-3.495],[-50.8121,-3.425],[-50.8409,-3.3683],[-50.8388,-3.3175],[-50.8502,-3.2942],[-50.9362,-3.2312],[-50.9658,-3.1895],[-50.9752,-3.1224],[-51.0105,-3.1289],[-51.0302,-3.1057],[-51.0826,-3.1065],[-51.1143,-3.1365],[-51.1467,-3.116],[-51.1745,-3.1584],[-51.2094,-3.156],[-51.2395,-3.2017],[-51.2665,-3.309],[-51.2235,-3.4138],[-51.196,-3.4485],[-51.1674,-3.4487],[-51.1668,-3.6671],[-51.2013,-3.6669],[-51.2149,-3.7316],[-51.2568,-3.8721],[-51.294,-3.9056],[-51.2832,-3.9541],[-51.2483,-3.9849],[-51.2488,-4.0305],[-51.2283,-4.0306],[-51.2068,-4.0719],[-51.1161,-4.0818],[-51.07,-4.1997],[-51.0493,-4.2303],[-51.0188,-4.211],[-50.9858,-4.2393],[-50.9937,-4.2713],[-50.9821,-4.2903],[-50.9961,-4.3467],[-50.9005,-4.4123],[-50.8798,-4.4475],[-50.9067,-4.4959],[-50.8946,-4.5819],[-50.9201,-4.626],[-50.9064,-4.6747],[-50.9304,-4.6839],[-50.9066,-4.7288],[-50.9404,-4.7617],[-50.9123,-4.8647],[-50.8584,-4.8689],[-50.8553,-4.941],[-50.86,-5.0004],[-50.8893,-5.0775],[-50.9302,-5.1506],[-50.8465,-5.1652],[-50.8132,-5.1522],[-50.7532,-5.1759],[-50.7202,-5.1747],[-50.7235,-5.2178],[-50.7671,-5.2238],[-50.7543,-5.308],[-50.7918,-5.315],[-50.7987,-5.3621],[-50.7869,-5.3997],[-50.8636,-5.4225],[-50.8793,-5.449],[-50.8743,-5.4915],[-50.9474,-5.5258],[-50.9564,-5.5405],[-50.9451,-5.5872],[-50.9528,-5.6143],[-50.9245,-5.6307],[-50.8782,-5.6325],[-50.8471,-5.7064],[-50.899,-5.6943],[-50.9462,-5.8037],[-51.022,-5.787],[-51.0316,-5.7694],[-51.0864,-5.781],[-51.111,-5.8147],[-51.1058,-5.8501],[-51.1261,-5.9188],[-51.1643,-5.928],[-51.1776,-5.9658],[-51.222,-5.9635],[-51.2637,-5.995],[-51.3298,-5.9636],[-51.3574,-5.9669],[-51.3933,-6.0162],[-51.3916,-6.0549],[-51.3481,-6.0553],[-51.2809,-6.1027],[-51.2457,-6.1724],[-51.2039,-6.1714],[-51.1488,-6.2167],[-51.1605,-6.2662],[-51.199,-6.2868],[-51.1523,-6.3502],[-51.1422,-6.4229],[-51.1577,-6.4538],[-51.1835,-6.4672],[-51.1468,-6.483],[-51.0696,-6.4907],[-51.0369,-6.4751],[-51.0259,-6.4572],[-50.9636,-6.4314],[-50.9362,-6.405],[-50.9471,-6.3726],[-50.9391,-6.3292],[-50.8932,-6.3004],[-50.8498,-6.2918],[-50.8166,-6.272],[-50.8003,-6.3068],[-50.8221,-6.3214],[-50.8266,-6.3759],[-50.7913,-6.4352],[-50.7637,-6.46],[-50.7579,-6.4976],[-50.7241,-6.4939],[-50.716,-6.5419],[-50.6027,-6.536],[-50.59,-6.522],[-50.5425,-6.5316],[-50.5224,-6.5084],[-50.4825,-6.5138],[-50.4196,-6.5103],[-50.4048,-6.4782],[-50.3639,-6.4808],[-50.354,-6.5356],[-50.3129,-6.5824],[-50.3011,-6.6288],[-50.2693,-6.5962],[-50.2319,-6.5766],[-50.2077,-6.5883],[-50.1359,-6.58],[-50.0705,-6.538],[-49.9977,-6.55],[-49.9578,-6.5906],[-49.8437,-6.6585],[-49.815,-6.6606],[-49.7911,-6.6423],[-49.738,-6.6764],[-49.7298,-6.7147],[-49.6378,-6.637],[-49.4113,-6.4453],[-49.1247,-6.8219],[-49.0834,-6.8433],[-49.0376,-6.8093],[-49.0189,-6.7842],[-48.9637,-6.7795],[-48.9139,-6.7574],[-48.8532,-6.7491],[-48.8259,-6.7547],[-48.7691,-6.7307],[-48.7291,-6.6893],[-48.6663,-6.6642],[-48.652,-6.64],[-48.6645,-6.5677],[-48.6337,-6.4914],[-48.6261,-6.4785],[-48.6072,-6.448],[-48.5406,-6.4008],[-48.5002,-6.3509],[-48.4477,-6.3512],[-48.3827,-6.3796],[-48.3757,-6.345],[-48.4171,-6.2986],[-48.4127,-6.2813],[-48.4361,-6.2014],[-48.4319,-6.1773],[-48.3913,-6.1467],[-48.3245,-6.1327],[-48.288,-6.0976],[-48.2985,-6.0501],[-48.3297,-6.0398],[-48.3347,-6.0043],[-48.2968,-5.9699],[-48.2329,-5.9476],[-48.2301,-5.9225],[-48.292,-5.8368],[-48.2998,-5.796],[-48.2902,-5.7435],[-48.2757,-5.7265],[-48.2306,-5.7293],[-48.1723,-5.7086],[-48.1412,-5.6544],[-48.1382,-5.6027],[-48.1947,-5.5631],[-48.2787,-5.5404],[-48.3281,-5.4966],[-48.3472,-5.4354],[-48.3935,-5.3942],[-48.4415,-5.408],[-48.5139,-5.4298],[-48.5575,-5.4167],[-48.5967,-5.4225],[-48.6291,-5.4101],[-48.6505,-5.3849],[-48.7369,-5.374],[-48.7552,-5.3492],[-48.4519,-5.1122],[-48.2124,-4.9249],[-48.1946,-4.911]]]},"properties":{"ibge_code":"1503","name":"Marabá","codarea":"1503","uf":"PA","uf_code":"15","macro_id":"1","macro_sigla":"N"}},{"type":"Feature","geometry":{"type":"MultiPolygon","coordinates":[[[[-51.4325,-0.4733],[-51.4578,-0.5132],[-51.5151,-0.566],[-51.5955,-0.6504],[-51.6835,-0.7955],[-51.6956,-0.9247],[-51.6856,-1.0129],[-51.7004,-1.0632],[-51.7784,-1.1404],[-51.7907,-1.1986],[-51.8627,-1.2423],[-51.8891,-1.275],[-51.8909,-1.3095],[-51.9097,-1.353],[-51.9558,-1.406],[-51.9911,-1.4351],[-52.0618,-1.4497],[-52.1116,-1.4701],[-52.2302,-1.486],[-52.2519,-1.5041],[-52.2419,-1.5431],[-52.1998,-1.6042],[-52.0925,-1.6069],[-52.0252,-1.5966],[-51.97,-1.6103],[-51.952,-1.6466],[-51.9861,-1.701],[-51.99,-1.743],[-51.9772,-1.8061],[-51.9635,-1.8256],[-51.9662,-1.876],[-51.8746,-1.9446],[-51.9058,-2.0034],[-51.9163,-2.0742],[-51.9396,-2.1077],[-51.9396,-2.2571],[-51.9226,-2.2782],[-51.9205,-2.3315],[-51.8665,-2.3643],[-51.8789,-2.4187],[-51.8738,-2.461],[-51.8484,-2.5084],[-51.8545,-2.5525],[-51.8558,-2.5945],[-51.8201,-2.6976],[-51.7979,-2.7278],[-51.7483,-2.8455],[-51.7199,-2.7963],[-51.6445,-2.7696],[-51.572,-2.7655],[-51.533,-2.7442],[-51.504,-2.7464],[-51.4494,-2.7696],[-51.4405,-2.8078],[-51.4153,-2.8414],[-51.398,-2.8891],[-51.3085,-2.9308],[-51.2754,-2.9593],[-51.2103,-2.9995],[-51.1612,-3.0187],[-51.1701,-3.0656],[-51.1467,-3.116],[-51.1143,-3.1365],[-51.0826,-3.1065],[-51.0302,-3.1057],[-51.0105,-3.1289],[-50.9752,-3.1224],[-50.9658,-3.1895],[-50.9362,-3.2312],[-50.8502,-3.2942],[-50.8388,-3.3175],[-50.8409,-3.3683],[-50.8121,-3.425],[-50.809,-3.495],[-50.4859,-3.4583],[-50.4956,-3.429],[-50.4757,-3.3988],[-50.4366,-3.3954],[-50.423,-3.4131],[-50.3629,-3.3844],[-50.3292,-3.3511],[-50.3214,-3.3218],[-50.2553,-3.2743],[-50.2484,-3.2434],[-50.2096,-3.2375],[-50.1928,-3.2732],[-50.1567,-3.3005],[-50.1132,-3.2696],[-50.0697,-3.3008],[-50.0064,-3.3316],[-49.9734,-3.3199],[-49.9086,-3.3257],[-49.9354,-3.2571],[-49.9307,-3.2282],[-49.9732,-3.1914],[-49.9709,-3.1625],[-49.9694,-3.1402],[-49.9311,-3.0977],[-49.91,-3.0913],[-49.909,-3.0381],[-49.8967,-2.9888],[-49.8476,-2.931],[-49.8494,-2.8577],[-49.9144,-2.8085],[-49.9422,-2.7595],[-49.9457,-2.6697],[-49.9753,-2.6215],[-49.9688,-2.5459],[-50.0009,-2.5083],[-50.0541,-2.5163],[-50.0744,-2.4635],[-50.1095,-2.4106],[-50.1053,-2.3202],[-50.0845,-2.2868],[-50.0798,-2.2427],[-50.1083,-2.2051],[-50.1023,-2.1769],[-50.1153,-2.1396],[-50.0605,-2.1027],[-50.0749,-2.0694],[-50.0717,-1.9549],[-50.0567,-1.9086],[-50.1081,-1.8604],[-50.1315,-1.815],[-50.0647,-1.7919],[-49.9916,-1.7831],[-49.848,-1.8331],[-49.7517,-1.8149],[-49.7182,-1.8356],[-49.6221,-1.7649],[-49.6078,-1.7604],[-49.5861,-1.7797],[-49.5397,-1.7801],[-49.5098,-1.7579],[-49.4159,-1.7189],[-49.3226,-1.7037],[-49.233,-1.7049],[-49.1717,-1.7161],[-49.1545,-1.7018],[-49.1313,-1.6848],[-49.0638,-1.6115],[-49.0126,-1.5732],[-48.9476,-1.551],[-48.8374,-1.5214],[-48.7759,-1.4741],[-48.7023,-1.3224],[-48.6244,-1.1922],[-48.6075,-1.1721],[-48.5245,-1.0839],[-48.4695,-1.0194],[-48.4393,-0.9825],[-48.4395,-0.9788],[-48.4096,-0.9058],[-48.4747,-0.8739],[-48.5061,-0.8104],[-48.5061,-0.7509],[-48.488,-0.734],[-48.4706,-0.6141],[-48.4737,-0.5267],[-48.4411,-0.4122],[-48.3883,-0.3527],[-48.3746,-0.3031],[-48.3969,-0.2516],[-48.4288,-0.2272],[-48.5037,-0.2425],[-48.6385,-0.2323],[-48.712,-0.2518],[-48.7437,-0.2499],[-48.8101,-0.2148],[-48.9179,-0.2296],[-48.9396,-0.2258],[-48.9973,-0.1862],[-49.0169,-0.1602],[-49.1367,-0.1682],[-49.1962,-0.1314],[-49.2559,-0.1598],[-49.3286,-0.1578],[-49.3787,-0.191],[-49.4222,-0.1684],[-49.4386,-0.1265],[-49.4317,-0.0882],[-49.3589,-0.0259],[-49.3695,0.0378],[-49.397,0.0622],[-49.479,0.0811],[-49.5826,0.0897],[-49.6322,0.0749],[-49.6657,0.0966],[-49.6996,0.1505],[-49.6927,0.1781],[-49.6444,0.2167],[-49.6333,0.2414],[-49.5837,0.2725],[-49.534,0.2892],[-49.4886,0.3342],[-49.5032,0.3717],[-49.5478,0.3901],[-49.5819,0.4187],[-49.6181,0.3921],[-49.6615,0.393],[-49.7248,0.3776],[-49.7778,0.3413],[-49.8078,0.3321],[-49.8283,0.3554],[-49.8892,0.3225],[-49.9219,0.3576],[-49.9805,0.3605],[-49.9929,0.3384],[-50.0514,0.3367],[-50.0984,0.3445],[-50.1317,0.3307],[-50.1678,0.3403],[-50.1727,0.3976],[-50.0774,0.4634],[-50.0364,0.5342],[-50.0279,0.5678],[-50.0373,0.6019],[-50.0726,0.6358],[-50.1044,0.6396],[-50.1335,0.6196],[-50.2135,0.656],[-50.2261,0.6962],[-50.3286,0.6743],[-50.4099,0.6233],[-50.4365,0.6001],[-50.4673,0.5309],[-50.4762,0.4815],[-50.504,0.4351],[-50.5239,0.3724],[-50.553,0.3125],[-50.5997,0.2494],[-50.6448,0.2087],[-50.6682,0.185],[-50.7435,0.1305],[-50.7848,0.1121],[-50.9211,0.0761],[-50.9748,0.0418],[-51.0689,-0.0791],[-51.1184,-0.0975],[-51.2081,-0.117],[-51.235,-0.1436],[-51.3025,-0.2526],[-51.3478,-0.2996],[-51.3625,-0.3681],[-51.4237,-0.4366],[-51.4325,-0.4733]]],[[[-49.6263,0.1901],[-49.6607,0.1873],[-49.6775,0.1557],[-49.6535,0.145],[-49.6154,0.1528],[-49.6263,0.1901]]],[[[-49.4503,0.1172],[-49.4769,0.1482],[-49.5024,0.1174],[-49.4503,0.1172]]],[[[-49.6181,0.1992],[-49.5763,0.2197],[-49.6021,0.2428],[-49.6181,0.1992]]],[[[-48.8759,-0.182],[-48.887,-0.1532],[-48.93,-0.1605],[-48.9475,-0.2056],[-48.9246,-0.214],[-48.8813,-0.2033],[-48.8759,-0.182]]]]},"properties":{"ibge_code":"1507","name":"Breves","codarea":"1507","uf":"PA","uf_code":"15","macro_id":"1","macro_sigla":"N"}},{"type":"Feature","geometry":{"type":"Polygon","coordinates":[[[-51.0369,-6.4751],[-51.0696,-6.4907],[-51.1468,-6.483],[-51.1835,-6.4672],[-51.1577,-6.4538],[-51.1422,-6.4229],[-51.1523,-6.3502],[-51.199,-6.2868],[-51.1605,-6.2662],[-51.1488,-6.2167],[-51.2039,-6.1714],[-51.2457,-6.1724],[-51.2809,-6.1027],[-51.3481,-6.0553],[-51.3916,-6.0549],[-51.3933,-6.0162],[-51.3574,-5.9669],[-51.3298,-5.9636],[-51.2637,-5.995],[-51.222,-5.9635],[-51.1776,-5.9658],[-51.1643,-5.928],[-51.1261,-5.9188],[-51.1058,-5.8501],[-51.111,-5.8147],[-51.0864,-5.781],[-51.0316,-5.7694],[-51.022,-5.787],[-50.9462,-5.8037],[-50.899,-5.6943],[-50.8471,-5.7064],[-50.8782,-5.6325],[-50.9245,-5.6307],[-50.9528,-5.6143],[-50.9451,-5.5872],[-50.9564,-5.5405],[-50.9474,-5.5258],[-50.8743,-5.4915],[-50.8793,-5.449],[-50.8636,-5.4225],[-50.7869,-5.3997],[-50.7987,-5.3621],[-50.7918,-5.315],[-50.7543,-5.308],[-50.7671,-5.2238],[-50.7235,-5.2178],[-50.7202,-5.1747],[-50.7532,-5.1759],[-50.8132,-5.1522],[-50.8465,-5.1652],[-50.9302,-5.1506],[-51.4478,-5.1502],[-52.0511,-5.1514],[-52.076,-5.2156],[-52.0685,-5.243],[-52.1053,-5.2714],[-52.1195,-5.3142],[-52.1483,-5.3161],[-52.284,-5.2576],[-52.274,-5.2294],[-52.2953,-5.1944],[-52.3462,-5.1803],[-52.3748,-5.2046],[-52.408,-5.1836],[-52.4264,-5.154],[-52.4501,-5.185],[-52.4855,-5.1984],[-52.5273,-5.2299],[-52.5609,-5.2172],[-52.6122,-5.2431],[-52.658,-5.2978],[-52.6422,-5.3557],[-52.6442,-5.3966],[-52.6727,-5.4331],[-52.6727,-5.4759],[-52.6919,-5.5163],[-52.6828,-5.582],[-52.6992,-5.6231],[-52.6902,-5.6537],[-52.7427,-5.684],[-52.7715,-5.7223],[-52.8023,-5.7157],[-52.8322,-5.6899],[-52.8514,-5.7101],[-52.8962,-5.7057],[-52.9394,-5.744],[-52.9319,-5.7912],[-52.9522,-5.7986],[-52.9759,-5.8451],[-53.0195,-5.8569],[-53.0591,-5.8861],[-53.1094,-5.872],[-53.1491,-5.9378],[-53.2024,-5.9586],[-53.2183,-5.9428],[-53.2792,-5.9818],[-53.271,-6.0198],[-53.369,-6.058],[-53.3827,-6.0816],[-53.3712,-6.1177],[-53.3409,-6.1319],[-53.3514,-6.1719],[-53.3069,-6.1657],[-53.2672,-6.2543],[-53.2602,-6.2893],[-53.2265,-6.295],[-53.1912,-6.4006],[-53.2131,-6.4244],[-53.1818,-6.4587],[-53.2146,-6.4695],[-53.2374,-6.5004],[-53.2574,-6.4651],[-53.2967,-6.4583],[-53.3256,-6.4767],[-53.3143,-6.4995],[-53.3424,-6.553],[-53.3739,-6.594],[-53.4072,-6.5618],[-53.4419,-6.5616],[-53.4669,-6.6103],[-53.4685,-6.6347],[-53.4496,-6.6861],[-53.4279,-6.6738],[-53.3949,-6.7176],[-53.3685,-6.7233],[-53.3442,-6.7494],[-53.2741,-6.7675],[-53.2473,-6.7869],[-53.248,-6.8315],[-53.2888,-6.865],[-53.3116,-6.9161],[-53.2826,-6.937],[-53.2788,-6.9656],[-53.3174,-7.0275],[-53.3076,-7.0746],[-53.2537,-7.1146],[-53.2717,-7.1594],[-53.3154,-7.203],[-53.2814,-7.2327],[-53.2349,-7.2985],[-53.1654,-7.3571],[-53.1784,-7.3804],[-53.1476,-7.3988],[-53.1201,-7.3955],[-53.1243,-7.4458],[-53.0924,-7.4776],[-53.1384,-7.5465],[-53.1681,-7.5539],[-53.1129,-7.6288],[-53.1001,-7.6821],[-53.0581,-7.6878],[-53.0373,-7.7214],[-53.0347,-7.776],[-52.9959,-7.7967],[-52.9921,-7.8277],[-53.0306,-7.86],[-53.0274,-7.8814],[-53.0661,-7.9121],[-53.0376,-7.9305],[-53.0098,-7.9978],[-52.9562,-8.0711],[-52.9654,-8.1215],[-52.9253,-8.1626],[-52.9396,-8.2059],[-52.9631,-8.2365],[-52.9907,-8.3075],[-52.9796,-8.3379],[-52.9412,-8.3467],[-52.9432,-8.3878],[-52.9166,-8.4136],[-52.9199,-8.4345],[-52.9552,-8.4413],[-52.9455,-8.4866],[-52.9206,-8.4958],[-52.9147,-8.5316],[-52.8883,-8.5833],[-52.8967,-8.6276],[-52.9289,-8.6296],[-52.9436,-8.6874],[-52.9319,-8.73],[-53.0063,-8.7048],[-53.0369,-8.7286],[-53.0352,-8.7518],[-52.9991,-8.8043],[-52.9926,-8.8508],[-53.0175,-8.9225],[-53.0552,-8.954],[-53.0401,-8.9751],[-53.052,-9.0029],[-53.0382,-9.0422],[-53.0161,-9.0644],[-53.0848,-9.1161],[-53.0813,-9.1434],[-53.023,-9.1567],[-52.9722,-9.2103],[-52.9752,-9.2441],[-52.9226,-9.3804],[-52.9396,-9.4214],[-52.9951,-9.4753],[-53.0425,-9.4773],[-53.0567,-9.5305],[-53.1125,-9.5524],[-53.1334,-9.6452],[-52.6193,-9.6823],[-52.2567,-9.7077],[-51.7243,-9.7446],[-51.3043,-9.7729],[-50.846,-9.8006],[-50.5006,-9.824],[-50.2248,-9.8412],[-50.1991,-9.7617],[-50.15,-9.6928],[-50.1378,-9.6248],[-50.1074,-9.5943],[-50.0896,-9.5457],[-50.1053,-9.4754],[-50.0901,-9.4316],[-50.0528,-9.3727],[-50.0555,-9.3347],[-50.0378,-9.2894],[-50.0027,-9.2653],[-49.9969,-9.2377],[-49.9669,-9.2311],[-49.9054,-9.1697],[-49.8626,-9.0815],[-49.8514,-9.0637],[-49.8426,-9.0273],[-49.7937,-8.9794],[-49.7677,-8.9337],[-49.6844,-8.8565],[-49.5924,-8.8395],[-49.5434,-8.7614],[-49.4818,-8.6737],[-49.4515,-8.6125],[-49.4099,-8.58],[-49.3996,-8.5451],[-49.3915,-8.4898],[-49.3494,-8.4184],[-49.2833,-8.3796],[-49.2487,-8.2554],[-49.221,-8.2038],[-49.1932,-8.0765],[-49.1767,-8.0615],[-49.1756,-8.0094],[-49.182,-7.977],[-49.1632,-7.9213],[-49.1673,-7.8564],[-49.1501,-7.8121],[-49.1607,-7.7914],[-49.2212,-7.7616],[-49.3423,-7.6558],[-49.361,-7.6149],[-49.3816,-7.5691],[-49.378,-7.4964],[-49.264,-7.3642],[-49.2339,-7.3289],[-49.1853,-7.2352],[-49.1864,-7.1967],[-49.1938,-7.1298],[-49.1935,-7.0407],[-49.2174,-6.9615],[-49.2095,-6.9254],[-49.1719,-6.8929],[-49.1153,-6.8699],[-49.0834,-6.8433],[-49.1247,-6.8219],[-49.4113,-6.4453],[-49.6378,-6.637],[-49.7298,-6.7147],[-49.738,-6.6764],[-49.7911,-6.6423],[-49.815,-6.6606],[-49.8437,-6.6585],[-49.9578,-6.5906],[-49.9977,-6.55],[-50.0705,-6.538],[-50.1359,-6.58],[-50.2077,-6.5883],[-50.2319,-6.5766],[-50.2693,-6.5962],[-50.3011,-6.6288],[-50.3129,-6.5824],[-50.354,-6.5356],[-50.3639,-6.4808],[-50.4048,-6.4782],[-50.4196,-6.5103],[-50.4825,-6.5138],[-50.5224,-6.5084],[-50.5425,-6.5316],[-50.59,-6.522],[-50.6027,-6.536],[-50.716,-6.5419],[-50.7241,-6.4939],[-50.7579,-6.4976],[-50.7637,-6.46],[-50.7913,-6.4352],[-50.8266,-6.3759],[-50.8221,-6.3214],[-50.8003,-6.3068],[-50.8166,-6.272],[-50.8498,-6.2918],[-50.8932,-6.3004],[-50.9391,-6.3292],[-50.9471,-6.3726],[-50.9362,-6.405],[-50.9636,-6.4314],[-51.0259,-6.4572],[-51.0369,-6.4751]]]},"properties":{"ibge_code":"1504","name":"Redenção","codarea":"1504","uf":"PA","uf_code":"15","macro_id":"1","macro_sigla":"N"}},{"type":"Feature","geometry":{"type":"Polygon","coordinates":[[[-55.4136,1.5457],[-55.4454,1.5528],[-55.4699,1.585],[-55.4321,1.6435],[-55.4276,1.6686],[-55.455,1.7207],[-55.439,1.7667],[-55.4619,1.8281],[-55.5513,1.8667],[-55.5857,1.8995],[-55.5836,1.9596],[-55.517,2.0231],[-55.5124,2.0569],[-55.5547,2.0787],[-55.5562,2.1023],[-55.615,2.1355],[-55.6073,2.1636],[-55.6274,2.2226],[-55.6588,2.2657],[-55.6899,2.3403],[-55.7077,2.4032],[-55.718,2.4021],[-55.747,2.4105],[-55.7667,2.4553],[-55.8389,2.4623],[-55.8809,2.489],[-55.9017,2.5173],[-55.9347,2.5335],[-55.9783,2.5274],[-55.9912,2.4671],[-55.9899,2.4173],[-56.0367,2.3743],[-56.0226,2.3475],[-56.0507,2.3351],[-56.0902,2.3724],[-56.0938,2.3213],[-56.1281,2.2865],[-56.1325,2.2637],[-56.043,2.2279],[-56.0563,2.1894],[-56.0351,2.1689],[-56.0031,2.1677],[-55.9698,2.1131],[-55.9268,2.0752],[-55.9021,2.0294],[-55.9138,1.9906],[-55.9352,1.9966],[-55.9206,1.9191],[-55.9039,1.8881],[-55.9543,1.8486],[-55.999,1.8314],[-56.0367,1.8503],[-56.0987,1.8466],[-56.13,1.8593],[-56.1527,1.8908],[-56.2345,1.8987],[-56.2415,1.8797],[-56.335,1.9372],[-56.4119,1.9283],[-56.4371,1.9518],[-56.4829,1.9542],[-56.4957,1.9381],[-56.5798,1.906],[-56.6215,1.946],[-56.6735,1.9128],[-56.7164,1.9261],[-56.765,1.8884],[-56.8015,1.8742],[-56.8936,1.8994],[-56.9198,1.9304],[-57.0008,1.9074],[-57.0347,1.9486],[-57.064,1.956],[-57.0868,2.0265],[-57.1584,1.9919],[-57.1792,1.9902],[-57.2292,1.9536],[-57.253,1.9485],[-57.2773,1.9831],[-57.3457,1.9803],[-57.365,1.9261],[-57.4335,1.906],[-57.432,1.8586],[-57.451,1.8064],[-57.497,1.7735],[-57.5343,1.7083],[-57.6294,1.6985],[-57.6505,1.6824],[-57.7197,1.7229],[-57.7924,1.7267],[-57.8196,1.6839],[-57.8951,1.6744],[-57.9269,1.6449],[-57.9811,1.6594],[-57.9787,1.5728],[-58.0056,1.5168],[-58.0273,1.5087],[-58.061,1.5254],[-58.1295,1.499],[-58.1497,1.5101],[-58.1607,1.5602],[-58.1895,1.5716],[-58.2333,1.5475],[-58.2624,1.5708],[-58.3172,1.5685],[-58.3325,1.5907],[-58.3896,1.5354],[-58.3857,1.47],[-58.4129,1.4727],[-58.4485,1.4561],[-58.5052,1.4649],[-58.5052,1.4032],[-58.4716,1.3742],[-58.4711,1.3194],[-58.4952,1.295],[-58.4963,1.268],[-58.5383,1.2677],[-58.5597,1.2902],[-58.5886,1.2699],[-58.6288,1.2886],[-58.6613,1.2805],[-58.7105,1.2899],[-58.7163,1.241],[-58.7513,1.2085],[-58.8213,1.171],[-58.8544,1.1835],[-58.8711,1.2177],[-58.8955,1.2277],[-58.8955,0.9047],[-58.8956,0.5922],[-58.8955,0.2635],[-58.895,-0.011],[-58.8866,-0.0592],[-58.8639,-0.078],[-58.8653,-0.1689],[-58.881,-0.1966],[-58.8654,-0.2655],[-58.876,-0.3114],[-58.8695,-0.3475],[-58.8362,-0.3727],[-58.7835,-0.389],[-58.7253,-0.4383],[-58.7365,-0.4717],[-58.7112,-0.5185],[-58.709,-0.5459],[-58.7313,-0.5807],[-58.7363,-0.6194],[-58.7127,-0.6446],[-58.7065,-0.6796],[-58.6367,-0.7201],[-58.609,-0.7616],[-58.536,-0.8222],[-58.4985,-0.8357],[-58.4743,-0.8692],[-58.4342,-0.8922],[-58.452,-0.9241],[-58.4106,-0.9822],[-58.4284,-1.0246],[-58.3637,-1.0711],[-58.3484,-1.1129],[-58.3167,-1.1477],[-58.2576,-1.1308],[-58.163,-1.2301],[-58.0928,-1.1616],[-58.0587,-1.1065],[-58.0173,-1.1036],[-58.0013,-1.1481],[-57.9688,-1.1626],[-57.9707,-1.2278],[-57.9987,-1.3313],[-57.9565,-1.3783],[-57.9597,-1.3969],[-57.9115,-1.4047],[-57.8247,-1.4378],[-57.7953,-1.4872],[-57.758,-1.5022],[-57.7177,-1.5033],[-57.6888,-1.587],[-57.6219,-1.5892],[-57.5441,-1.6111],[-57.4731,-1.6789],[-57.4435,-1.6646],[-57.3858,-1.6977],[-57.3534,-1.7368],[-57.3277,-1.7162],[-57.2923,-1.7083],[-57.2308,-1.7275],[-57.2022,-1.7131],[-57.1711,-1.7509],[-57.125,-1.7681],[-57.1103,-1.7923],[-57.0793,-1.8026],[-57.0676,-1.8545],[-57.0284,-1.918],[-56.9884,-1.9072],[-56.9611,-1.953],[-56.9237,-1.9643],[-56.8763,-1.9923],[-56.859,-2.0159],[-56.7932,-2.021],[-56.7479,-2.0115],[-56.7214,-2.0592],[-56.7328,-2.0917],[-56.7694,-2.1407],[-56.761,-2.1741],[-56.7078,-2.1839],[-56.6791,-2.2126],[-56.6129,-2.2102],[-56.5856,-2.1765],[-56.5271,-2.1392],[-56.4779,-2.1704],[-56.4442,-2.1539],[-56.4139,-2.1759],[-56.3678,-2.1371],[-56.3168,-2.1401],[-56.2975,-2.1008],[-56.2562,-2.0883],[-56.2284,-2.0562],[-56.1867,-2.0428],[-56.0987,-2.0269],[-56.0976,-2.0371],[-56.1694,-2.1455],[-56.2038,-2.1831],[-56.3072,-2.2425],[-56.3642,-2.2593],[-56.3892,-2.2785],[-56.4128,-2.3217],[-56.4257,-2.3692],[-56.4645,-2.4316],[-56.4021,-2.4565],[-56.4263,-2.5016],[-56.6098,-2.8963],[-56.7679,-3.2429],[-56.8101,-3.333],[-56.9138,-3.5623],[-56.9561,-3.6586],[-57.0005,-3.7591],[-57.2136,-4.2116],[-57.3502,-4.5018],[-57.5856,-5.0007],[-57.7718,-5.4071],[-57.8606,-5.6007],[-58.0336,-5.9781],[-58.2667,-6.4756],[-58.3271,-6.5004],[-58.3499,-6.5624],[-58.4273,-6.6162],[-58.4785,-6.6996],[-58.4818,-6.7814],[-58.4346,-6.9088],[-58.3802,-6.9705],[-58.3354,-6.9864],[-58.2883,-7.0617],[-58.2399,-7.0955],[-58.181,-7.1817],[-58.1678,-7.2392],[-58.17,-7.3132],[-58.1474,-7.3432],[-58.1371,-7.3561],[-58.1214,-7.3518],[-58.0614,-7.3952],[-58.0398,-7.4463],[-58.0022,-7.4881],[-57.9521,-7.5801],[-57.9344,-7.6568],[-57.8967,-7.6779],[-57.8796,-7.7819],[-57.835,-7.8814],[-57.8319,-7.9615],[-57.7765,-8.0522],[-57.7325,-8.0892],[-57.7187,-8.1512],[-57.6729,-8.1726],[-57.6417,-8.2199],[-57.6802,-8.3269],[-57.6678,-8.3639],[-57.6866,-8.407],[-57.6831,-8.4301],[-57.6518,-8.4788],[-57.6591,-8.5004],[-57.6334,-8.5268],[-57.6505,-8.5534],[-57.6222,-8.5912],[-57.6226,-8.645],[-57.6053,-8.6628],[-57.5936,-8.7074],[-57.5929,-8.7565],[-57.5624,-8.7613],[-57.523,-8.7497],[-57.4635,-8.7847],[-57.4175,-8.7926],[-57.4162,-8.859],[-57.3844,-8.8796],[-57.3179,-8.8857],[-57.2895,-8.9158],[-57.2355,-8.9074],[-57.2038,-8.9208],[-57.1383,-8.9946],[-57.0946,-9.0171],[-57.0392,-9.0983],[-57.0604,-9.1371],[-57.0598,-9.1824],[-56.9955,-9.2338],[-56.9417,-9.2293],[-56.8201,-9.2463],[-56.7755,-9.3295],[-56.7723,-9.391],[-56.7543,-9.4064],[-56.7084,-9.3732],[-56.6719,-9.3674],[-56.2723,-9.4008],[-56.1565,-9.4104],[-55.8672,-9.4343],[-55.3779,-9.4743],[-54.9956,-9.5053],[-54.6135,-9.5358],[-54.6324,-9.5029],[-54.6713,-9.4854],[-54.684,-9.405],[-54.7178,-9.3728],[-54.7323,-9.3165],[-54.7723,-9.3001],[-54.72,-9.2395],[-54.7107,-9.2104],[-54.6747,-9.1864],[-54.6813,-9.1529],[-54.7178,-9.1557],[-54.7511,-9.1095],[-54.8109,-9.0918],[-54.8741,-9.0634],[-54.9444,-9.0511],[-54.9836,-9.0529],[-55.1116,-9.0381],[-55.1185,-8.9867],[-55.1725,-8.9667],[-55.1612,-8.9145],[-55.1825,-8.8687],[-55.1784,-8.8428],[-55.222,-8.8467],[-55.2419,-8.8269],[-55.2355,-8.7812],[-55.2709,-8.7378],[-55.2577,-8.7164],[-55.2084,-8.7323],[-55.1768,-8.7013],[-55.1514,-8.7426],[-55.1189,-8.7732],[-55.0895,-8.7759],[-55.0686,-8.7182],[-55.1198,-8.6597],[-55.1712,-8.6324],[-55.166,-8.553],[-55.1774,-8.5148],[-55.208,-8.475],[-55.1901,-8.421],[-55.2144,-8.3816],[-55.1949,-8.3471],[-55.2153,-8.3034],[-55.2001,-8.2829],[-55.2376,-8.2327],[-55.2025,-8.1687],[-55.213,-8.1426],[-55.1723,-8.1138],[-55.1275,-8.0618],[-55.1443,-8.0045],[-55.1141,-7.9706],[-55.0817,-7.965],[-55.064,-7.9335],[-55.0876,-7.8771],[-55.041,-7.8315],[-55.007,-7.8172],[-55.0153,-7.752],[-55.0791,-7.7284],[-55.1121,-7.6953],[-55.0796,-7.654],[-55.0641,-7.5878],[-55.0647,-7.5258],[-55.0865,-7.52],[-55.1085,-7.4875],[-55.1472,-7.4907],[-55.1759,-7.4578],[-55.1519,-7.4387],[-55.2104,-7.3983],[-55.193,-7.3526],[-55.2103,-7.3307],[-55.1973,-7.2988],[-55.1996,-7.2453],[-55.2525,-7.1593],[-55.24,-7.1087],[-55.2518,-6.9791],[-55.2261,-6.9719],[-55.2359,-6.9285],[-55.1939,-6.8911],[-55.2206,-6.8476],[-55.203,-6.8365],[-55.2041,-6.7737],[-55.1907,-6.7723],[-55.1673,-6.6854],[-55.1882,-6.6587],[-55.1752,-6.6268],[-55.1955,-6.6033],[-55.192,-6.5485],[-55.2553,-6.4418],[-55.2426,-6.3555],[-55.3024,-6.3135],[-55.3353,-6.2492],[-55.3318,-6.1977],[-55.2953,-6.1745],[-55.3224,-6.1394],[-55.339,-6.0965],[-55.3214,-6.0415],[-55.2501,-6.0796],[-55.1998,-6.0974],[-55.1665,-6.0802],[-55.1332,-6.0392],[-55.0706,-6.0088],[-55.044,-6.0112],[-55.0243,-5.9362],[-55.0474,-5.9245],[-55.0875,-5.8461],[-55.212,-5.7377],[-55.2211,-5.7013],[-55.2692,-5.6157],[-55.2819,-5.5805],[-55.2716,-5.5489],[-55.2799,-5.5156],[-55.3206,-5.4508],[-55.3136,-5.4314],[-55.3487,-5.383],[-55.3904,-5.3886],[-55.4162,-5.4198],[-55.4749,-5.3829],[-55.4897,-5.3166],[-55.5035,-5.2977],[-55.5483,-5.285],[-55.5823,-5.2967],[-55.6239,-5.2523],[-55.6138,-5.2318],[-55.574,-5.2321],[-55.5935,-5.1962],[-55.4502,-5.1779],[-55.4243,-5.1239],[-55.3891,-5.1045],[-55.3863,-5.0734],[-55.3573,-5.0536],[-55.3634,-5.0141],[-55.4121,-4.9418],[-55.4283,-4.9332],[-55.446,-4.8418],[-55.4817,-4.8159],[-55.5291,-4.7971],[-55.4828,-4.7357],[-55.4655,-4.6909],[-55.4929,-4.6501],[-55.4978,-4.6204],[-55.4607,-4.609],[-55.379,-4.6392],[-55.3384,-4.6302],[-55.3099,-4.6652],[-55.2687,-4.6671],[-55.2224,-4.6428],[-55.1553,-4.6417],[-55.1283,-4.604],[-55.0578,-4.599],[-55.0048,-4.5782],[-54.9809,-4.5916],[-54.9202,-4.5373],[-54.9295,-4.4902],[-54.9013,-4.4602],[-54.8559,-4.44],[-54.8419,-4.4102],[-54.8131,-4.4284],[-54.7968,-4.4637],[-54.7356,-4.4245],[-54.7238,-4.3841],[-54.6747,-4.316],[-54.643,-4.3267],[-54.5819,-4.3933],[-54.5031,-4.3585],[-54.5343,-4.3333],[-54.5164,-4.2802],[-54.4897,-4.2514],[-54.451,-4.2433],[-54.4133,-4.2911],[-54.3912,-4.2952],[-54.3666,-4.2646],[-54.3048,-4.2805],[-54.3017,-4.3123],[-54.2258,-4.3044],[-54.2001,-4.2028],[-54.1709,-4.1907],[-54.1001,-4.2319],[-54.1108,-4.2122],[-54.0829,-4.1827],[-54.0938,-4.1585],[-54.0858,-4.0993],[-54.0545,-4.0725],[-54.1374,-4.0321],[-54.1351,-3.9881],[-54.1102,-3.974],[-54.1177,-3.8742],[-54.1101,-3.8256],[-54.1477,-3.8371],[-54.1693,-3.8242],[-54.1526,-3.7775],[-54.2544,-3.6929],[-54.2536,-3.6617],[-54.224,-3.6433],[-54.247,-3.5922],[-54.2693,-3.5678],[-54.258,-3.449],[-54.286,-3.4024],[-54.289,-3.3782],[-54.2558,-3.3553],[-54.2641,-3.3103],[-54.2489,-3.2665],[-54.2139,-3.2334],[-54.2079,-3.2091],[-54.1099,-3.1704],[-54.1029,-3.1323],[-54.07,-3.1144],[-54.0507,-3.0825],[-54.046,-2.9988],[-54.0888,-2.961],[-54.103,-2.8865],[-53.8554,-2.8875],[-53.6084,-2.8652],[-53.5943,-2.8131],[-53.5649,-2.7918],[-53.4872,-2.7649],[-53.4544,-2.7765],[-53.4085,-2.7499],[-53.358,-2.7373],[-53.3097,-2.7433],[-53.2529,-2.7743],[-53.2079,-2.7207],[-53.1701,-2.6952],[-53.1464,-2.6653],[-53.1069,-2.686],[-53.0288,-2.682],[-53.0015,-2.6716],[-52.9668,-2.657],[-53.3843,-2.505],[-53.3255,-2.4537],[-53.2938,-2.4496],[-53.271,-2.4049],[-53.2257,-2.3653],[-53.2531,-2.1668],[-53.2722,-2.1447],[-53.2767,-2.0879],[-53.305,-2.0816],[-53.3454,-2.0532],[-53.3596,-2.0254],[-53.3012,-1.9875],[-53.2634,-1.9756],[-53.2181,-1.9949],[-53.1728,-1.9779],[-53.1382,-1.9505],[-53.1166,-1.9182],[-53.0605,-1.8815],[-53.0292,-1.7833],[-52.9988,-1.7715],[-52.9998,-1.7434],[-53.0473,-1.7688],[-53.118,-1.7811],[-53.2162,-1.7586],[-53.3109,-1.7688],[-53.3536,-1.7489],[-53.3612,-1.688],[-53.3831,-1.6258],[-53.4641,-1.4545],[-53.4845,-1.4324],[-53.4952,-1.3418],[-53.5503,-1.2615],[-53.5644,-1.2229],[-53.6329,-1.1881],[-53.6283,-1.1534],[-53.6754,-1.0915],[-53.6841,-1.0165],[-53.7059,-0.9809],[-53.7272,-0.9795],[-53.7962,-0.9501],[-53.8172,-0.9511],[-53.9149,-0.9968],[-53.9594,-0.9945],[-54.035,-0.9017],[-54.078,-0.8896],[-54.1214,-0.8491],[-54.1235,-0.8276],[-54.071,-0.7829],[-54.0292,-0.6622],[-54.0256,-0.6296],[-54.0667,-0.629],[-54.0881,-0.6086],[-54.1298,-0.618],[-54.1238,-0.5856],[-54.1799,-0.5956],[-54.1833,-0.5351],[-54.2139,-0.5185],[-54.2332,-0.4781],[-54.2712,-0.4909],[-54.3198,-0.4708],[-54.3437,-0.4453],[-54.3227,-0.4291],[-54.3287,-0.3957],[-54.3191,-0.3577],[-54.35,-0.2986],[-54.3902,-0.2525],[-54.3685,-0.2233],[-54.3824,-0.1702],[-54.4236,-0.1116],[-54.4347,-0.0699],[-54.4017,-0.0718],[-54.3879,-0.0079],[-54.4044,0.0339],[-54.4423,0.0508],[-54.4469,0.0857],[-54.5361,0.0868],[-54.6022,0.1383],[-54.6407,0.1336],[-54.6842,0.2449],[-54.7452,0.3044],[-54.7969,0.3295],[-54.8138,0.3577],[-54.8457,0.3549],[-54.8621,0.3725],[-54.8473,0.4333],[-54.8603,0.4765],[-54.9365,0.5037],[-55.0011,0.4821],[-55.0076,0.5078],[-54.9764,0.5742],[-54.9897,0.599],[-55.0283,0.606],[-55.0667,0.6536],[-55.0497,0.6809],[-55.0586,0.7172],[-55.0349,0.7297],[-55.023,0.7851],[-55.0329,0.8087],[-55.0213,0.8584],[-55.0274,0.886],[-55.0889,0.9264],[-55.0899,0.9503],[-55.0647,1.0004],[-55.1024,1.0631],[-55.1453,1.0538],[-55.2165,1.0734],[-55.2293,1.0914],[-55.207,1.1433],[-55.2035,1.1977],[-55.2609,1.2318],[-55.2434,1.2652],[-55.247,1.3289],[-55.2848,1.3712],[-55.3126,1.3808],[-55.3426,1.4519],[-55.3308,1.4766],[-55.3668,1.4964],[-55.3612,1.5458],[-55.4136,1.5457]]]},"properties":{"ibge_code":"1505","name":"Santarém","codarea":"1505","uf":"PA","uf_code":"15","macro_id":"1","macro_sigla":"N"}},{"type":"Feature","geometry":{"type":"Polygon","coordinates":[[[-52.9998,-1.7434],[-52.9988,-1.7715],[-53.0292,-1.7833],[-53.0605,-1.8815],[-53.1166,-1.9182],[-53.1382,-1.9505],[-53.1728,-1.9779],[-53.2181,-1.9949],[-53.2634,-1.9756],[-53.3012,-1.9875],[-53.3596,-2.0254],[-53.3454,-2.0532],[-53.305,-2.0816],[-53.2767,-2.0879],[-53.2722,-2.1447],[-53.2531,-2.1668],[-53.2257,-2.3653],[-53.271,-2.4049],[-53.2938,-2.4496],[-53.3255,-2.4537],[-53.3843,-2.505],[-52.9668,-2.657],[-53.0015,-2.6716],[-53.0288,-2.682],[-53.1069,-2.686],[-53.1464,-2.6653],[-53.1701,-2.6952],[-53.2079,-2.7207],[-53.2529,-2.7743],[-53.3097,-2.7433],[-53.358,-2.7373],[-53.4085,-2.7499],[-53.4544,-2.7765],[-53.4872,-2.7649],[-53.5649,-2.7918],[-53.5943,-2.8131],[-53.6084,-2.8652],[-53.8554,-2.8875],[-54.103,-2.8865],[-54.0888,-2.961],[-54.046,-2.9988],[-54.0507,-3.0825],[-54.07,-3.1144],[-54.1029,-3.1323],[-54.1099,-3.1704],[-54.2079,-3.2091],[-54.2139,-3.2334],[-54.2489,-3.2665],[-54.2641,-3.3103],[-54.2558,-3.3553],[-54.289,-3.3782],[-54.286,-3.4024],[-54.258,-3.449],[-54.2693,-3.5678],[-54.247,-3.5922],[-54.224,-3.6433],[-54.2536,-3.6617],[-54.2544,-3.6929],[-54.1526,-3.7775],[-54.1693,-3.8242],[-54.1477,-3.8371],[-54.1101,-3.8256],[-54.1177,-3.8742],[-54.1102,-3.974],[-54.1351,-3.9881],[-54.1374,-4.0321],[-54.0545,-4.0725],[-54.0858,-4.0993],[-54.0938,-4.1585],[-54.0829,-4.1827],[-54.1108,-4.2122],[-54.1001,-4.2319],[-54.1709,-4.1907],[-54.2001,-4.2028],[-54.2258,-4.3044],[-54.3017,-4.3123],[-54.3048,-4.2805],[-54.3666,-4.2646],[-54.3912,-4.2952],[-54.4133,-4.2911],[-54.451,-4.2433],[-54.4897,-4.2514],[-54.5164,-4.2802],[-54.5343,-4.3333],[-54.5031,-4.3585],[-54.5819,-4.3933],[-54.643,-4.3267],[-54.6747,-4.316],[-54.7238,-4.3841],[-54.7356,-4.4245],[-54.7968,-4.4637],[-54.8131,-4.4284],[-54.8419,-4.4102],[-54.8559,-4.44],[-54.9013,-4.4602],[-54.9295,-4.4902],[-54.9202,-4.5373],[-54.9809,-4.5916],[-55.0048,-4.5782],[-55.0578,-4.599],[-55.1283,-4.604],[-55.1553,-4.6417],[-55.2224,-4.6428],[-55.2687,-4.6671],[-55.3099,-4.6652],[-55.3384,-4.6302],[-55.379,-4.6392],[-55.4607,-4.609],[-55.4978,-4.6204],[-55.4929,-4.6501],[-55.4655,-4.6909],[-55.4828,-4.7357],[-55.5291,-4.7971],[-55.4817,-4.8159],[-55.446,-4.8418],[-55.4283,-4.9332],[-55.4121,-4.9418],[-55.3634,-5.0141],[-55.3573,-5.0536],[-55.3863,-5.0734],[-55.3891,-5.1045],[-55.4243,-5.1239],[-55.4502,-5.1779],[-55.5935,-5.1962],[-55.574,-5.2321],[-55.6138,-5.2318],[-55.6239,-5.2523],[-55.5823,-5.2967],[-55.5483,-5.285],[-55.5035,-5.2977],[-55.4897,-5.3166],[-55.4749,-5.3829],[-55.4162,-5.4198],[-55.3904,-5.3886],[-55.3487,-5.383],[-55.3136,-5.4314],[-55.3206,-5.4508],[-55.2799,-5.5156],[-55.2716,-5.5489],[-55.2819,-5.5805],[-55.2692,-5.6157],[-55.2211,-5.7013],[-55.212,-5.7377],[-55.0875,-5.8461],[-55.0474,-5.9245],[-55.0243,-5.9362],[-55.044,-6.0112],[-55.0706,-6.0088],[-55.1332,-6.0392],[-55.1665,-6.0802],[-55.1998,-6.0974],[-55.2501,-6.0796],[-55.3214,-6.0415],[-55.339,-6.0965],[-55.3224,-6.1394],[-55.2953,-6.1745],[-55.3318,-6.1977],[-55.3353,-6.2492],[-55.3024,-6.3135],[-55.2426,-6.3555],[-55.2553,-6.4418],[-55.192,-6.5485],[-55.1955,-6.6033],[-55.1752,-6.6268],[-55.1882,-6.6587],[-55.1673,-6.6854],[-55.1907,-6.7723],[-55.2041,-6.7737],[-55.203,-6.8365],[-55.2206,-6.8476],[-55.1939,-6.8911],[-55.2359,-6.9285],[-55.2261,-6.9719],[-55.2518,-6.9791],[-55.24,-7.1087],[-55.2525,-7.1593],[-55.1996,-7.2453],[-55.1973,-7.2988],[-55.2103,-7.3307],[-55.193,-7.3526],[-55.2104,-7.3983],[-55.1519,-7.4387],[-55.1759,-7.4578],[-55.1472,-7.4907],[-55.1085,-7.4875],[-55.0865,-7.52],[-55.0647,-7.5258],[-55.0641,-7.5878],[-55.0796,-7.654],[-55.1121,-7.6953],[-55.0791,-7.7284],[-55.0153,-7.752],[-55.007,-7.8172],[-55.041,-7.8315],[-55.0876,-7.8771],[-55.064,-7.9335],[-55.0817,-7.965],[-55.1141,-7.9706],[-55.1443,-8.0045],[-55.1275,-8.0618],[-55.1723,-8.1138],[-55.213,-8.1426],[-55.2025,-8.1687],[-55.2376,-8.2327],[-55.2001,-8.2829],[-55.2153,-8.3034],[-55.1949,-8.3471],[-55.2144,-8.3816],[-55.1901,-8.421],[-55.208,-8.475],[-55.1774,-8.5148],[-55.166,-8.553],[-55.1712,-8.6324],[-55.1198,-8.6597],[-55.0686,-8.7182],[-55.0895,-8.7759],[-55.1189,-8.7732],[-55.1514,-8.7426],[-55.1768,-8.7013],[-55.2084,-8.7323],[-55.2577,-8.7164],[-55.2709,-8.7378],[-55.2355,-8.7812],[-55.2419,-8.8269],[-55.222,-8.8467],[-55.1784,-8.8428],[-55.1825,-8.8687],[-55.1612,-8.9145],[-55.1725,-8.9667],[-55.1185,-8.9867],[-55.1116,-9.0381],[-54.9836,-9.0529],[-54.9444,-9.0511],[-54.8741,-9.0634],[-54.8109,-9.0918],[-54.7511,-9.1095],[-54.7178,-9.1557],[-54.6813,-9.1529],[-54.6747,-9.1864],[-54.7107,-9.2104],[-54.72,-9.2395],[-54.7723,-9.3001],[-54.7323,-9.3165],[-54.7178,-9.3728],[-54.684,-9.405],[-54.6713,-9.4854],[-54.6324,-9.5029],[-54.6135,-9.5358],[-54.1068,-9.5719],[-53.5891,-9.611],[-53.1334,-9.6452],[-53.1125,-9.5524],[-53.0567,-9.5305],[-53.0425,-9.4773],[-52.9951,-9.4753],[-52.9396,-9.4214],[-52.9226,-9.3804],[-52.9752,-9.2441],[-52.9722,-9.2103],[-53.023,-9.1567],[-53.0813,-9.1434],[-53.0848,-9.1161],[-53.0161,-9.0644],[-53.0382,-9.0422],[-53.052,-9.0029],[-53.0401,-8.9751],[-53.0552,-8.954],[-53.0175,-8.9225],[-52.9926,-8.8508],[-52.9991,-8.8043],[-53.0352,-8.7518],[-53.0369,-8.7286],[-53.0063,-8.7048],[-52.9319,-8.73],[-52.9436,-8.6874],[-52.9289,-8.6296],[-52.8967,-8.6276],[-52.8883,-8.5833],[-52.9147,-8.5316],[-52.9206,-8.4958],[-52.9455,-8.4866],[-52.9552,-8.4413],[-52.9199,-8.4345],[-52.9166,-8.4136],[-52.9432,-8.3878],[-52.9412,-8.3467],[-52.9796,-8.3379],[-52.9907,-8.3075],[-52.9631,-8.2365],[-52.9396,-8.2059],[-52.9253,-8.1626],[-52.9654,-8.1215],[-52.9562,-8.0711],[-53.0098,-7.9978],[-53.0376,-7.9305],[-53.0661,-7.9121],[-53.0274,-7.8814],[-53.0306,-7.86],[-52.9921,-7.8277],[-52.9959,-7.7967],[-53.0347,-7.776],[-53.0373,-7.7214],[-53.0581,-7.6878],[-53.1001,-7.6821],[-53.1129,-7.6288],[-53.1681,-7.5539],[-53.1384,-7.5465],[-53.0924,-7.4776],[-53.1243,-7.4458],[-53.1201,-7.3955],[-53.1476,-7.3988],[-53.1784,-7.3804],[-53.1654,-7.3571],[-53.2349,-7.2985],[-53.2814,-7.2327],[-53.3154,-7.203],[-53.2717,-7.1594],[-53.2537,-7.1146],[-53.3076,-7.0746],[-53.3174,-7.0275],[-53.2788,-6.9656],[-53.2826,-6.937],[-53.3116,-6.9161],[-53.2888,-6.865],[-53.248,-6.8315],[-53.2473,-6.7869],[-53.2741,-6.7675],[-53.3442,-6.7494],[-53.3685,-6.7233],[-53.3949,-6.7176],[-53.4279,-6.6738],[-53.4496,-6.6861],[-53.4685,-6.6347],[-53.4669,-6.6103],[-53.4419,-6.5616],[-53.4072,-6.5618],[-53.3739,-6.594],[-53.3424,-6.553],[-53.3143,-6.4995],[-53.3256,-6.4767],[-53.2967,-6.4583],[-53.2574,-6.4651],[-53.2374,-6.5004],[-53.2146,-6.4695],[-53.1818,-6.4587],[-53.2131,-6.4244],[-53.1912,-6.4006],[-53.2265,-6.295],[-53.2602,-6.2893],[-53.2672,-6.2543],[-53.3069,-6.1657],[-53.3514,-6.1719],[-53.3409,-6.1319],[-53.3712,-6.1177],[-53.3827,-6.0816],[-53.369,-6.058],[-53.271,-6.0198],[-53.2792,-5.9818],[-53.2183,-5.9428],[-53.2024,-5.9586],[-53.1491,-5.9378],[-53.1094,-5.872],[-53.0591,-5.8861],[-53.0195,-5.8569],[-52.9759,-5.8451],[-52.9522,-5.7986],[-52.9319,-5.7912],[-52.9394,-5.744],[-52.8962,-5.7057],[-52.8514,-5.7101],[-52.8322,-5.6899],[-52.8023,-5.7157],[-52.7715,-5.7223],[-52.7427,-5.684],[-52.6902,-5.6537],[-52.6992,-5.6231],[-52.6828,-5.582],[-52.6919,-5.5163],[-52.6727,-5.4759],[-52.6727,-5.4331],[-52.6442,-5.3966],[-52.6422,-5.3557],[-52.658,-5.2978],[-52.6122,-5.2431],[-52.5609,-5.2172],[-52.5273,-5.2299],[-52.4855,-5.1984],[-52.4501,-5.185],[-52.4264,-5.154],[-52.408,-5.1836],[-52.3748,-5.2046],[-52.3462,-5.1803],[-52.2953,-5.1944],[-52.274,-5.2294],[-52.284,-5.2576],[-52.1483,-5.3161],[-52.1195,-5.3142],[-52.1053,-5.2714],[-52.0685,-5.243],[-52.076,-5.2156],[-52.0511,-5.1514],[-51.4478,-5.1502],[-50.9302,-5.1506],[-50.8893,-5.0775],[-50.86,-5.0004],[-50.8553,-4.941],[-50.8584,-4.8689],[-50.9123,-4.8647],[-50.9404,-4.7617],[-50.9066,-4.7288],[-50.9304,-4.6839],[-50.9064,-4.6747],[-50.9201,-4.626],[-50.8946,-4.5819],[-50.9067,-4.4959],[-50.8798,-4.4475],[-50.9005,-4.4123],[-50.9961,-4.3467],[-50.9821,-4.2903],[-50.9937,-4.2713],[-50.9858,-4.2393],[-51.0188,-4.211],[-51.0493,-4.2303],[-51.07,-4.1997],[-51.1161,-4.0818],[-51.2068,-4.0719],[-51.2283,-4.0306],[-51.2488,-4.0305],[-51.2483,-3.9849],[-51.2832,-3.9541],[-51.294,-3.9056],[-51.2568,-3.8721],[-51.2149,-3.7316],[-51.2013,-3.6669],[-51.1668,-3.6671],[-51.1674,-3.4487],[-51.196,-3.4485],[-51.2235,-3.4138],[-51.2665,-3.309],[-51.2395,-3.2017],[-51.2094,-3.156],[-51.1745,-3.1584],[-51.1467,-3.116],[-51.1701,-3.0656],[-51.1612,-3.0187],[-51.2103,-2.9995],[-51.2754,-2.9593],[-51.3085,-2.9308],[-51.398,-2.8891],[-51.4153,-2.8414],[-51.4405,-2.8078],[-51.4494,-2.7696],[-51.504,-2.7464],[-51.533,-2.7442],[-51.572,-2.7655],[-51.6445,-2.7696],[-51.7199,-2.7963],[-51.7483,-2.8455],[-51.7979,-2.7278],[-51.8201,-2.6976],[-51.8558,-2.5945],[-51.8545,-2.5525],[-51.8484,-2.5084],[-51.8738,-2.461],[-51.8789,-2.4187],[-51.8665,-2.3643],[-51.9205,-2.3315],[-51.9226,-2.2782],[-51.9396,-2.2571],[-51.9396,-2.1077],[-51.9163,-2.0742],[-51.9058,-2.0034],[-51.8746,-1.9446],[-51.9662,-1.876],[-51.9635,-1.8256],[-51.9772,-1.8061],[-51.99,-1.743],[-51.9861,-1.701],[-51.952,-1.6466],[-51.97,-1.6103],[-52.0252,-1.5966],[-52.0925,-1.6069],[-52.1998,-1.6042],[-52.2419,-1.5431],[-52.2519,-1.5041],[-52.2302,-1.486],[-52.1116,-1.4701],[-52.0618,-1.4497],[-51.9911,-1.4351],[-51.9558,-1.406],[-51.9097,-1.353],[-51.8909,-1.3095],[-51.8891,-1.275],[-51.8627,-1.2423],[-51.7907,-1.1986],[-51.7784,-1.1404],[-51.8091,-1.1571],[-51.882,-1.1663],[-51.9229,-1.133],[-51.9494,-1.1688],[-51.987,-1.1645],[-52.0551,-1.1769],[-52.0476,-1.2143],[-52.0705,-1.236],[-52.111,-1.215],[-52.1068,-1.1831],[-52.1203,-1.1462],[-52.1467,-1.1488],[-52.1789,-1.1296],[-52.2147,-1.135],[-52.333,-1.1159],[-52.3582,-1.0626],[-52.4168,-1.0256],[-52.4187,-0.9722],[-52.4387,-0.9436],[-52.4047,-0.9127],[-52.4124,-0.8627],[-52.4555,-0.8303],[-52.5111,-0.8567],[-52.5418,-0.8365],[-52.517,-0.809],[-52.5182,-0.7755],[-52.4974,-0.7113],[-52.5104,-0.6792],[-52.5132,-0.6196],[-52.5352,-0.5741],[-52.5763,-0.5764],[-52.613,-0.5949],[-52.64,-0.5849],[-52.6954,-0.4964],[-52.7027,-0.4592],[-52.6792,-0.4237],[-52.6973,-0.3929],[-52.6818,-0.34],[-52.6842,-0.3143],[-52.7544,-0.2622],[-52.7604,-0.2376],[-52.8361,-0.1861],[-52.8515,-0.1502],[-52.904,-0.1549],[-52.9327,-0.1423],[-52.969,-0.0498],[-52.9834,0.0334],[-53.015,0.0597],[-53.0521,0.1573],[-53.0943,0.1953],[-53.1059,0.2373],[-53.0941,0.259],[-53.1314,0.2962],[-53.1365,0.326],[-53.1753,0.3817],[-53.1612,0.3985],[-53.1698,0.4937],[-53.1521,0.5319],[-53.1473,0.6003],[-53.1227,0.6301],[-53.1057,0.6795],[-53.1469,0.6998],[-53.1574,0.7291],[-53.1903,0.7684],[-53.2551,0.8092],[-53.2875,0.8457],[-53.4115,0.9293],[-53.4108,0.982],[-53.4268,0.9924],[-53.4223,1.0337],[-53.4558,1.0774],[-53.4592,1.1337],[-53.4444,1.1513],[-53.4021,1.154],[-53.3961,1.1793],[-53.4261,1.2259],[-53.4737,1.2393],[-53.5252,1.2117],[-53.5463,1.2285],[-53.5233,1.2613],[-53.5527,1.2803],[-53.5626,1.3066],[-53.5385,1.3409],[-53.5952,1.3582],[-53.6332,1.3474],[-53.6649,1.3752],[-53.7015,1.3779],[-53.7837,1.4029],[-53.8236,1.3896],[-53.8878,1.4078],[-53.8773,1.4317],[-53.896,1.4551],[-53.9671,1.4844],[-54.0018,1.4836],[-54.0203,1.5158],[-54.0692,1.501],[-54.0988,1.5505],[-54.1019,1.5843],[-54.1437,1.6406],[-54.2009,1.6456],[-54.2627,1.6884],[-54.2696,1.7048],[-54.3517,1.7541],[-54.4572,1.7583],[-54.4959,1.7469],[-54.5305,1.7671],[-54.6019,1.7846],[-54.6436,1.7686],[-54.7448,1.7758],[-54.7544,1.7978],[-54.7385,1.8248],[-54.7702,1.9257],[-54.756,1.9742],[-54.8038,2.0258],[-54.8063,2.1389],[-54.7679,2.1809],[-54.7631,2.2023],[-54.8114,2.2664],[-54.7962,2.318],[-54.8076,2.3417],[-54.8747,2.4153],[-54.8723,2.4337],[-54.9354,2.5186],[-54.9543,2.5837],[-55.0038,2.591],[-55.1031,2.5257],[-55.1235,2.5677],[-55.1729,2.5594],[-55.2348,2.5035],[-55.3203,2.5155],[-55.3562,2.4757],[-55.3456,2.4481],[-55.3854,2.4185],[-55.4294,2.439],[-55.4998,2.4433],[-55.5707,2.4236],[-55.5779,2.4355],[-55.6423,2.4161],[-55.6984,2.4216],[-55.7077,2.4032],[-55.6899,2.3403],[-55.6588,2.2657],[-55.6274,2.2226],[-55.6073,2.1636],[-55.615,2.1355],[-55.5562,2.1023],[-55.5547,2.0787],[-55.5124,2.0569],[-55.517,2.0231],[-55.5836,1.9596],[-55.5857,1.8995],[-55.5513,1.8667],[-55.4619,1.8281],[-55.439,1.7667],[-55.455,1.7207],[-55.4276,1.6686],[-55.4321,1.6435],[-55.4699,1.585],[-55.4454,1.5528],[-55.4136,1.5457],[-55.3612,1.5458],[-55.3668,1.4964],[-55.3308,1.4766],[-55.3426,1.4519],[-55.3126,1.3808],[-55.2848,1.3712],[-55.247,1.3289],[-55.2434,1.2652],[-55.2609,1.2318],[-55.2035,1.1977],[-55.207,1.1433],[-55.2293,1.0914],[-55.2165,1.0734],[-55.1453,1.0538],[-55.1024,1.0631],[-55.0647,1.0004],[-55.0899,0.9503],[-55.0889,0.9264],[-55.0274,0.886],[-55.0213,0.8584],[-55.0329,0.8087],[-55.023,0.7851],[-55.0349,0.7297],[-55.0586,0.7172],[-55.0497,0.6809],[-55.0667,0.6536],[-55.0283,0.606],[-54.9897,0.599],[-54.9764,0.5742],[-55.0076,0.5078],[-55.0011,0.4821],[-54.9365,0.5037],[-54.8603,0.4765],[-54.8473,0.4333],[-54.8621,0.3725],[-54.8457,0.3549],[-54.8138,0.3577],[-54.7969,0.3295],[-54.7452,0.3044],[-54.6842,0.2449],[-54.6407,0.1336],[-54.6022,0.1383],[-54.5361,0.0868],[-54.4469,0.0857],[-54.4423,0.0508],[-54.4044,0.0339],[-54.3879,-0.0079],[-54.4017,-0.0718],[-54.4347,-0.0699],[-54.4236,-0.1116],[-54.3824,-0.1702],[-54.3685,-0.2233],[-54.3902,-0.2525],[-54.35,-0.2986],[-54.3191,-0.3577],[-54.3287,-0.3957],[-54.3227,-0.4291],[-54.3437,-0.4453],[-54.3198,-0.4708],[-54.2712,-0.4909],[-54.2332,-0.4781],[-54.2139,-0.5185],[-54.1833,-0.5351],[-54.1799,-0.5956],[-54.1238,-0.5856],[-54.1298,-0.618],[-54.0881,-0.6086],[-54.0667,-0.629],[-54.0256,-0.6296],[-54.0292,-0.6622],[-54.071,-0.7829],[-54.1235,-0.8276],[-54.1214,-0.8491],[-54.078,-0.8896],[-54.035,-0.9017],[-53.9594,-0.9945],[-53.9149,-0.9968],[-53.8172,-0.9511],[-53.7962,-0.9501],[-53.7272,-0.9795],[-53.7059,-0.9809],[-53.6841,-1.0165],[-53.6754,-1.0915],[-53.6283,-1.1534],[-53.6329,-1.1881],[-53.5644,-1.2229],[-53.5503,-1.2615],[-53.4952,-1.3418],[-53.4845,-1.4324],[-53.4641,-1.4545],[-53.3831,-1.6258],[-53.3612,-1.688],[-53.3536,-1.7489],[-53.3109,-1.7688],[-53.2162,-1.7586],[-53.118,-1.7811],[-53.0473,-1.7688],[-52.9998,-1.7434]]]},"properties":{"ibge_code":"1506","name":"Altamira","codarea":"1506","uf":"PA","uf_code":"15","macro_id":"1","macro_sigla":"N"}},{"type":"Feature","geometry":{"type":"MultiPolygon","coordinates":[[[[-46.6364,-0.9691],[-46.625,-0.9212],[-46.6348,-0.8961],[-46.5961,-0.8419],[-46.6134,-0.8158],[-46.6653,-0.7912],[-46.6766,-0.8206],[-46.716,-0.8438],[-46.7662,-0.8396],[-46.796,-0.8705],[-46.8339,-0.8259],[-46.8243,-0.7912],[-46.836,-0.7467],[-46.8624,-0.7417],[-46.8837,-0.7672],[-46.8837,-0.8076],[-46.9128,-0.8211],[-46.9161,-0.8524],[-46.9426,-0.8593],[-46.9422,-0.8075],[-46.9703,-0.7675],[-46.9462,-0.731],[-46.975,-0.7041],[-47.0085,-0.7689],[-47.0279,-0.7637],[-47.0637,-0.7946],[-47.0858,-0.7509],[-47.0743,-0.7048],[-47.092,-0.6741],[-47.1212,-0.6762],[-47.1327,-0.7224],[-47.1605,-0.7623],[-47.1709,-0.6763],[-47.2092,-0.6961],[-47.2048,-0.65],[-47.2182,-0.6327],[-47.262,-0.6243],[-47.2619,-0.6478],[-47.2809,-0.6382],[-47.2864,-0.603],[-47.3164,-0.5922],[-47.3863,-0.6047],[-47.3953,-0.6538],[-47.426,-0.6573],[-47.4115,-0.6039],[-47.4213,-0.5848],[-47.4744,-0.5923],[-47.479,-0.6572],[-47.47,-0.6938],[-47.5015,-0.7094],[-47.5315,-0.6164],[-47.5643,-0.5816],[-47.5887,-0.5757],[-47.5866,-0.6383],[-47.6081,-0.6978],[-47.6315,-0.7063],[-47.6327,-0.6021],[-47.7039,-0.5346],[-47.7543,-0.5432],[-47.7712,-0.5643],[-47.7562,-0.6063],[-47.7776,-0.5818],[-47.8095,-0.5843],[-47.8306,-0.6096],[-47.8209,-0.6375],[-47.8514,-0.6692],[-47.8493,-0.5883],[-47.8699,-0.5612],[-47.9094,-0.5774],[-47.9173,-0.6232],[-47.9646,-0.6421],[-47.977,-0.6862],[-47.9615,-0.6988],[-47.9519,-0.7768],[-47.984,-0.7607],[-48.0215,-0.7796],[-48.0133,-0.812],[-48.0197,-0.8616],[-48.0019,-0.8847],[-47.9885,-0.9448],[-47.9195,-0.9731],[-47.9431,-1.0388],[-47.9749,-1.0623],[-47.9917,-1.1029],[-48.0215,-1.1338],[-47.9692,-1.2026],[-48.036,-1.2084],[-48.0255,-1.4129],[-47.9861,-1.4222],[-48.0004,-1.436],[-48.1343,-1.5152],[-48.1015,-1.5397],[-48.0562,-1.5285],[-48.0358,-1.4778],[-48.0129,-1.4751],[-47.9877,-1.5007],[-48.0034,-1.5393],[-48.0021,-1.57],[-47.979,-1.5921],[-47.9441,-1.5786],[-47.9133,-1.5671],[-47.8738,-1.5933],[-47.8577,-1.6293],[-47.8809,-1.6619],[-47.8714,-1.7395],[-47.8894,-1.7697],[-47.8787,-1.8423],[-47.8989,-1.8775],[-47.9076,-1.9666],[-47.926,-2.0067],[-47.9812,-2.0703],[-47.9886,-2.0966],[-47.9792,-2.1179],[-47.9936,-2.1589],[-47.9671,-2.2218],[-48.004,-2.2649],[-48.0242,-2.3127],[-48.0553,-2.36],[-48.0318,-2.4079],[-48.0326,-2.4507],[-48.0468,-2.4734],[-48.0105,-2.515],[-47.952,-2.5171],[-47.932,-2.5431],[-47.9793,-2.5978],[-48.0286,-2.6246],[-48.0474,-2.6483],[-48.0391,-2.7114],[-48.0737,-2.7751],[-48.0888,-2.8428],[-48.091,-2.8999],[-48.1287,-2.9473],[-48.1798,-2.9489],[-48.2024,-2.9698],[-48.2147,-3.0123],[-48.2481,-3.0733],[-48.2531,-3.1168],[-48.2858,-3.0936],[-48.3053,-3.1008],[-48.3197,-3.1444],[-48.3088,-3.1644],[-48.3324,-3.1975],[-48.3915,-3.2165],[-48.415,-3.2008],[-48.4484,-3.2376],[-48.4863,-3.2337],[-48.5306,-3.1957],[-48.5906,-3.2255],[-48.6329,-3.2296],[-48.6675,-3.254],[-48.69,-3.2932],[-48.757,-3.3435],[-48.7995,-3.3594],[-48.8195,-3.3801],[-48.8745,-3.3894],[-48.8945,-3.3756],[-48.9259,-3.407],[-48.9256,-3.4129],[-48.9277,-3.433],[-48.974,-3.4573],[-49.0248,-3.5112],[-49.0291,-3.5471],[-48.966,-3.5472],[-48.9443,-3.568],[-48.8839,-3.568],[-48.8702,-3.5843],[-48.8902,-3.6366],[-48.871,-3.6614],[-48.8197,-3.6877],[-48.8161,-3.7127],[-48.7276,-3.7263],[-48.6856,-3.7592],[-48.6719,-3.7492],[-48.5761,-3.8112],[-48.5165,-3.8082],[-48.4957,-3.8241],[-48.4512,-3.8059],[-48.3887,-3.8373],[-48.369,-3.8802],[-48.3827,-3.9464],[-48.3879,-4.0174],[-48.3718,-4.0836],[-48.3063,-4.1557],[-48.2695,-4.2153],[-48.2128,-4.2222],[-48.1609,-4.201],[-47.8162,-4.6147],[-47.7926,-4.5864],[-47.7248,-4.6064],[-47.68,-4.6086],[-47.6152,-4.56],[-47.5836,-4.523],[-47.5619,-4.4724],[-47.5373,-4.4516],[-47.4763,-4.3564],[-47.4795,-4.3285],[-47.442,-4.2874],[-47.3725,-4.245],[-47.3763,-4.2235],[-47.3569,-4.1768],[-47.3472,-4.1087],[-47.3187,-4.0476],[-47.2931,-4.0523],[-47.2405,-4.0004],[-47.1952,-3.9856],[-47.1687,-3.9406],[-47.1731,-3.9238],[-47.1352,-3.902],[-47.1275,-3.8766],[-47.0852,-3.8566],[-47.0534,-3.7466],[-47.0392,-3.6728],[-47.0509,-3.6534],[-47.0306,-3.6046],[-47.0383,-3.5643],[-46.9698,-3.5125],[-46.9824,-3.4962],[-46.9421,-3.4487],[-46.9563,-3.4259],[-46.9272,-3.3761],[-46.8836,-3.3374],[-46.8586,-3.343],[-46.8149,-3.3115],[-46.8021,-3.266],[-46.779,-3.2411],[-46.7695,-3.1986],[-46.7226,-3.1591],[-46.7496,-3.1245],[-46.6886,-3.093],[-46.6732,-3.0673],[-46.6685,-2.9928],[-46.6474,-2.9698],[-46.6734,-2.8931],[-46.6394,-2.8836],[-46.6413,-2.8543],[-46.5896,-2.8458],[-46.5992,-2.7959],[-46.6696,-2.7346],[-46.6714,-2.7062],[-46.6186,-2.6654],[-46.6223,-2.6449],[-46.5673,-2.6268],[-46.5068,-2.6169],[-46.5094,-2.5906],[-46.4736,-2.5466],[-46.4299,-2.5368],[-46.4358,-2.4709],[-46.4394,-2.4132],[-46.4128,-2.3791],[-46.4319,-2.3645],[-46.4331,-2.3007],[-46.3911,-2.2501],[-46.3472,-2.222],[-46.3273,-2.1862],[-46.2833,-2.1544],[-46.2731,-2.1201],[-46.2746,-2.0546],[-46.2632,-2.0493],[-46.2234,-1.9149],[-46.2435,-1.8786],[-46.211,-1.8311],[-46.2303,-1.8031],[-46.2589,-1.795],[-46.31,-1.8063],[-46.3245,-1.7727],[-46.3152,-1.7416],[-46.295,-1.7266],[-46.2476,-1.7209],[-46.2212,-1.7313],[-46.2035,-1.7053],[-46.1741,-1.7005],[-46.1553,-1.6754],[-46.1613,-1.6228],[-46.1336,-1.5818],[-46.1441,-1.5178],[-46.1761,-1.4774],[-46.1436,-1.4497],[-46.1535,-1.4256],[-46.1146,-1.3519],[-46.1333,-1.3097],[-46.1616,-1.2819],[-46.1401,-1.2477],[-46.133,-1.2104],[-46.1041,-1.202],[-46.0871,-1.1344],[-46.0634,-1.1062],[-46.0946,-1.0206],[-46.1413,-1.0582],[-46.1605,-1.0052],[-46.1786,-1.0028],[-46.1841,-1.0531],[-46.2154,-1.0263],[-46.2128,-0.9793],[-46.1757,-0.9428],[-46.2007,-0.8869],[-46.2648,-0.9134],[-46.2667,-0.9613],[-46.2877,-0.9994],[-46.3374,-1.0215],[-46.4691,-1.0253],[-46.4648,-0.9981],[-46.4804,-0.9238],[-46.4103,-0.8876],[-46.4238,-0.8665],[-46.4958,-0.8722],[-46.5568,-0.9186],[-46.5763,-0.9806],[-46.6013,-0.9573],[-46.6364,-0.9691]]],[[[-46.3114,-1.006],[-46.3066,-0.9433],[-46.34,-0.9598],[-46.3114,-1.006]]]]},"properties":{"ibge_code":"1502","name":"Castanhal","codarea":"1502","uf":"PA","uf_code":"15","macro_id":"1","macro_sigla":"N"}},{"type":"Feature","geometry":{"type":"MultiPolygon","coordinates":[[[[-50.684,2.1437],[-50.6866,2.1911],[-50.7253,2.2527],[-50.7226,2.2877],[-50.7408,2.309],[-50.7466,2.353],[-50.7681,2.4073],[-50.7704,2.4534],[-50.7942,2.4985],[-50.8165,2.503],[-50.8443,2.601],[-50.8477,2.6403],[-50.8804,2.6842],[-50.8873,2.7462],[-50.9062,2.7819],[-50.9542,2.8372],[-50.949,2.8753],[-50.9838,2.9371],[-50.9988,3.011],[-51.0212,3.0514],[-51.0143,3.0856],[-51.0444,3.134],[-51.0328,3.2137],[-51.0865,3.3502],[-51.1093,3.4506],[-51.091,3.4805],[-51.0818,3.5595],[-51.0912,3.7385],[-51.0807,3.8848],[-51.1019,3.9128],[-51.1508,3.9138],[-51.1793,3.9195],[-51.1757,4.0109],[-51.1885,4.0769],[-51.2164,4.15],[-51.2834,4.2503],[-51.3942,4.365],[-51.4859,4.4372],[-51.6376,4.5088],[-51.6694,4.4538],[-51.6638,4.4235],[-51.6792,4.3661],[-51.6768,4.3327],[-51.6493,4.2673],[-51.6231,4.2256],[-51.6376,4.1333],[-51.6561,4.0539],[-51.6757,4.0361],[-51.7457,4.0015],[-51.7823,3.9641],[-51.7813,3.9252],[-51.7986,3.887],[-51.8564,3.8327],[-51.874,3.8032],[-51.8978,3.7982],[-51.9266,3.7673],[-51.925,3.7222],[-51.9726,3.7055],[-51.9935,3.6429],[-51.9888,3.6269],[-52.0192,3.5938],[-52.0611,3.5191],[-52.0868,3.4896],[-52.1891,3.3021],[-52.2336,3.2407],[-52.2501,3.2509],[-52.2925,3.2264],[-52.2994,3.1782],[-52.3295,3.167],[-52.3514,3.123],[-52.3277,3.0713],[-52.3621,3.0171],[-52.3706,2.976],[-52.395,2.9315],[-52.3901,2.8982],[-52.4199,2.8932],[-52.4778,2.7818],[-52.4755,2.7635],[-52.5293,2.6516],[-52.5555,2.6395],[-52.5272,2.5824],[-52.5606,2.5467],[-52.5652,2.5163],[-52.6164,2.4456],[-52.6367,2.4446],[-52.6606,2.374],[-52.7101,2.3587],[-52.7168,2.3438],[-52.8037,2.2996],[-52.8422,2.2912],[-52.8726,2.2582],[-52.9043,2.1885],[-52.988,2.1685],[-53.053,2.1901],[-53.0845,2.2127],[-53.1387,2.2119],[-53.2207,2.1936],[-53.2428,2.2076],[-53.2792,2.186],[-53.247,2.151],[-53.1392,2.1009],[-53.1315,2.0173],[-53.1105,1.9806],[-53.0589,1.9466],[-53.0263,1.8543],[-52.9961,1.8221],[-53.0125,1.7867],[-52.9738,1.7178],[-52.9928,1.6483],[-52.9905,1.608],[-52.9647,1.5589],[-52.8964,1.5562],[-52.8634,1.5202],[-52.869,1.4441],[-52.8882,1.3936],[-52.9149,1.3577],[-52.9281,1.3178],[-52.927,1.2787],[-52.9534,1.2655],[-52.9725,1.2061],[-52.96,1.1267],[-52.8942,1.0884],[-52.879,1.0405],[-52.8667,0.9668],[-52.8242,0.9302],[-52.8369,0.8976],[-52.8233,0.8756],[-52.7916,0.8853],[-52.7476,0.8533],[-52.753,0.8238],[-52.6603,0.8301],[-52.6617,0.792],[-52.6187,0.7595],[-52.5465,0.7209],[-52.501,0.6723],[-52.5035,0.6422],[-52.4571,0.5724],[-52.4139,0.545],[-52.4169,0.5107],[-52.3868,0.468],[-52.3481,0.4325],[-52.337,0.3841],[-52.2957,0.3924],[-52.2813,0.3702],[-52.2356,0.3655],[-52.2384,0.3913],[-52.2019,0.4422],[-52.1455,0.4864],[-52.09,0.5062],[-52.0297,0.47],[-52.0201,0.4785],[-51.9319,0.4453],[-51.8879,0.4484],[-51.8611,0.434],[-51.8161,0.4504],[-51.7928,0.4436],[-51.7602,0.4063],[-51.7166,0.4096],[-51.6969,0.3973],[-51.6866,0.3528],[-51.6938,0.3197],[-51.5737,0.2279],[-51.5693,0.2172],[-51.5458,0.2359],[-51.5471,0.2615],[-51.5279,0.2975],[-51.5363,0.4192],[-51.5151,0.4296],[-51.4931,0.4679],[-51.4609,0.5058],[-51.4255,0.5035],[-51.4114,0.4843],[-51.3685,0.487],[-51.3318,0.4667],[-51.3102,0.4745],[-51.2629,0.4537],[-51.236,0.4043],[-51.2075,0.3779],[-51.2064,0.3171],[-51.1764,0.3068],[-51.1366,0.3345],[-51.1169,0.394],[-51.0936,0.4278],[-51.061,0.4423],[-51.0483,0.4233],[-51.0302,0.428],[-51.0019,0.4965],[-50.9516,0.524],[-51.0005,0.5732],[-50.988,0.6047],[-50.9956,0.6443],[-50.974,0.6962],[-50.9132,0.7281],[-50.9158,0.7675],[-50.8868,0.798],[-50.7954,0.8436],[-50.7688,0.8225],[-50.717,0.8172],[-50.6739,0.8423],[-50.6609,0.8689],[-50.6222,0.8694],[-50.6071,0.8919],[-50.5775,0.8738],[-50.5345,0.8732],[-50.4994,0.9278],[-50.4656,0.9176],[-50.4206,0.9606],[-50.3812,0.9245],[-50.3073,0.9443],[-50.1862,1.0505],[-50.1783,1.0982],[-50.1488,1.1026],[-50.1393,1.1295],[-50.0919,1.1574],[-50.0672,1.2168],[-49.9879,1.2218],[-49.9016,1.2403],[-49.9043,1.2956],[-49.8836,1.34],[-49.8758,1.4231],[-49.8817,1.5001],[-49.8985,1.5571],[-49.9003,1.6023],[-49.9206,1.6879],[-49.9581,1.7197],[-50.0322,1.7597],[-50.1587,1.8112],[-50.2897,1.8079],[-50.3246,1.8154],[-50.3735,1.8011],[-50.4237,1.8045],[-50.475,1.8386],[-50.5085,1.8883],[-50.5256,1.9299],[-50.5827,1.9896],[-50.5981,2.0638],[-50.6425,2.1129],[-50.684,2.1437]]],[[[-50.5088,2.1852],[-50.5501,2.1517],[-50.5077,2.0999],[-50.4226,2.1185],[-50.4239,2.1468],[-50.463,2.1823],[-50.5088,2.1852]]],[[[-50.4501,2.1092],[-50.5042,2.094],[-50.5212,2.0054],[-50.4986,1.9945],[-50.4549,1.8885],[-50.4255,1.867],[-50.367,1.8895],[-50.3174,1.9475],[-50.322,1.9752],[-50.3625,2.022],[-50.3608,2.0574],[-50.4054,2.1113],[-50.4501,2.1092]]]]},"properties":{"ibge_code":"1602","name":"Oiapoque - Porto Grande","codarea":"1602","uf":"AP","uf_code":"16","macro_id":"1","macro_sigla":"N"}},{"type":"Feature","geometry":{"type":"Polygon","coordinates":[[[-50.4099,0.6233],[-50.3286,0.6743],[-50.2261,0.6962],[-50.2204,0.7431],[-50.1534,0.7497],[-50.0974,0.767],[-50.0368,0.8325],[-50.0203,0.8588],[-49.9884,0.8748],[-50.0025,0.9064],[-49.989,0.9395],[-49.9441,0.9594],[-49.8898,1.0136],[-49.8847,1.0471],[-49.8831,1.1691],[-49.8945,1.1822],[-49.9016,1.2403],[-49.9879,1.2218],[-50.0672,1.2168],[-50.0919,1.1574],[-50.1393,1.1295],[-50.1488,1.1026],[-50.1783,1.0982],[-50.1862,1.0505],[-50.3073,0.9443],[-50.3812,0.9245],[-50.4206,0.9606],[-50.4656,0.9176],[-50.4994,0.9278],[-50.5345,0.8732],[-50.5775,0.8738],[-50.6071,0.8919],[-50.6222,0.8694],[-50.6609,0.8689],[-50.6739,0.8423],[-50.717,0.8172],[-50.7688,0.8225],[-50.7954,0.8436],[-50.8868,0.798],[-50.9158,0.7675],[-50.9132,0.7281],[-50.974,0.6962],[-50.9956,0.6443],[-50.988,0.6047],[-51.0005,0.5732],[-50.9516,0.524],[-51.0019,0.4965],[-51.0302,0.428],[-51.0483,0.4233],[-51.061,0.4423],[-51.0936,0.4278],[-51.1169,0.394],[-51.1366,0.3345],[-51.1764,0.3068],[-51.2064,0.3171],[-51.2075,0.3779],[-51.236,0.4043],[-51.2629,0.4537],[-51.3102,0.4745],[-51.3318,0.4667],[-51.3685,0.487],[-51.4114,0.4843],[-51.4255,0.5035],[-51.4609,0.5058],[-51.4931,0.4679],[-51.5151,0.4296],[-51.5363,0.4192],[-51.5279,0.2975],[-51.5471,0.2615],[-51.5458,0.2359],[-51.5693,0.2172],[-51.5737,0.2279],[-51.6938,0.3197],[-51.6866,0.3528],[-51.6969,0.3973],[-51.7166,0.4096],[-51.7602,0.4063],[-51.7928,0.4436],[-51.8161,0.4504],[-51.8611,0.434],[-51.8879,0.4484],[-51.9319,0.4453],[-52.0201,0.4785],[-52.0297,0.47],[-52.09,0.5062],[-52.1455,0.4864],[-52.2019,0.4422],[-52.2384,0.3913],[-52.2356,0.3655],[-52.2813,0.3702],[-52.2957,0.3924],[-52.337,0.3841],[-52.3481,0.4325],[-52.3868,0.468],[-52.4169,0.5107],[-52.4139,0.545],[-52.4571,0.5724],[-52.5035,0.6422],[-52.501,0.6723],[-52.5465,0.7209],[-52.6187,0.7595],[-52.6617,0.792],[-52.6603,0.8301],[-52.753,0.8238],[-52.7476,0.8533],[-52.7916,0.8853],[-52.8233,0.8756],[-52.8369,0.8976],[-52.8242,0.9302],[-52.8667,0.9668],[-52.879,1.0405],[-52.8942,1.0884],[-52.96,1.1267],[-52.9725,1.2061],[-52.9534,1.2655],[-52.927,1.2787],[-52.9281,1.3178],[-52.9149,1.3577],[-52.8882,1.3936],[-52.869,1.4441],[-52.8634,1.5202],[-52.8964,1.5562],[-52.9647,1.5589],[-52.9905,1.608],[-52.9928,1.6483],[-52.9738,1.7178],[-53.0125,1.7867],[-52.9961,1.8221],[-53.0263,1.8543],[-53.0589,1.9466],[-53.1105,1.9806],[-53.1315,2.0173],[-53.1392,2.1009],[-53.247,2.151],[-53.2792,2.186],[-53.2763,2.2252],[-53.2295,2.2624],[-53.2828,2.3098],[-53.3081,2.3177],[-53.3233,2.3471],[-53.36,2.3493],[-53.3676,2.3206],[-53.4731,2.2567],[-53.5202,2.2665],[-53.5499,2.2583],[-53.5981,2.2845],[-53.6563,2.2845],[-53.6955,2.3123],[-53.7488,2.3128],[-53.7255,2.3491],[-53.7416,2.375],[-53.7996,2.365],[-53.8439,2.3093],[-53.9421,2.2781],[-53.9357,2.2594],[-53.9749,2.2324],[-54.0012,2.23],[-54.1891,2.1788],[-54.4366,2.2099],[-54.6017,2.3372],[-54.6622,2.327],[-54.6921,2.3614],[-54.6849,2.4468],[-54.744,2.4715],[-54.7974,2.439],[-54.8723,2.4337],[-54.8747,2.4153],[-54.8076,2.3417],[-54.7962,2.318],[-54.8114,2.2664],[-54.7631,2.2023],[-54.7679,2.1809],[-54.8063,2.1389],[-54.8038,2.0258],[-54.756,1.9742],[-54.7702,1.9257],[-54.7385,1.8248],[-54.7544,1.7978],[-54.7448,1.7758],[-54.6436,1.7686],[-54.6019,1.7846],[-54.5305,1.7671],[-54.4959,1.7469],[-54.4572,1.7583],[-54.3517,1.7541],[-54.2696,1.7048],[-54.2627,1.6884],[-54.2009,1.6456],[-54.1437,1.6406],[-54.1019,1.5843],[-54.0988,1.5505],[-54.0692,1.501],[-54.0203,1.5158],[-54.0018,1.4836],[-53.9671,1.4844],[-53.896,1.4551],[-53.8773,1.4317],[-53.8878,1.4078],[-53.8236,1.3896],[-53.7837,1.4029],[-53.7015,1.3779],[-53.6649,1.3752],[-53.6332,1.3474],[-53.5952,1.3582],[-53.5385,1.3409],[-53.5626,1.3066],[-53.5527,1.2803],[-53.5233,1.2613],[-53.5463,1.2285],[-53.5252,1.2117],[-53.4737,1.2393],[-53.4261,1.2259],[-53.3961,1.1793],[-53.4021,1.154],[-53.4444,1.1513],[-53.4592,1.1337],[-53.4558,1.0774],[-53.4223,1.0337],[-53.4268,0.9924],[-53.4108,0.982],[-53.4115,0.9293],[-53.2875,0.8457],[-53.2551,0.8092],[-53.1903,0.7684],[-53.1574,0.7291],[-53.1469,0.6998],[-53.1057,0.6795],[-53.1227,0.6301],[-53.1473,0.6003],[-53.1521,0.5319],[-53.1698,0.4937],[-53.1612,0.3985],[-53.1753,0.3817],[-53.1365,0.326],[-53.1314,0.2962],[-53.0941,0.259],[-53.1059,0.2373],[-53.0943,0.1953],[-53.0521,0.1573],[-53.015,0.0597],[-52.9834,0.0334],[-52.969,-0.0498],[-52.9327,-0.1423],[-52.904,-0.1549],[-52.8515,-0.1502],[-52.8361,-0.1861],[-52.7604,-0.2376],[-52.7544,-0.2622],[-52.6842,-0.3143],[-52.6818,-0.34],[-52.6973,-0.3929],[-52.6792,-0.4237],[-52.7027,-0.4592],[-52.6954,-0.4964],[-52.64,-0.5849],[-52.613,-0.5949],[-52.5763,-0.5764],[-52.5352,-0.5741],[-52.5132,-0.6196],[-52.5104,-0.6792],[-52.4974,-0.7113],[-52.5182,-0.7755],[-52.517,-0.809],[-52.5418,-0.8365],[-52.5111,-0.8567],[-52.4555,-0.8303],[-52.4124,-0.8627],[-52.4047,-0.9127],[-52.4387,-0.9436],[-52.4187,-0.9722],[-52.4168,-1.0256],[-52.3582,-1.0626],[-52.333,-1.1159],[-52.2147,-1.135],[-52.1789,-1.1296],[-52.1467,-1.1488],[-52.1203,-1.1462],[-52.1068,-1.1831],[-52.111,-1.215],[-52.0705,-1.236],[-52.0476,-1.2143],[-52.0551,-1.1769],[-51.987,-1.1645],[-51.9494,-1.1688],[-51.9229,-1.133],[-51.882,-1.1663],[-51.8091,-1.1571],[-51.7784,-1.1404],[-51.7004,-1.0632],[-51.6856,-1.0129],[-51.6956,-0.9247],[-51.6835,-0.7955],[-51.5955,-0.6504],[-51.5151,-0.566],[-51.4578,-0.5132],[-51.4325,-0.4733],[-51.4237,-0.4366],[-51.3625,-0.3681],[-51.3478,-0.2996],[-51.3025,-0.2526],[-51.235,-0.1436],[-51.2081,-0.117],[-51.1184,-0.0975],[-51.0689,-0.0791],[-50.9748,0.0418],[-50.9211,0.0761],[-50.7848,0.1121],[-50.7435,0.1305],[-50.6682,0.185],[-50.6448,0.2087],[-50.5997,0.2494],[-50.553,0.3125],[-50.5239,0.3724],[-50.504,0.4351],[-50.4762,0.4815],[-50.4673,0.5309],[-50.4365,0.6001],[-50.4099,0.6233]]]},"properties":{"ibge_code":"1601","name":"Macapá","codarea":"1601","uf":"AP","uf_code":"16","macro_id":"1","macro_sigla":"N"}},{"type":"Feature","geometry":{"type":"Polygon","coordinates":[[[-49.8514,-9.0637],[-49.8626,-9.0815],[-49.9054,-9.1697],[-49.9669,-9.2311],[-49.9969,-9.2377],[-50.0027,-9.2653],[-50.0378,-9.2894],[-50.0555,-9.3347],[-50.0528,-9.3727],[-50.0901,-9.4316],[-50.1053,-9.4754],[-50.0896,-9.5457],[-50.1074,-9.5943],[-50.1378,-9.6248],[-50.15,-9.6928],[-50.1991,-9.7617],[-50.2248,-9.8412],[-50.2655,-9.9127],[-50.2779,-9.9708],[-50.3026,-10.0354],[-50.3398,-10.0609],[-50.3778,-10.1107],[-50.3983,-10.1555],[-50.382,-10.2121],[-50.4231,-10.3274],[-50.4181,-10.3546],[-50.4483,-10.3916],[-50.4737,-10.4049],[-50.4868,-10.462],[-50.4826,-10.49],[-50.5168,-10.5055],[-50.5197,-10.5625],[-50.5414,-10.6093],[-50.5632,-10.6113],[-50.6033,-10.6598],[-50.6035,-10.6609],[-50.5706,-10.7525],[-50.5969,-10.8047],[-50.6122,-10.8103],[-50.619,-10.8641],[-50.6008,-10.9007],[-50.6326,-10.9319],[-50.6095,-11.0674],[-50.6645,-11.1516],[-50.6547,-11.215],[-50.6713,-11.2867],[-50.6999,-11.3131],[-50.7285,-11.3826],[-50.7421,-11.4603],[-50.7389,-11.5445],[-50.716,-11.579],[-50.6701,-11.5816],[-50.294,-11.5087],[-50.0238,-11.4563],[-49.6783,-11.3894],[-49.7566,-11.2499],[-49.7599,-11.1751],[-49.7707,-11.1382],[-49.8191,-11.0964],[-49.8238,-11.0251],[-49.7985,-10.9961],[-49.7735,-11.0054],[-49.7405,-11.0521],[-49.6563,-11.1274],[-49.6187,-11.1312],[-49.5862,-11.1607],[-49.5025,-11.1869],[-49.4426,-11.1734],[-49.4257,-11.1682],[-49.3774,-11.1119],[-49.3141,-11.0975],[-49.2868,-11.1257],[-49.2365,-11.1026],[-49.2134,-11.1113],[-49.1915,-11.0737],[-49.1516,-11.104],[-49.0515,-11.1309],[-48.9436,-11.114],[-48.9244,-11.0952],[-48.8579,-11.1043],[-48.7896,-11.1375],[-48.7494,-11.1426],[-48.716,-11.1622],[-48.652,-11.2009],[-48.6465,-11.2385],[-48.6263,-11.2803],[-48.6074,-11.2761],[-48.5478,-11.3493],[-48.5422,-11.3833],[-48.5179,-11.3923],[-48.479,-11.3625],[-48.4591,-11.3068],[-48.4362,-11.345],[-48.4006,-11.3669],[-48.3438,-11.4233],[-48.3596,-11.4463],[-48.3382,-11.4712],[-48.2932,-11.4962],[-48.2847,-11.536],[-48.2511,-11.5479],[-48.214,-11.5887],[-48.1738,-11.605],[-48.1457,-11.6622],[-48.1384,-11.7086],[-48.0893,-11.7225],[-48.0822,-11.7693],[-48.0394,-11.7833],[-48.0208,-11.776],[-47.9998,-11.8191],[-47.9477,-11.852],[-47.8733,-11.8736],[-47.8551,-11.9017],[-47.8434,-11.9519],[-47.8707,-12.0136],[-47.831,-12.0825],[-47.7677,-12.0483],[-47.7606,-12.0827],[-47.8068,-12.1335],[-47.7995,-12.1528],[-47.7811,-12.1337],[-47.675,-12.1416],[-47.6554,-12.1315],[-47.6318,-12.1838],[-47.5676,-12.1903],[-47.5562,-12.1674],[-47.4947,-12.1863],[-47.4829,-12.1662],[-47.474,-12.062],[-47.4469,-11.9986],[-47.4759,-11.9639],[-47.5194,-11.9174],[-47.5531,-11.91],[-47.5454,-11.88],[-47.5054,-11.8445],[-47.4566,-11.838],[-47.426,-11.778],[-47.4568,-11.7063],[-47.433,-11.6408],[-47.4511,-11.618],[-47.4232,-11.5639],[-47.4786,-11.5164],[-47.4834,-11.4645],[-47.4698,-11.4094],[-47.4275,-11.3532],[-47.4053,-11.3106],[-47.4135,-11.2697],[-47.3833,-11.2533],[-47.3534,-11.1791],[-47.3154,-11.1591],[-47.318,-11.1215],[-47.3402,-11.0858],[-47.3263,-11.057],[-47.3338,-11.005],[-47.2636,-10.9782],[-47.1891,-11.0381],[-47.1564,-11.0481],[-47.1298,-11.104],[-47.0556,-11.1323],[-47.0306,-11.1574],[-46.9845,-11.1642],[-46.9087,-11.1219],[-46.8442,-11.0977],[-46.7964,-11.09],[-46.7477,-11.1203],[-46.7043,-11.1299],[-46.6854,-11.169],[-46.6767,-11.217],[-46.553,-11.2654],[-46.3416,-10.939],[-46.2673,-10.9348],[-46.2605,-10.812],[-46.2264,-10.7829],[-46.2061,-10.7978],[-46.1926,-10.7428],[-46.1652,-10.7225],[-46.1503,-10.6916],[-46.1608,-10.6594],[-46.1276,-10.6206],[-46.0608,-10.6002],[-45.9292,-10.5216],[-45.8709,-10.5033],[-45.8202,-10.4561],[-45.7982,-10.3232],[-45.7269,-10.3125],[-45.6993,-10.2586],[-45.702,-10.1794],[-45.7235,-10.1554],[-45.7273,-10.2034],[-45.744,-10.24],[-45.7937,-10.2677],[-45.8671,-10.2541],[-45.8967,-10.2643],[-45.9156,-10.3127],[-45.8872,-10.3405],[-45.9109,-10.3711],[-45.9711,-10.3589],[-45.9999,-10.2967],[-46.0282,-10.2771],[-46.0124,-10.2507],[-46.0283,-10.1769],[-46.0928,-10.2099],[-46.1633,-10.2136],[-46.1949,-10.183],[-46.2109,-10.1697],[-46.2683,-10.1812],[-46.3248,-10.1832],[-46.3679,-10.1688],[-46.384,-10.1201],[-46.4207,-10.0809],[-46.4452,-10.0774],[-46.4571,-10.018],[-46.4773,-9.9898],[-46.4657,-9.9371],[-46.4751,-9.9045],[-46.4729,-9.8774],[-46.5129,-9.7975],[-46.5625,-9.8107],[-46.5693,-9.7697],[-46.5961,-9.7473],[-46.6444,-9.7403],[-46.6533,-9.6934],[-46.6131,-9.6658],[-46.5831,-9.5856],[-46.5392,-9.5601],[-46.5745,-9.5207],[-46.5733,-9.4778],[-46.6254,-9.4664],[-46.6481,-9.447],[-46.6328,-9.4116],[-46.666,-9.3919],[-46.7233,-9.3964],[-46.7587,-9.3812],[-46.7992,-9.3388],[-46.8188,-9.3034],[-46.8471,-9.2924],[-46.8191,-9.2574],[-46.8196,-9.2116],[-46.8524,-9.1861],[-46.8611,-9.1464],[-46.9303,-9.106],[-46.9121,-9.0827],[-46.9403,-9.0637],[-46.9759,-9.0817],[-47.0073,-9.0822],[-47.0577,-9.053],[-47.0383,-9.0006],[-47.0653,-8.9531],[-47.1389,-8.9234],[-47.1785,-8.931],[-47.238,-8.9586],[-47.2517,-9.0345],[-47.2509,-9.0899],[-47.2692,-9.1441],[-47.261,-9.1828],[-47.298,-9.2521],[-47.3321,-9.2549],[-47.3462,-9.2871],[-47.3807,-9.2502],[-47.4117,-9.2356],[-47.4683,-9.2441],[-47.5012,-9.2605],[-47.5187,-9.2906],[-47.5631,-9.316],[-47.596,-9.3016],[-47.6538,-9.3553],[-47.7242,-9.3194],[-47.8165,-9.3215],[-47.8614,-9.3513],[-47.9054,-9.3393],[-47.9354,-9.3056],[-47.9851,-9.3483],[-48,-9.3862],[-48.0323,-9.3962],[-48.0692,-9.3887],[-48.0786,-9.4194],[-48.1491,-9.4454],[-48.1879,-9.4382],[-48.2067,-9.3506],[-48.2338,-9.3266],[-48.2726,-9.3444],[-48.3058,-9.3106],[-48.3493,-9.2875],[-48.32,-9.2245],[-48.315,-9.1904],[-48.2827,-9.1354],[-48.3477,-9.1188],[-48.368,-9.0746],[-48.4092,-9.0748],[-48.4973,-9.0615],[-48.5106,-9.1175],[-48.534,-9.1287],[-48.5438,-9.2202],[-48.5646,-9.2213],[-48.6131,-9.2087],[-48.6509,-9.2165],[-48.7321,-9.183],[-48.7372,-9.1968],[-48.7536,-9.1981],[-48.7842,-9.1786],[-48.7763,-9.1389],[-48.8167,-9.0761],[-48.8755,-9.0655],[-48.9308,-9.0799],[-49.0225,-9.0475],[-49.1189,-8.9838],[-49.1481,-8.9535],[-49.1946,-8.9336],[-49.2231,-8.9422],[-49.228,-8.8924],[-49.2691,-8.8619],[-49.2429,-8.8361],[-49.2238,-8.7716],[-49.2474,-8.6945],[-49.2897,-8.6418],[-49.3156,-8.6126],[-49.3553,-8.5444],[-49.3996,-8.5451],[-49.4099,-8.58],[-49.4515,-8.6125],[-49.4818,-8.6737],[-49.5434,-8.7614],[-49.5924,-8.8395],[-49.6844,-8.8565],[-49.7677,-8.9337],[-49.7937,-8.9794],[-49.8426,-9.0273],[-49.8514,-9.0637]]]},"properties":{"ibge_code":"1701","name":"Palmas","codarea":"1701","uf":"TO","uf_code":"17","macro_id":"1","macro_sigla":"N"}},{"type":"Feature","geometry":{"type":"Polygon","coordinates":[[[-47.4303,-6.4226],[-47.4097,-6.3664],[-47.4086,-6.3281],[-47.3786,-6.2728],[-47.3807,-6.25],[-47.4232,-6.1602],[-47.4345,-6.0931],[-47.4302,-6.0684],[-47.4394,-6.0118],[-47.4477,-5.9899],[-47.4305,-5.9378],[-47.4379,-5.8571],[-47.4423,-5.8308],[-47.4826,-5.7593],[-47.4931,-5.71],[-47.4737,-5.662],[-47.4769,-5.6373],[-47.4797,-5.6217],[-47.4833,-5.5649],[-47.5001,-5.5256],[-47.5603,-5.4632],[-47.6186,-5.4597],[-47.6804,-5.4154],[-47.7443,-5.3801],[-47.8275,-5.3866],[-47.8676,-5.3428],[-47.8667,-5.3053],[-47.8856,-5.2607],[-47.9373,-5.2396],[-48.0147,-5.238],[-48.0691,-5.2715],[-48.1849,-5.257],[-48.225,-5.2355],[-48.2934,-5.204],[-48.3287,-5.1966],[-48.3639,-5.1684],[-48.4872,-5.1939],[-48.5195,-5.1921],[-48.5611,-5.2302],[-48.5686,-5.2829],[-48.6061,-5.3365],[-48.6584,-5.3082],[-48.6992,-5.3201],[-48.7121,-5.353],[-48.7552,-5.3492],[-48.7369,-5.374],[-48.6505,-5.3849],[-48.6291,-5.4101],[-48.5967,-5.4225],[-48.5575,-5.4167],[-48.5139,-5.4298],[-48.4415,-5.408],[-48.3935,-5.3942],[-48.3472,-5.4354],[-48.3281,-5.4966],[-48.2787,-5.5404],[-48.1947,-5.5631],[-48.1382,-5.6027],[-48.1412,-5.6544],[-48.1723,-5.7086],[-48.2306,-5.7293],[-48.2757,-5.7265],[-48.2902,-5.7435],[-48.2998,-5.796],[-48.292,-5.8368],[-48.2301,-5.9225],[-48.2329,-5.9476],[-48.2968,-5.9699],[-48.3347,-6.0043],[-48.3297,-6.0398],[-48.2985,-6.0501],[-48.288,-6.0976],[-48.3245,-6.1327],[-48.3913,-6.1467],[-48.4319,-6.1773],[-48.4361,-6.2014],[-48.4127,-6.2813],[-48.4171,-6.2986],[-48.3757,-6.345],[-48.3827,-6.3796],[-48.4477,-6.3512],[-48.5002,-6.3509],[-48.5406,-6.4008],[-48.6072,-6.448],[-48.6261,-6.4785],[-48.6337,-6.4914],[-48.6645,-6.5677],[-48.652,-6.64],[-48.6663,-6.6642],[-48.7291,-6.6893],[-48.7691,-6.7307],[-48.8259,-6.7547],[-48.8532,-6.7491],[-48.9139,-6.7574],[-48.9637,-6.7795],[-49.0189,-6.7842],[-49.0376,-6.8093],[-49.0834,-6.8433],[-49.1153,-6.8699],[-49.1719,-6.8929],[-49.2095,-6.9254],[-49.2174,-6.9615],[-49.1935,-7.0407],[-49.1938,-7.1298],[-49.1864,-7.1967],[-49.1853,-7.2352],[-49.2339,-7.3289],[-49.264,-7.3642],[-49.378,-7.4964],[-49.3816,-7.5691],[-49.361,-7.6149],[-49.3423,-7.6558],[-49.2212,-7.7616],[-49.1607,-7.7914],[-49.1501,-7.8121],[-49.1673,-7.8564],[-49.1632,-7.9213],[-49.182,-7.977],[-49.1756,-8.0094],[-49.1767,-8.0615],[-49.1932,-8.0765],[-49.221,-8.2038],[-49.2487,-8.2554],[-49.2833,-8.3796],[-49.3494,-8.4184],[-49.3915,-8.4898],[-49.3996,-8.5451],[-49.3553,-8.5444],[-49.3156,-8.6126],[-49.2897,-8.6418],[-49.2474,-8.6945],[-49.2238,-8.7716],[-49.2429,-8.8361],[-49.2691,-8.8619],[-49.228,-8.8924],[-49.2231,-8.9422],[-49.1946,-8.9336],[-49.1481,-8.9535],[-49.1189,-8.9838],[-49.0225,-9.0475],[-48.9308,-9.0799],[-48.8755,-9.0655],[-48.8167,-9.0761],[-48.7763,-9.1389],[-48.7842,-9.1786],[-48.7536,-9.1981],[-48.7372,-9.1968],[-48.7321,-9.183],[-48.6509,-9.2165],[-48.6131,-9.2087],[-48.5646,-9.2213],[-48.5438,-9.2202],[-48.534,-9.1287],[-48.5106,-9.1175],[-48.4973,-9.0615],[-48.4092,-9.0748],[-48.368,-9.0746],[-48.3477,-9.1188],[-48.2827,-9.1354],[-48.315,-9.1904],[-48.32,-9.2245],[-48.3493,-9.2875],[-48.3058,-9.3106],[-48.2726,-9.3444],[-48.2338,-9.3266],[-48.2067,-9.3506],[-48.1879,-9.4382],[-48.1491,-9.4454],[-48.0786,-9.4194],[-48.0692,-9.3887],[-48.0323,-9.3962],[-48,-9.3862],[-47.9851,-9.3483],[-47.9354,-9.3056],[-47.9054,-9.3393],[-47.8614,-9.3513],[-47.8165,-9.3215],[-47.7242,-9.3194],[-47.6538,-9.3553],[-47.596,-9.3016],[-47.5631,-9.316],[-47.5187,-9.2906],[-47.5012,-9.2605],[-47.4683,-9.2441],[-47.4117,-9.2356],[-47.3807,-9.2502],[-47.3462,-9.2871],[-47.3321,-9.2549],[-47.298,-9.2521],[-47.261,-9.1828],[-47.2692,-9.1441],[-47.2509,-9.0899],[-47.2517,-9.0345],[-47.238,-8.9586],[-47.1785,-8.931],[-47.1389,-8.9234],[-47.0653,-8.9531],[-47.0383,-9.0006],[-47.0209,-8.9877],[-47.0113,-8.9466],[-46.9703,-8.9145],[-46.9929,-8.8789],[-46.9181,-8.857],[-46.9028,-8.8145],[-46.905,-8.7755],[-46.9261,-8.7353],[-46.8869,-8.6865],[-46.9164,-8.6484],[-46.9023,-8.5863],[-46.8461,-8.534],[-46.8491,-8.4747],[-46.8005,-8.4541],[-46.8026,-8.4061],[-46.7769,-8.3684],[-46.7267,-8.3831],[-46.7028,-8.3483],[-46.6332,-8.3183],[-46.594,-8.3272],[-46.544,-8.3174],[-46.5077,-8.2696],[-46.4917,-8.1926],[-46.5152,-8.1714],[-46.4826,-8.0908],[-46.4657,-8.0727],[-46.4764,-8.0147],[-46.5012,-7.9732],[-46.5497,-7.9511],[-46.581,-7.9083],[-46.6051,-7.8967],[-46.7231,-7.9218],[-46.8066,-7.951],[-46.8291,-7.9624],[-46.8833,-7.9642],[-46.9413,-7.9977],[-46.9635,-8.0391],[-47.0148,-8.0588],[-47.0458,-8.0528],[-47.0627,-8.0042],[-47.0998,-7.9847],[-47.1059,-7.9521],[-47.1396,-7.9255],[-47.1806,-7.8595],[-47.2405,-7.8138],[-47.246,-7.781],[-47.3172,-7.7044],[-47.3576,-7.6161],[-47.3832,-7.5998],[-47.4002,-7.5679],[-47.4298,-7.5472],[-47.4964,-7.4814],[-47.5028,-7.4391],[-47.5276,-7.4334],[-47.5608,-7.4498],[-47.5916,-7.4401],[-47.5799,-7.4187],[-47.493,-7.3759],[-47.4782,-7.3368],[-47.4998,-7.2939],[-47.5429,-7.2654],[-47.5919,-7.264],[-47.627,-7.3008],[-47.6507,-7.3023],[-47.684,-7.2454],[-47.7375,-7.2169],[-47.7451,-7.1625],[-47.7107,-7.1377],[-47.6604,-7.1514],[-47.6275,-7.1216],[-47.6184,-7.0912],[-47.5471,-7.0167],[-47.5296,-6.946],[-47.5076,-6.9072],[-47.5205,-6.8405],[-47.5289,-6.8281],[-47.4937,-6.7513],[-47.4962,-6.6972],[-47.4986,-6.6712],[-47.4688,-6.6212],[-47.4651,-6.5815],[-47.4565,-6.5383],[-47.4252,-6.4974],[-47.4163,-6.4839],[-47.4303,-6.4226]]]},"properties":{"ibge_code":"1702","name":"Araguaína","codarea":"1702","uf":"TO","uf_code":"17","macro_id":"1","macro_sigla":"N"}},{"type":"Feature","geometry":{"type":"Polygon","coordinates":[[[-48.716,-11.1622],[-48.7494,-11.1426],[-48.7896,-11.1375],[-48.8579,-11.1043],[-48.9244,-11.0952],[-48.9436,-11.114],[-49.0515,-11.1309],[-49.1516,-11.104],[-49.1915,-11.0737],[-49.2134,-11.1113],[-49.2365,-11.1026],[-49.2868,-11.1257],[-49.3141,-11.0975],[-49.3774,-11.1119],[-49.4257,-11.1682],[-49.4426,-11.1734],[-49.5025,-11.1869],[-49.5862,-11.1607],[-49.6187,-11.1312],[-49.6563,-11.1274],[-49.7405,-11.0521],[-49.7735,-11.0054],[-49.7985,-10.9961],[-49.8238,-11.0251],[-49.8191,-11.0964],[-49.7707,-11.1382],[-49.7599,-11.1751],[-49.7566,-11.2499],[-49.6783,-11.3894],[-50.0238,-11.4563],[-50.294,-11.5087],[-50.6701,-11.5816],[-50.6575,-11.5928],[-50.6637,-11.6775],[-50.7173,-11.7274],[-50.722,-11.7397],[-50.691,-11.8172],[-50.6863,-11.859],[-50.6393,-11.8846],[-50.668,-11.9301],[-50.6568,-11.9668],[-50.6822,-11.9909],[-50.6871,-12.0356],[-50.6676,-12.0646],[-50.6814,-12.2169],[-50.6323,-12.2686],[-50.6489,-12.2991],[-50.6446,-12.3459],[-50.6269,-12.384],[-50.6337,-12.4139],[-50.6236,-12.4553],[-50.6471,-12.4855],[-50.6623,-12.5323],[-50.7001,-12.5951],[-50.7013,-12.6435],[-50.6839,-12.6481],[-50.6562,-12.646],[-50.6548,-12.6792],[-50.623,-12.7346],[-50.6254,-12.8],[-50.567,-12.8434],[-50.5131,-12.8446],[-50.511,-12.8609],[-50.4842,-12.8089],[-50.4755,-12.7713],[-50.4874,-12.7445],[-50.4789,-12.7126],[-50.4316,-12.6884],[-50.4348,-12.6577],[-50.4174,-12.6232],[-50.3696,-12.5581],[-50.3315,-12.5355],[-50.3055,-12.4924],[-50.2537,-12.4623],[-50.2058,-12.4452],[-50.1418,-12.3954],[-50.2152,-12.482],[-50.2293,-12.5316],[-50.1934,-12.5638],[-50.2448,-12.5975],[-50.2368,-12.6241],[-50.2684,-12.6517],[-50.2958,-12.7107],[-50.3108,-12.7916],[-50.2856,-12.8397],[-50.2253,-12.86],[-50.1852,-12.8936],[-50.0897,-12.9082],[-49.9778,-12.9406],[-49.9088,-12.9751],[-49.3683,-13.2723],[-49.3394,-13.2534],[-49.3487,-13.2172],[-49.3417,-13.1243],[-49.3551,-13.1073],[-49.3361,-13.0632],[-49.3031,-13.0288],[-49.2806,-12.9703],[-49.2514,-12.9304],[-49.2377,-12.8838],[-49.2107,-12.8779],[-49.1887,-12.8505],[-49.1177,-12.7901],[-49.1046,-12.8354],[-49.0734,-12.8551],[-49.0878,-12.8907],[-49.0323,-12.9024],[-48.9756,-12.9569],[-48.8798,-12.8171],[-48.8703,-12.8033],[-48.8469,-12.8091],[-48.8397,-12.8432],[-48.7363,-12.9214],[-48.7317,-12.9846],[-48.7174,-13.0015],[-48.6698,-12.9957],[-48.6377,-13.017],[-48.6276,-13.0511],[-48.6005,-13.0589],[-48.5759,-13.1242],[-48.5886,-13.2548],[-48.5999,-13.288],[-48.5801,-13.3133],[-48.554,-13.3034],[-48.5537,-13.2042],[-48.5304,-13.1923],[-48.5161,-13.1391],[-48.4686,-13.1587],[-48.477,-13.178],[-48.4619,-13.2752],[-48.3848,-13.2642],[-48.3417,-13.2317],[-48.2921,-13.22],[-48.2352,-13.1761],[-48.1802,-13.152],[-48.1437,-13.1525],[-48.1659,-13.1893],[-48.1668,-13.2326],[-48.1533,-13.2797],[-48.1699,-13.3003],[-48.1562,-13.3079],[-48.0791,-13.2853],[-48.0625,-13.2357],[-48.0329,-13.2744],[-47.981,-13.2843],[-47.966,-13.3135],[-47.9373,-13.2906],[-47.8855,-13.3203],[-47.8236,-13.3117],[-47.7982,-13.329],[-47.6797,-13.4682],[-47.6241,-13.3761],[-47.6501,-13.3488],[-47.6585,-13.295],[-47.6397,-13.2643],[-47.6668,-13.2084],[-47.6454,-13.1505],[-47.6463,-13.1205],[-47.6171,-13.1036],[-47.5687,-13.1169],[-47.565,-13.1803],[-47.5406,-13.1917],[-47.4775,-13.1872],[-47.488,-13.2121],[-47.4539,-13.2517],[-47.4172,-13.2708],[-47.3929,-13.2624],[-47.3797,-13.2306],[-47.2814,-13.2647],[-47.2524,-13.2126],[-47.225,-13.1935],[-47.1548,-13.2101],[-47.1325,-13.1781],[-47.0915,-13.1734],[-47.0106,-13.141],[-46.8941,-13.0541],[-46.8548,-13.0676],[-46.8228,-13.0068],[-46.7506,-12.9692],[-46.6354,-12.9699],[-46.4546,-12.9712],[-46.4459,-12.9358],[-46.4328,-12.9294],[-46.418,-12.8224],[-46.3976,-12.8513],[-46.3657,-12.8635],[-46.3709,-12.9877],[-46.3048,-12.9785],[-46.2293,-12.9576],[-46.1982,-12.9573],[-46.113,-12.918],[-46.1674,-12.9282],[-46.2215,-12.9502],[-46.2647,-12.9397],[-46.3079,-12.9417],[-46.2907,-12.9005],[-46.3005,-12.8572],[-46.2736,-12.816],[-46.3105,-12.7955],[-46.2824,-12.7639],[-46.2681,-12.7162],[-46.3025,-12.6847],[-46.2678,-12.6506],[-46.3071,-12.6367],[-46.2758,-12.5944],[-46.2699,-12.5509],[-46.1983,-12.5041],[-46.1982,-12.504],[-46.266,-12.4987],[-46.2705,-12.4316],[-46.3226,-12.4062],[-46.3003,-12.3636],[-46.3452,-12.3662],[-46.3703,-12.3475],[-46.3491,-12.2991],[-46.3883,-12.2491],[-46.3696,-12.2317],[-46.3925,-12.1706],[-46.3712,-12.0997],[-46.3889,-12.0488],[-46.4219,-12.0286],[-46.3639,-11.9909],[-46.3363,-11.9544],[-46.2477,-11.9193],[-46.3068,-11.9137],[-46.3805,-11.867],[-46.373,-11.8323],[-46.3376,-11.8131],[-46.3376,-11.794],[-46.3736,-11.7682],[-46.3421,-11.7375],[-46.3078,-11.6866],[-46.3279,-11.6763],[-46.3411,-11.6102],[-46.244,-11.6054],[-46.2265,-11.6363],[-46.1551,-11.6502],[-46.1445,-11.6243],[-46.0809,-11.624],[-46.1128,-11.606],[-46.2095,-11.5853],[-46.2505,-11.5367],[-46.3504,-11.5062],[-46.4393,-11.521],[-46.5237,-11.4636],[-46.5315,-11.3766],[-46.5599,-11.3716],[-46.5765,-11.342],[-46.553,-11.2654],[-46.6767,-11.217],[-46.6854,-11.169],[-46.7043,-11.1299],[-46.7477,-11.1203],[-46.7964,-11.09],[-46.8442,-11.0977],[-46.9087,-11.1219],[-46.9845,-11.1642],[-47.0306,-11.1574],[-47.0556,-11.1323],[-47.1298,-11.104],[-47.1564,-11.0481],[-47.1891,-11.0381],[-47.2636,-10.9782],[-47.3338,-11.005],[-47.3263,-11.057],[-47.3402,-11.0858],[-47.318,-11.1215],[-47.3154,-11.1591],[-47.3534,-11.1791],[-47.3833,-11.2533],[-47.4135,-11.2697],[-47.4053,-11.3106],[-47.4275,-11.3532],[-47.4698,-11.4094],[-47.4834,-11.4645],[-47.4786,-11.5164],[-47.4232,-11.5639],[-47.4511,-11.618],[-47.433,-11.6408],[-47.4568,-11.7063],[-47.426,-11.778],[-47.4566,-11.838],[-47.5054,-11.8445],[-47.5454,-11.88],[-47.5531,-11.91],[-47.5194,-11.9174],[-47.4759,-11.9639],[-47.4469,-11.9986],[-47.474,-12.062],[-47.4829,-12.1662],[-47.4947,-12.1863],[-47.5562,-12.1674],[-47.5676,-12.1903],[-47.6318,-12.1838],[-47.6554,-12.1315],[-47.675,-12.1416],[-47.7811,-12.1337],[-47.7995,-12.1528],[-47.8068,-12.1335],[-47.7606,-12.0827],[-47.7677,-12.0483],[-47.831,-12.0825],[-47.8707,-12.0136],[-47.8434,-11.9519],[-47.8551,-11.9017],[-47.8733,-11.8736],[-47.9477,-11.852],[-47.9998,-11.8191],[-48.0208,-11.776],[-48.0394,-11.7833],[-48.0822,-11.7693],[-48.0893,-11.7225],[-48.1384,-11.7086],[-48.1457,-11.6622],[-48.1738,-11.605],[-48.214,-11.5887],[-48.2511,-11.5479],[-48.2847,-11.536],[-48.2932,-11.4962],[-48.3382,-11.4712],[-48.3596,-11.4463],[-48.3438,-11.4233],[-48.4006,-11.3669],[-48.4362,-11.345],[-48.4591,-11.3068],[-48.479,-11.3625],[-48.5179,-11.3923],[-48.5422,-11.3833],[-48.5478,-11.3493],[-48.6074,-11.2761],[-48.6263,-11.2803],[-48.6465,-11.2385],[-48.652,-11.2009],[-48.716,-11.1622]]]},"properties":{"ibge_code":"1703","name":"Gurupi","codarea":"1703","uf":"TO","uf_code":"17","macro_id":"1","macro_sigla":"N"}},{"type":"Feature","geometry":{"type":"Polygon","coordinates":[[[-48.0254,-4.7783],[-48.0584,-4.8042],[-48.1946,-4.911],[-48.2124,-4.9249],[-48.4519,-5.1122],[-48.7552,-5.3492],[-48.7121,-5.353],[-48.6992,-5.3201],[-48.6584,-5.3082],[-48.6061,-5.3365],[-48.5686,-5.2829],[-48.5611,-5.2302],[-48.5195,-5.1921],[-48.4872,-5.1939],[-48.3639,-5.1684],[-48.3287,-5.1966],[-48.2934,-5.204],[-48.225,-5.2355],[-48.1849,-5.257],[-48.0691,-5.2715],[-48.0147,-5.238],[-47.9373,-5.2396],[-47.8856,-5.2607],[-47.8667,-5.3053],[-47.8676,-5.3428],[-47.8275,-5.3866],[-47.7443,-5.3801],[-47.6804,-5.4154],[-47.6186,-5.4597],[-47.5603,-5.4632],[-47.5001,-5.5256],[-47.4833,-5.5649],[-47.4797,-5.6217],[-47.4769,-5.6373],[-47.4737,-5.662],[-47.4931,-5.71],[-47.4826,-5.7593],[-47.4423,-5.8308],[-47.4379,-5.8571],[-47.4305,-5.9378],[-47.4477,-5.9899],[-47.4394,-6.0118],[-47.4302,-6.0684],[-47.4345,-6.0931],[-47.4232,-6.1602],[-47.3807,-6.25],[-47.3786,-6.2728],[-47.4086,-6.3281],[-47.4097,-6.3664],[-47.4303,-6.4226],[-47.4163,-6.4839],[-47.4252,-6.4974],[-47.4565,-6.5383],[-47.4651,-6.5815],[-47.4688,-6.6212],[-47.4986,-6.6712],[-47.4962,-6.6972],[-47.4937,-6.7513],[-47.5289,-6.8281],[-47.5205,-6.8405],[-47.5076,-6.9072],[-47.5296,-6.946],[-47.5471,-7.0167],[-47.6184,-7.0912],[-47.6275,-7.1216],[-47.6604,-7.1514],[-47.7107,-7.1377],[-47.7451,-7.1625],[-47.7375,-7.2169],[-47.684,-7.2454],[-47.6507,-7.3023],[-47.627,-7.3008],[-47.5919,-7.264],[-47.5429,-7.2654],[-47.4998,-7.2939],[-47.4782,-7.3368],[-47.493,-7.3759],[-47.5799,-7.4187],[-47.5916,-7.4401],[-47.5608,-7.4498],[-47.5276,-7.4334],[-47.5028,-7.4391],[-47.4964,-7.4814],[-47.4298,-7.5472],[-47.4002,-7.5679],[-47.3832,-7.5998],[-47.3576,-7.6161],[-47.3172,-7.7044],[-47.246,-7.781],[-47.2405,-7.8138],[-47.1806,-7.8595],[-47.1396,-7.9255],[-47.1059,-7.9521],[-47.0998,-7.9847],[-47.0627,-8.0042],[-47.0458,-8.0528],[-47.0148,-8.0588],[-46.9635,-8.0391],[-46.9413,-7.9977],[-46.8833,-7.9642],[-46.8291,-7.9624],[-46.8066,-7.951],[-46.7231,-7.9218],[-46.6051,-7.8967],[-46.581,-7.9083],[-46.5497,-7.9511],[-46.5012,-7.9732],[-46.4764,-8.0147],[-46.4657,-8.0727],[-46.4826,-8.0908],[-46.5152,-8.1714],[-46.4917,-8.1926],[-46.5077,-8.2696],[-46.544,-8.3174],[-46.594,-8.3272],[-46.6332,-8.3183],[-46.7028,-8.3483],[-46.7267,-8.3831],[-46.7769,-8.3684],[-46.8026,-8.4061],[-46.8005,-8.4541],[-46.8491,-8.4747],[-46.8461,-8.534],[-46.9023,-8.5863],[-46.9164,-8.6484],[-46.8869,-8.6865],[-46.9261,-8.7353],[-46.905,-8.7755],[-46.9028,-8.8145],[-46.9181,-8.857],[-46.9929,-8.8789],[-46.9703,-8.9145],[-47.0113,-8.9466],[-47.0209,-8.9877],[-47.0383,-9.0006],[-47.0577,-9.053],[-47.0073,-9.0822],[-46.9759,-9.0817],[-46.9403,-9.0637],[-46.9121,-9.0827],[-46.9303,-9.106],[-46.8611,-9.1464],[-46.8524,-9.1861],[-46.8196,-9.2116],[-46.8191,-9.2574],[-46.8471,-9.2924],[-46.8188,-9.3034],[-46.7992,-9.3388],[-46.7587,-9.3812],[-46.7233,-9.3964],[-46.666,-9.3919],[-46.6328,-9.4116],[-46.6481,-9.447],[-46.6254,-9.4664],[-46.5733,-9.4778],[-46.5745,-9.5207],[-46.5392,-9.5601],[-46.5831,-9.5856],[-46.6131,-9.6658],[-46.6533,-9.6934],[-46.6444,-9.7403],[-46.5961,-9.7473],[-46.5693,-9.7697],[-46.5625,-9.8107],[-46.5129,-9.7975],[-46.4729,-9.8774],[-46.4751,-9.9045],[-46.4657,-9.9371],[-46.4773,-9.9898],[-46.4571,-10.018],[-46.4452,-10.0774],[-46.4207,-10.0809],[-46.384,-10.1201],[-46.3679,-10.1688],[-46.3248,-10.1832],[-46.2683,-10.1812],[-46.2109,-10.1697],[-46.1949,-10.183],[-46.1633,-10.2136],[-46.0928,-10.2099],[-46.0283,-10.1769],[-46.0124,-10.2507],[-45.9739,-10.2484],[-45.9456,-10.1964],[-45.9,-10.1528],[-45.8785,-10.1103],[-45.8801,-10.061],[-45.8548,-9.9963],[-45.8425,-9.9395],[-45.8644,-9.8615],[-45.8214,-9.7731],[-45.821,-9.7392],[-45.8386,-9.6963],[-45.8297,-9.6799],[-45.8204,-9.6179],[-45.8419,-9.5629],[-45.8115,-9.504],[-45.7911,-9.4828],[-45.799,-9.4172],[-45.8476,-9.3562],[-45.8871,-9.3486],[-45.9076,-9.2978],[-45.8973,-9.2333],[-45.8977,-9.1853],[-45.9295,-9.1276],[-45.9232,-9.09],[-45.9362,-9.0383],[-45.9951,-8.927],[-45.9494,-8.8449],[-45.9598,-8.8155],[-45.9384,-8.7868],[-45.8903,-8.7406],[-45.8408,-8.7158],[-45.7948,-8.5918],[-45.7724,-8.5747],[-45.7387,-8.5007],[-45.7454,-8.4527],[-45.7247,-8.3948],[-45.7064,-8.3876],[-45.6671,-8.2887],[-45.6636,-8.2505],[-45.6095,-8.2051],[-45.5837,-8.1569],[-45.5855,-8.0953],[-45.5633,-8.0442],[-45.5773,-8.0299],[-45.5395,-7.9184],[-45.5205,-7.8848],[-45.5383,-7.8616],[-45.4904,-7.7874],[-45.4558,-7.67],[-45.3983,-7.6393],[-45.3347,-7.5777],[-45.2617,-7.5712],[-45.2333,-7.5493],[-45.2152,-7.567],[-45.1547,-7.5128],[-45.0856,-7.5023],[-45.0496,-7.5132],[-44.9893,-7.4824],[-44.7875,-7.2487],[-44.6977,-7.2551],[-44.7049,-7.2364],[-44.6858,-7.1888],[-44.7195,-7.1856],[-44.7178,-7.1504],[-44.7724,-7.1248],[-44.7831,-7.0994],[-44.7107,-7.0443],[-44.6973,-6.9744],[-44.7099,-6.941],[-44.7391,-6.9276],[-44.7686,-6.8849],[-44.7911,-6.714],[-44.8529,-6.7029],[-44.9346,-6.7145],[-44.957,-6.7369],[-44.9986,-6.7303],[-45.04,-6.7468],[-45.0615,-6.7736],[-45.1194,-6.8154],[-45.166,-6.7982],[-45.1951,-6.8038],[-45.2532,-6.7879],[-45.2975,-6.7956],[-45.3221,-6.7816],[-45.3544,-6.7804],[-45.3686,-6.7593],[-45.4004,-6.7576],[-45.5013,-6.8034],[-45.5558,-6.8065],[-45.5728,-6.8199],[-45.6221,-6.7979],[-45.6421,-6.7569],[-45.6782,-6.7281],[-45.7354,-6.7129],[-45.7465,-6.7001],[-45.8002,-6.719],[-45.8509,-6.7211],[-45.9481,-6.674],[-45.926,-6.6468],[-45.8873,-6.6318],[-45.8406,-6.6],[-45.7797,-6.5895],[-45.7224,-6.5299],[-45.729,-6.5149],[-45.7063,-6.4681],[-45.6283,-6.477],[-45.5791,-6.4516],[-45.5161,-6.4367],[-45.4978,-6.4189],[-45.3984,-6.4295],[-45.3054,-6.3894],[-45.3008,-6.3744],[-45.2381,-6.3388],[-45.2156,-6.3178],[-45.1647,-6.302],[-45.129,-6.3063],[-45.0727,-6.347],[-45.0048,-6.3523],[-44.9652,-6.3402],[-44.9198,-6.2936],[-44.9117,-6.2577],[-44.8788,-6.2023],[-44.8664,-6.1621],[-44.7997,-6.1177],[-44.8465,-5.9833],[-44.8345,-5.9452],[-44.8519,-5.8979],[-44.9097,-5.8332],[-44.9248,-5.7892],[-44.9191,-5.7021],[-44.9241,-5.6738],[-44.9682,-5.6263],[-44.9568,-5.5697],[-44.9658,-5.5124],[-44.9442,-5.4811],[-44.9259,-5.3873],[-44.87,-5.3437],[-44.8159,-5.2586],[-44.8053,-5.2198],[-44.7631,-5.1814],[-44.8238,-5.1458],[-44.8345,-5.1132],[-44.8559,-5.1064],[-44.8695,-5.0446],[-44.9191,-5.0392],[-44.9348,-5.022],[-44.9694,-5.0829],[-44.9698,-5.115],[-44.9995,-5.1506],[-45.0211,-5.2089],[-45.1249,-5.123],[-45.3307,-5.1218],[-45.3292,-5.0955],[-45.2798,-5.0553],[-45.606,-4.993],[-45.5714,-4.944],[-45.5722,-4.9197],[-45.5981,-4.894],[-45.707,-4.8336],[-45.7122,-4.7752],[-45.849,-4.7439],[-45.8675,-4.6275],[-45.923,-4.6398],[-45.9221,-4.6157],[-45.9283,-4.6617],[-45.9584,-4.6786],[-45.975,-4.7235],[-46,-4.7343],[-46.0395,-4.7899],[-46.0174,-4.8537],[-46.0894,-4.8546],[-46.1151,-4.8004],[-46.2018,-4.7525],[-46.228,-4.6235],[-46.1781,-4.6003],[-46.1591,-4.5605],[-46.1932,-4.5117],[-46.2031,-4.4716],[-46.2329,-4.4453],[-46.2234,-4.3904],[-46.2409,-4.3738],[-46.2738,-4.3017],[-46.2991,-4.2438],[-46.2843,-4.2276],[-46.2832,-4.1778],[-46.2675,-4.129],[-46.2128,-4.0495],[-46.2257,-4.0101],[-46.2691,-3.9896],[-46.3197,-4.0404],[-46.3745,-4.0786],[-46.3853,-4.1016],[-46.4333,-4.1303],[-46.4475,-4.1635],[-46.4809,-4.195],[-46.5334,-4.2409],[-46.5392,-4.2695],[-46.589,-4.2983],[-46.6322,-4.3351],[-46.681,-4.3442],[-46.7394,-4.3828],[-46.7672,-4.3724],[-46.8113,-4.3752],[-46.8422,-4.3943],[-46.8696,-4.4281],[-46.9332,-4.4428],[-46.9644,-4.4256],[-46.9998,-4.4274],[-47.0573,-4.3682],[-47.0884,-4.3035],[-47.0728,-4.274],[-47.0727,-4.2366],[-47.0297,-4.2205],[-47.0101,-4.1747],[-46.9678,-4.1191],[-46.962,-4.0909],[-46.9271,-4.0866],[-46.9124,-4.0407],[-46.9204,-3.9919],[-46.945,-3.9235],[-46.9369,-3.8702],[-46.9839,-3.7258],[-47.0295,-3.6822],[-47.0306,-3.6046],[-47.0509,-3.6534],[-47.0392,-3.6728],[-47.0534,-3.7466],[-47.0852,-3.8566],[-47.1275,-3.8766],[-47.1352,-3.902],[-47.1731,-3.9238],[-47.1687,-3.9406],[-47.1952,-3.9856],[-47.2405,-4.0004],[-47.2931,-4.0523],[-47.3187,-4.0476],[-47.3472,-4.1087],[-47.3569,-4.1768],[-47.3763,-4.2235],[-47.3725,-4.245],[-47.442,-4.2874],[-47.4795,-4.3285],[-47.4763,-4.3564],[-47.5373,-4.4516],[-47.5619,-4.4724],[-47.5836,-4.523],[-47.6152,-4.56],[-47.68,-4.6086],[-47.7248,-4.6064],[-47.7926,-4.5864],[-47.8162,-4.6147],[-48.0254,-4.7783]]]},"properties":{"ibge_code":"2105","name":"Imperatriz","codarea":"2105","uf":"MA","uf_code":"21","macro_id":"2","macro_sigla":"NE"}},{"type":"Feature","geometry":{"type":"Polygon","coordinates":[[[-43.4292,-4.2233],[-43.5157,-4.1867],[-43.5946,-4.2284],[-43.598,-4.1845],[-43.5883,-4.1468],[-43.6056,-4.1251],[-43.5997,-4.0523],[-43.646,-4.0063],[-43.7293,-3.9351],[-43.8955,-3.9687],[-43.9381,-4.0005],[-43.9928,-3.8424],[-44.1555,-3.8368],[-44.166,-3.9105],[-44.1988,-3.9274],[-44.3229,-3.8645],[-44.319,-3.8807],[-44.3657,-3.9288],[-44.3543,-3.9719],[-44.3882,-4.0074],[-44.4072,-4.0432],[-44.4021,-4.086],[-44.4521,-4.0859],[-44.4469,-4.1292],[-44.3428,-4.1],[-44.2678,-4.2778],[-44.3565,-4.2684],[-44.4019,-4.3004],[-44.4067,-4.3213],[-44.4308,-4.4808],[-44.3476,-4.5582],[-44.1961,-4.5276],[-44.2178,-4.5504],[-44.234,-4.6217],[-44.2075,-4.6548],[-44.1976,-4.7293],[-44.2534,-4.8133],[-44.3112,-4.8437],[-44.3224,-4.8346],[-44.3447,-4.849],[-44.3579,-4.895],[-44.3066,-4.9119],[-44.2172,-4.9076],[-44.1862,-4.8792],[-44.1704,-4.9122],[-44.1224,-4.9043],[-44.1354,-4.9489],[-44.1085,-4.9881],[-44.0664,-4.9939],[-44.0208,-4.9801],[-43.9599,-5.0505],[-44.0026,-5.1643],[-44.0169,-5.1667],[-43.7841,-5.2737],[-43.8154,-5.2845],[-43.8711,-5.3212],[-43.8827,-5.3877],[-43.8602,-5.4293],[-43.8692,-5.4733],[-43.8538,-5.5184],[-43.8222,-5.5488],[-43.8473,-5.5739],[-43.8854,-5.5896],[-43.892,-5.6346],[-43.9304,-5.6741],[-43.9759,-5.7385],[-44.0235,-5.7652],[-44.0331,-5.7915],[-44.0753,-5.8162],[-44.0742,-5.8507],[-44.0576,-5.8747],[-43.9045,-6.0048],[-43.8089,-5.9991],[-43.741,-5.9823],[-43.7113,-5.961],[-43.6829,-5.9094],[-43.6758,-5.8713],[-43.7191,-5.8473],[-43.7168,-5.8024],[-43.6772,-5.7677],[-43.6061,-5.7376],[-43.5973,-5.7734],[-43.5603,-5.7719],[-43.5601,-5.8046],[-43.5362,-5.8376],[-43.5655,-5.9131],[-43.334,-5.9111],[-43.0964,-5.9097],[-43.0751,-5.865],[-43.0944,-5.835],[-43.1012,-5.7586],[-43.0758,-5.7355],[-43.0886,-5.6716],[-43.08,-5.649],[-43.0949,-5.6149],[-43.082,-5.5995],[-43.0332,-5.5921],[-43.0042,-5.5427],[-42.9953,-5.5083],[-42.9735,-5.4845],[-42.9684,-5.4535],[-42.9307,-5.4392],[-42.9107,-5.3959],[-42.8866,-5.3919],[-42.8253,-5.3464],[-42.8158,-5.318],[-42.8122,-5.2824],[-42.8295,-5.2393],[-42.799,-5.1897],[-42.8173,-5.1017],[-42.8354,-5.074],[-42.8632,-4.9681],[-42.8539,-4.9373],[-42.8898,-4.8947],[-42.8927,-4.888],[-42.8974,-4.8426],[-42.9386,-4.8092],[-42.9498,-4.7691],[-42.9262,-4.7507],[-42.9269,-4.717],[-42.9531,-4.6874],[-42.9162,-4.6514],[-42.8665,-4.5663],[-42.8748,-4.5388],[-42.8501,-4.498],[-42.8783,-4.4576],[-42.8716,-4.4281],[-42.8966,-4.4022],[-42.9486,-4.3855],[-42.9643,-4.3607],[-42.9653,-4.3221],[-42.9848,-4.2835],[-42.9864,-4.2205],[-42.9428,-4.1673],[-42.8901,-4.1551],[-42.9005,-4.1174],[-42.8697,-4.1041],[-42.856,-4.0794],[-43.0006,-4.0506],[-43.1805,-4.0266],[-43.2088,-4.0184],[-43.2667,-4.074],[-43.4292,-4.2233]]]},"properties":{"ibge_code":"2103","name":"Caxias","codarea":"2103","uf":"MA","uf_code":"21","macro_id":"2","macro_sigla":"NE"}},{"type":"Feature","geometry":{"type":"MultiPolygon","coordinates":[[[[-44.6444,-2.2963],[-44.6777,-2.2805],[-44.682,-2.255],[-44.6341,-2.2285],[-44.5873,-2.1656],[-44.5886,-2.1368],[-44.5551,-2.0975],[-44.498,-2.0493],[-44.5186,-2.0346],[-44.5656,-2.0218],[-44.5777,-2.0292],[-44.5638,-2.0155],[-44.5357,-2.0196],[-44.4821,-1.9883],[-44.5127,-1.8891],[-44.5517,-1.8885],[-44.5388,-1.8504],[-44.5684,-1.8249],[-44.564,-1.8036],[-44.6153,-1.7633],[-44.6006,-1.7402],[-44.6525,-1.7154],[-44.6475,-1.7587],[-44.7524,-1.7891],[-44.6998,-1.731],[-44.7544,-1.718],[-44.7775,-1.6802],[-44.7385,-1.6507],[-44.675,-1.6414],[-44.6363,-1.6166],[-44.6571,-1.5878],[-44.7051,-1.5538],[-44.7582,-1.5921],[-44.8027,-1.5894],[-44.8364,-1.5741],[-44.8537,-1.6175],[-44.8899,-1.6036],[-44.9125,-1.5944],[-44.9161,-1.5468],[-44.8737,-1.4903],[-44.8435,-1.4785],[-44.8305,-1.4277],[-44.8604,-1.4113],[-44.8848,-1.4194],[-44.9357,-1.4802],[-44.9738,-1.4998],[-44.9482,-1.5384],[-44.9531,-1.56],[-44.9637,-1.5362],[-45.0082,-1.4856],[-45.0277,-1.4926],[-45.1032,-1.4731],[-45.1325,-1.4848],[-45.1586,-1.4748],[-45.196,-1.4881],[-45.2124,-1.5306],[-45.2682,-1.5986],[-45.3238,-1.597],[-45.3435,-1.5868],[-45.3218,-1.5455],[-45.3163,-1.4863],[-45.3834,-1.4667],[-45.2991,-1.4328],[-45.3049,-1.3364],[-45.3385,-1.3148],[-45.375,-1.3657],[-45.3717,-1.3971],[-45.4362,-1.4284],[-45.4755,-1.4798],[-45.6033,-1.5616],[-45.712,-1.7702],[-45.6223,-1.9507],[-45.6514,-2.0009],[-45.6317,-2.1059],[-45.629,-2.1625],[-45.6389,-2.1975],[-45.6839,-2.2268],[-45.6842,-2.3291],[-45.6391,-2.3602],[-45.6415,-2.3611],[-45.6416,-2.4585],[-45.561,-2.4815],[-45.5944,-2.5572],[-45.5943,-2.6058],[-45.6418,-2.6555],[-45.638,-2.9027],[-45.624,-3.0532],[-45.5997,-3.1871],[-45.5802,-3.2389],[-45.5797,-3.2408],[-45.4509,-3.2963],[-45.3636,-3.3662],[-45.3353,-3.3407],[-45.2603,-3.3713],[-45.2717,-3.3925],[-45.0835,-3.4203],[-45.0864,-3.4569],[-45.1284,-3.5078],[-45.1227,-3.5673],[-45.106,-3.5576],[-45.0314,-3.571],[-44.9973,-3.5871],[-45.0479,-3.7175],[-45.0427,-3.7234],[-44.9447,-3.6966],[-44.9237,-3.711],[-44.9181,-3.7533],[-44.8789,-3.7458],[-44.8456,-3.6686],[-44.8175,-3.6782],[-44.8065,-3.7053],[-44.7407,-3.6964],[-44.7495,-3.7186],[-44.7147,-3.7364],[-44.6534,-3.7987],[-44.6363,-3.8313],[-44.6099,-3.839],[-44.6102,-3.8478],[-44.5054,-3.8488],[-44.48,-3.9192],[-44.4156,-3.9339],[-44.4163,-3.9145],[-44.3537,-3.8489],[-44.3229,-3.8645],[-44.1988,-3.9274],[-44.166,-3.9105],[-44.1555,-3.8368],[-43.9928,-3.8424],[-43.9381,-4.0005],[-43.8955,-3.9687],[-43.7293,-3.9351],[-43.646,-4.0063],[-43.5997,-4.0523],[-43.6056,-4.1251],[-43.5883,-4.1468],[-43.598,-4.1845],[-43.5946,-4.2284],[-43.5157,-4.1867],[-43.4292,-4.2233],[-43.2667,-4.074],[-43.2088,-4.0184],[-43.1805,-4.0266],[-43.0006,-4.0506],[-42.856,-4.0794],[-42.8449,-4.0374],[-42.8166,-3.9932],[-42.7906,-3.9791],[-42.7813,-3.9546],[-42.7393,-3.9273],[-42.7217,-3.8844],[-42.6841,-3.8034],[-42.6715,-3.7916],[-42.684,-3.7652],[-42.6697,-3.7284],[-42.6835,-3.6945],[-42.6751,-3.6727],[-42.6331,-3.6321],[-42.6167,-3.6107],[-42.61,-3.5859],[-42.5627,-3.5594],[-42.5302,-3.5114],[-42.527,-3.4856],[-42.4964,-3.4459],[-42.4703,-3.4838],[-42.4248,-3.4534],[-42.3999,-3.4748],[-42.389,-3.4491],[-42.3558,-3.4507],[-42.3337,-3.4345],[-42.3018,-3.452],[-42.2727,-3.4447],[-42.2246,-3.4273],[-42.2017,-3.4313],[-42.1947,-3.3994],[-42.1507,-3.3866],[-42.1258,-3.3464],[-42.1236,-3.2668],[-42.069,-3.2644],[-42.0128,-3.2481],[-41.9856,-3.2225],[-41.9798,-3.216],[-41.9248,-3.138],[-41.9249,-3.1131],[-41.8691,-3.0603],[-41.8228,-3.0179],[-41.7967,-2.9606],[-41.8344,-2.9156],[-41.866,-2.87],[-41.8451,-2.8139],[-41.8486,-2.7839],[-41.826,-2.7573],[-41.8072,-2.73],[-41.9103,-2.7189],[-41.9838,-2.7232],[-42.0189,-2.7136],[-42.043,-2.7296],[-42.0713,-2.687],[-42.1375,-2.6949],[-42.2226,-2.6922],[-42.255,-2.6758],[-42.2636,-2.7579],[-42.3386,-2.7492],[-42.3648,-2.7154],[-42.4876,-2.7033],[-42.5042,-2.6781],[-42.5627,-2.6784],[-42.5874,-2.669],[-42.6415,-2.6253],[-42.6964,-2.5738],[-42.7614,-2.5464],[-42.8287,-2.5434],[-42.9653,-2.4747],[-43.0148,-2.4567],[-43.2374,-2.3587],[-43.3116,-2.3387],[-43.3781,-2.3422],[-43.4054,-2.3355],[-43.4606,-2.3504],[-43.4833,-2.3853],[-43.452,-2.4438],[-43.4617,-2.4864],[-43.507,-2.4775],[-43.5374,-2.4219],[-43.5581,-2.4799],[-43.6243,-2.5105],[-43.6501,-2.4928],[-43.6968,-2.5149],[-43.717,-2.4759],[-43.7484,-2.4942],[-43.7601,-2.4659],[-43.7412,-2.4351],[-43.7105,-2.4272],[-43.6862,-2.3973],[-43.6446,-2.4013],[-43.6288,-2.3583],[-43.6252,-2.3074],[-43.5943,-2.2827],[-43.6272,-2.2512],[-43.7204,-2.2914],[-43.7396,-2.3503],[-43.7268,-2.3865],[-43.7619,-2.4187],[-43.7984,-2.4396],[-43.8027,-2.3907],[-43.8381,-2.4167],[-43.8502,-2.51],[-43.8901,-2.5341],[-43.8917,-2.5549],[-43.9312,-2.5616],[-43.9565,-2.6215],[-44.0039,-2.6382],[-44.0788,-2.7438],[-44.1158,-2.7486],[-44.1484,-2.7681],[-44.1917,-2.7646],[-44.2567,-2.7783],[-44.2658,-2.7604],[-44.2514,-2.7321],[-44.1757,-2.7021],[-44.138,-2.6818],[-44.1057,-2.6292],[-44.1023,-2.5971],[-44.0805,-2.5636],[-44.034,-2.5499],[-44.0239,-2.512],[-44.0523,-2.4661],[-44.0265,-2.4513],[-44.0318,-2.4063],[-44.0946,-2.4066],[-44.1544,-2.4359],[-44.1738,-2.458],[-44.1837,-2.461],[-44.2208,-2.4739],[-44.3046,-2.4875],[-44.321,-2.5272],[-44.3552,-2.5322],[-44.3777,-2.5658],[-44.3543,-2.6026],[-44.3905,-2.7211],[-44.3887,-2.7538],[-44.41,-2.7992],[-44.4062,-2.8822],[-44.4248,-2.9439],[-44.4489,-2.981],[-44.4955,-3.026],[-44.5481,-3.0451],[-44.5916,-3.0409],[-44.6625,-3.0129],[-44.6794,-2.9791],[-44.6798,-2.9194],[-44.652,-2.893],[-44.6326,-2.8459],[-44.6501,-2.805],[-44.6233,-2.7366],[-44.627,-2.7034],[-44.5858,-2.6589],[-44.5553,-2.5965],[-44.537,-2.5447],[-44.4875,-2.517],[-44.4776,-2.4878],[-44.4429,-2.4575],[-44.4424,-2.4139],[-44.388,-2.4089],[-44.3801,-2.3593],[-44.3579,-2.3369],[-44.3838,-2.2767],[-44.3983,-2.215],[-44.4354,-2.1659],[-44.4621,-2.1456],[-44.5301,-2.1599],[-44.5436,-2.1961],[-44.6232,-2.2673],[-44.6444,-2.2963]]],[[[-44.4815,-2.7266],[-44.5363,-2.7539],[-44.5862,-2.8147],[-44.5804,-2.8557],[-44.6311,-2.9879],[-44.5921,-3.0152],[-44.5609,-3.0225],[-44.479,-2.9579],[-44.4764,-2.888],[-44.4821,-2.808],[-44.4815,-2.7266]]],[[[-44.9662,-1.2711],[-45.0288,-1.318],[-45.0053,-1.4008],[-44.9682,-1.3905],[-44.9014,-1.3372],[-44.8669,-1.3287],[-44.8781,-1.2855],[-44.929,-1.2668],[-44.9662,-1.2711]]],[[[-44.7517,-1.4684],[-44.7759,-1.4785],[-44.7915,-1.514],[-44.7507,-1.5173],[-44.7517,-1.4684]]],[[[-43.5421,-2.3606],[-43.5581,-2.3555],[-43.6129,-2.3785],[-43.5815,-2.4233],[-43.5619,-2.4238],[-43.5421,-2.3606]]]]},"properties":{"ibge_code":"2101","name":"São Luís","codarea":"2101","uf":"MA","uf_code":"21","macro_id":"2","macro_sigla":"NE"}},{"type":"Feature","geometry":{"type":"MultiPolygon","coordinates":[[[[-44.4469,-4.1292],[-44.4521,-4.0859],[-44.4021,-4.086],[-44.4072,-4.0432],[-44.3882,-4.0074],[-44.3543,-3.9719],[-44.3657,-3.9288],[-44.319,-3.8807],[-44.3229,-3.8645],[-44.3537,-3.8489],[-44.4163,-3.9145],[-44.4156,-3.9339],[-44.48,-3.9192],[-44.5054,-3.8488],[-44.6102,-3.8478],[-44.6099,-3.839],[-44.6363,-3.8313],[-44.6534,-3.7987],[-44.7147,-3.7364],[-44.7495,-3.7186],[-44.7407,-3.6964],[-44.8065,-3.7053],[-44.8175,-3.6782],[-44.8456,-3.6686],[-44.8789,-3.7458],[-44.9181,-3.7533],[-44.9237,-3.711],[-44.9447,-3.6966],[-45.0427,-3.7234],[-45.0479,-3.7175],[-44.9973,-3.5871],[-45.0314,-3.571],[-45.106,-3.5576],[-45.1227,-3.5673],[-45.1284,-3.5078],[-45.0864,-3.4569],[-45.0835,-3.4203],[-45.2717,-3.3925],[-45.2603,-3.3713],[-45.3353,-3.3407],[-45.3636,-3.3662],[-45.4509,-3.2963],[-45.5797,-3.2408],[-45.5802,-3.2389],[-45.5997,-3.1871],[-45.624,-3.0532],[-45.638,-2.9027],[-45.6418,-2.6555],[-45.5943,-2.6058],[-45.5944,-2.5572],[-45.561,-2.4815],[-45.6416,-2.4585],[-45.6415,-2.3611],[-45.6391,-2.3602],[-45.6842,-2.3291],[-45.6839,-2.2268],[-45.6389,-2.1975],[-45.629,-2.1625],[-45.6317,-2.1059],[-45.6514,-2.0009],[-45.6223,-1.9507],[-45.712,-1.7702],[-45.6033,-1.5616],[-45.4755,-1.4798],[-45.4888,-1.4694],[-45.475,-1.372],[-45.4217,-1.3531],[-45.4102,-1.3018],[-45.4759,-1.3248],[-45.5045,-1.3769],[-45.5268,-1.3588],[-45.5188,-1.3184],[-45.5734,-1.2867],[-45.6108,-1.2746],[-45.6417,-1.2696],[-45.6377,-1.1964],[-45.614,-1.157],[-45.6346,-1.1484],[-45.6463,-1.2322],[-45.6899,-1.2736],[-45.7344,-1.235],[-45.7361,-1.2072],[-45.6909,-1.1487],[-45.7231,-1.1279],[-45.7424,-1.1406],[-45.7689,-1.1991],[-45.7813,-1.1926],[-45.7891,-1.1873],[-45.7965,-1.1826],[-45.8467,-1.213],[-45.8831,-1.1495],[-45.8435,-1.0828],[-45.8715,-1.0525],[-45.8949,-1.1126],[-45.9465,-1.1956],[-45.9578,-1.1951],[-45.9631,-1.1096],[-45.9763,-1.0665],[-46.018,-1.0805],[-46.075,-1.161],[-46.0771,-1.1962],[-46.1041,-1.202],[-46.133,-1.2104],[-46.1401,-1.2477],[-46.1616,-1.2819],[-46.1333,-1.3097],[-46.1146,-1.3519],[-46.1535,-1.4256],[-46.1436,-1.4497],[-46.1761,-1.4774],[-46.1441,-1.5178],[-46.1336,-1.5818],[-46.1613,-1.6228],[-46.1553,-1.6754],[-46.1741,-1.7005],[-46.2035,-1.7053],[-46.2212,-1.7313],[-46.2476,-1.7209],[-46.295,-1.7266],[-46.3152,-1.7416],[-46.3245,-1.7727],[-46.31,-1.8063],[-46.2589,-1.795],[-46.2303,-1.8031],[-46.211,-1.8311],[-46.2435,-1.8786],[-46.2234,-1.9149],[-46.2632,-2.0493],[-46.2746,-2.0546],[-46.2731,-2.1201],[-46.2833,-2.1544],[-46.3273,-2.1862],[-46.3472,-2.222],[-46.3911,-2.2501],[-46.4331,-2.3007],[-46.4319,-2.3645],[-46.4128,-2.3791],[-46.4394,-2.4132],[-46.4358,-2.4709],[-46.4299,-2.5368],[-46.4736,-2.5466],[-46.5094,-2.5906],[-46.5068,-2.6169],[-46.5673,-2.6268],[-46.6223,-2.6449],[-46.6186,-2.6654],[-46.6714,-2.7062],[-46.6696,-2.7346],[-46.5992,-2.7959],[-46.5896,-2.8458],[-46.6413,-2.8543],[-46.6394,-2.8836],[-46.6734,-2.8931],[-46.6474,-2.9698],[-46.6685,-2.9928],[-46.6732,-3.0673],[-46.6886,-3.093],[-46.7496,-3.1245],[-46.7226,-3.1591],[-46.7695,-3.1986],[-46.779,-3.2411],[-46.8021,-3.266],[-46.8149,-3.3115],[-46.8586,-3.343],[-46.8836,-3.3374],[-46.9272,-3.3761],[-46.9563,-3.4259],[-46.9421,-3.4487],[-46.9824,-3.4962],[-46.9698,-3.5125],[-47.0383,-3.5643],[-47.0306,-3.6046],[-47.0295,-3.6822],[-46.9839,-3.7258],[-46.9369,-3.8702],[-46.945,-3.9235],[-46.9204,-3.9919],[-46.9124,-4.0407],[-46.9271,-4.0866],[-46.962,-4.0909],[-46.9678,-4.1191],[-47.0101,-4.1747],[-47.0297,-4.2205],[-47.0727,-4.2366],[-47.0728,-4.274],[-47.0884,-4.3035],[-47.0573,-4.3682],[-46.9998,-4.4274],[-46.9644,-4.4256],[-46.9332,-4.4428],[-46.8696,-4.4281],[-46.8422,-4.3943],[-46.8113,-4.3752],[-46.7672,-4.3724],[-46.7394,-4.3828],[-46.681,-4.3442],[-46.6322,-4.3351],[-46.589,-4.2983],[-46.5392,-4.2695],[-46.5334,-4.2409],[-46.4809,-4.195],[-46.4475,-4.1635],[-46.4333,-4.1303],[-46.3853,-4.1016],[-46.3745,-4.0786],[-46.3197,-4.0404],[-46.2691,-3.9896],[-46.2257,-4.0101],[-46.2128,-4.0495],[-46.2675,-4.129],[-46.2832,-4.1778],[-46.2843,-4.2276],[-46.2991,-4.2438],[-46.2738,-4.3017],[-46.2409,-4.3738],[-46.2234,-4.3904],[-46.2329,-4.4453],[-46.2031,-4.4716],[-46.1932,-4.5117],[-46.1591,-4.5605],[-46.1781,-4.6003],[-46.228,-4.6235],[-46.2018,-4.7525],[-46.1151,-4.8004],[-46.0894,-4.8546],[-46.0174,-4.8537],[-46.0395,-4.7899],[-46,-4.7343],[-45.975,-4.7235],[-45.9584,-4.6786],[-45.9283,-4.6617],[-45.9221,-4.6157],[-45.923,-4.6398],[-45.8675,-4.6275],[-45.849,-4.7439],[-45.7122,-4.7752],[-45.707,-4.8336],[-45.5981,-4.894],[-45.5722,-4.9197],[-45.5714,-4.944],[-45.606,-4.993],[-45.2798,-5.0553],[-45.3292,-5.0955],[-45.3307,-5.1218],[-45.1249,-5.123],[-45.0211,-5.2089],[-44.9995,-5.1506],[-44.9698,-5.115],[-44.9694,-5.0829],[-44.9348,-5.022],[-44.9191,-5.0392],[-44.8695,-5.0446],[-44.8559,-5.1064],[-44.8345,-5.1132],[-44.8238,-5.1458],[-44.7631,-5.1814],[-44.7225,-5.15],[-44.6587,-5.0849],[-44.6661,-5.0572],[-44.6392,-5.0377],[-44.6073,-4.981],[-44.6184,-4.901],[-44.643,-4.857],[-44.6386,-4.8625],[-44.5142,-4.9759],[-44.4962,-4.9759],[-44.4117,-4.9757],[-44.4122,-4.9492],[-44.3829,-4.9307],[-44.3579,-4.895],[-44.3447,-4.849],[-44.3224,-4.8346],[-44.3112,-4.8437],[-44.2534,-4.8133],[-44.1976,-4.7293],[-44.2075,-4.6548],[-44.234,-4.6217],[-44.2178,-4.5504],[-44.1961,-4.5276],[-44.3476,-4.5582],[-44.4308,-4.4808],[-44.4067,-4.3213],[-44.4019,-4.3004],[-44.3565,-4.2684],[-44.2678,-4.2778],[-44.3428,-4.1],[-44.4469,-4.1292]]],[[[-45.5359,-1.228],[-45.5393,-1.2052],[-45.5799,-1.1957],[-45.5781,-1.2308],[-45.5359,-1.228]]],[[[-45.6912,-1.2654],[-45.6685,-1.222],[-45.688,-1.1837],[-45.709,-1.221],[-45.6912,-1.2654]]]]},"properties":{"ibge_code":"2102","name":"Santa Inês - Bacabal","codarea":"2102","uf":"MA","uf_code":"21","macro_id":"2","macro_sigla":"NE"}},{"type":"Feature","geometry":{"type":"Polygon","coordinates":[[[-42.8864,-6.5046],[-42.8655,-6.4822],[-42.8773,-6.4169],[-42.8293,-6.3406],[-42.8495,-6.3082],[-42.8545,-6.2499],[-42.9332,-6.1927],[-42.9699,-6.1773],[-42.9784,-6.1385],[-42.9923,-6.1176],[-43.0491,-6.1016],[-43.0762,-6.0427],[-43.0492,-6.0139],[-43.0509,-5.9896],[-43.0842,-5.9573],[-43.0964,-5.9097],[-43.334,-5.9111],[-43.5655,-5.9131],[-43.5362,-5.8376],[-43.5601,-5.8046],[-43.5603,-5.7719],[-43.5973,-5.7734],[-43.6061,-5.7376],[-43.6772,-5.7677],[-43.7168,-5.8024],[-43.7191,-5.8473],[-43.6758,-5.8713],[-43.6829,-5.9094],[-43.7113,-5.961],[-43.741,-5.9823],[-43.8089,-5.9991],[-43.9045,-6.0048],[-44.0576,-5.8747],[-44.0742,-5.8507],[-44.0753,-5.8162],[-44.0331,-5.7915],[-44.0235,-5.7652],[-43.9759,-5.7385],[-43.9304,-5.6741],[-43.892,-5.6346],[-43.8854,-5.5896],[-43.8473,-5.5739],[-43.8222,-5.5488],[-43.8538,-5.5184],[-43.8692,-5.4733],[-43.8602,-5.4293],[-43.8827,-5.3877],[-43.8711,-5.3212],[-43.8154,-5.2845],[-43.7841,-5.2737],[-44.0169,-5.1667],[-44.0026,-5.1643],[-43.9599,-5.0505],[-44.0208,-4.9801],[-44.0664,-4.9939],[-44.1085,-4.9881],[-44.1354,-4.9489],[-44.1224,-4.9043],[-44.1704,-4.9122],[-44.1862,-4.8792],[-44.2172,-4.9076],[-44.3066,-4.9119],[-44.3579,-4.895],[-44.3829,-4.9307],[-44.4122,-4.9492],[-44.4117,-4.9757],[-44.4962,-4.9759],[-44.5142,-4.9759],[-44.6386,-4.8625],[-44.643,-4.857],[-44.6184,-4.901],[-44.6073,-4.981],[-44.6392,-5.0377],[-44.6661,-5.0572],[-44.6587,-5.0849],[-44.7225,-5.15],[-44.7631,-5.1814],[-44.8053,-5.2198],[-44.8159,-5.2586],[-44.87,-5.3437],[-44.9259,-5.3873],[-44.9442,-5.4811],[-44.9658,-5.5124],[-44.9568,-5.5697],[-44.9682,-5.6263],[-44.9241,-5.6738],[-44.9191,-5.7021],[-44.9248,-5.7892],[-44.9097,-5.8332],[-44.8519,-5.8979],[-44.8345,-5.9452],[-44.8465,-5.9833],[-44.7997,-6.1177],[-44.8664,-6.1621],[-44.8788,-6.2023],[-44.9117,-6.2577],[-44.9198,-6.2936],[-44.9652,-6.3402],[-45.0048,-6.3523],[-45.0727,-6.347],[-45.129,-6.3063],[-45.1647,-6.302],[-45.2156,-6.3178],[-45.2381,-6.3388],[-45.3008,-6.3744],[-45.3054,-6.3894],[-45.3984,-6.4295],[-45.4978,-6.4189],[-45.5161,-6.4367],[-45.5791,-6.4516],[-45.6283,-6.477],[-45.7063,-6.4681],[-45.729,-6.5149],[-45.7224,-6.5299],[-45.7797,-6.5895],[-45.8406,-6.6],[-45.8873,-6.6318],[-45.926,-6.6468],[-45.9481,-6.674],[-45.8509,-6.7211],[-45.8002,-6.719],[-45.7465,-6.7001],[-45.7354,-6.7129],[-45.6782,-6.7281],[-45.6421,-6.7569],[-45.6221,-6.7979],[-45.5728,-6.8199],[-45.5558,-6.8065],[-45.5013,-6.8034],[-45.4004,-6.7576],[-45.3686,-6.7593],[-45.3544,-6.7804],[-45.3221,-6.7816],[-45.2975,-6.7956],[-45.2532,-6.7879],[-45.1951,-6.8038],[-45.166,-6.7982],[-45.1194,-6.8154],[-45.0615,-6.7736],[-45.04,-6.7468],[-44.9986,-6.7303],[-44.957,-6.7369],[-44.9346,-6.7145],[-44.8529,-6.7029],[-44.7911,-6.714],[-44.7686,-6.8849],[-44.7391,-6.9276],[-44.7099,-6.941],[-44.6973,-6.9744],[-44.7107,-7.0443],[-44.7831,-7.0994],[-44.7724,-7.1248],[-44.7178,-7.1504],[-44.7195,-7.1856],[-44.6858,-7.1888],[-44.7049,-7.2364],[-44.6977,-7.2551],[-44.7875,-7.2487],[-44.9893,-7.4824],[-44.9853,-7.481],[-44.9229,-7.467],[-44.8994,-7.4249],[-44.868,-7.4216],[-44.847,-7.3858],[-44.8173,-7.3615],[-44.7803,-7.3785],[-44.742,-7.3617],[-44.7304,-7.3903],[-44.6904,-7.3958],[-44.6603,-7.3291],[-44.6159,-7.3087],[-44.5653,-7.2287],[-44.5216,-7.2187],[-44.5124,-7.1935],[-44.4734,-7.1664],[-44.4306,-7.1516],[-44.3861,-7.1209],[-44.3274,-7.1102],[-44.3129,-7.1186],[-44.2758,-7.0745],[-44.276,-7.0581],[-44.2783,-7.0382],[-44.2493,-7.0005],[-44.2082,-6.9699],[-44.2008,-6.9329],[-44.1737,-6.9201],[-44.1713,-6.885],[-44.1406,-6.8652],[-44.1163,-6.8058],[-44.0591,-6.8084],[-44.0534,-6.7683],[-43.9877,-6.7573],[-43.9568,-6.7432],[-43.9305,-6.7711],[-43.9138,-6.7527],[-43.8842,-6.7587],[-43.8201,-6.7273],[-43.7909,-6.7023],[-43.7538,-6.7035],[-43.715,-6.6987],[-43.6375,-6.7196],[-43.5844,-6.7575],[-43.5617,-6.7481],[-43.5416,-6.7891],[-43.5084,-6.7988],[-43.4886,-6.8215],[-43.4546,-6.846],[-43.3912,-6.8342],[-43.3439,-6.7977],[-43.2713,-6.7926],[-43.2479,-6.7677],[-43.1783,-6.7673],[-43.1476,-6.7837],[-43.1012,-6.768],[-43.0872,-6.7508],[-43.0479,-6.762],[-42.9928,-6.7487],[-42.9774,-6.7179],[-42.9471,-6.7018],[-42.9151,-6.648],[-42.9077,-6.6059],[-42.8871,-6.5778],[-42.8864,-6.5046]]]},"properties":{"ibge_code":"2104","name":"Presidente Dutra","codarea":"2104","uf":"MA","uf_code":"21","macro_id":"2","macro_sigla":"NE"}},{"type":"Feature","geometry":{"type":"Polygon","coordinates":[[[-40.7643,-8.244],[-40.7111,-8.2251],[-40.7006,-8.2026],[-40.6328,-8.1393],[-40.5895,-8.1378],[-40.6039,-8.1037],[-40.5757,-8.0305],[-40.5757,-8.0304],[-40.5607,-7.9973],[-40.5439,-7.9616],[-40.5381,-7.8569],[-40.5549,-7.8184],[-40.6452,-7.7868],[-40.6736,-7.7617],[-40.6666,-7.7264],[-40.6356,-7.6998],[-40.6218,-7.6583],[-40.6456,-7.5948],[-40.6813,-7.5577],[-40.7149,-7.4806],[-40.7012,-7.4564],[-40.6523,-7.4333],[-40.5485,-7.3927],[-40.5415,-7.3323],[-40.5237,-7.3185],[-40.5061,-7.2109],[-40.4844,-7.1332],[-40.4897,-7.1187],[-40.4594,-7.0785],[-40.4277,-7.0339],[-40.425,-6.9353],[-40.4285,-6.8643],[-40.3871,-6.8301],[-40.3705,-6.8032],[-40.4322,-6.813],[-40.4769,-6.7328],[-40.6022,-6.716],[-40.6513,-6.6782],[-40.7102,-6.6761],[-40.7322,-6.6536],[-40.722,-6.6177],[-40.7364,-6.6003],[-40.7543,-6.5547],[-40.7877,-6.5238],[-40.7899,-6.5006],[-41.0954,-6.7567],[-41.1431,-6.7505],[-41.1303,-6.6552],[-41.1901,-6.6637],[-41.1969,-6.6795],[-41.274,-6.6782],[-41.2819,-6.6511],[-41.3711,-6.5939],[-41.4265,-6.5659],[-41.5085,-6.5569],[-41.5111,-6.6083],[-41.4953,-6.6678],[-41.4796,-6.7449],[-41.5427,-6.7383],[-41.6066,-6.8335],[-41.6079,-6.8392],[-41.6126,-6.8793],[-41.6139,-6.9072],[-41.6225,-6.899],[-41.7002,-6.915],[-41.7031,-6.901],[-41.8084,-6.929],[-41.8765,-6.8587],[-41.9162,-6.8302],[-41.9167,-6.7402],[-41.9329,-6.67],[-41.9219,-6.6466],[-41.9276,-6.6444],[-41.9982,-6.617],[-42.0648,-6.638],[-42.1225,-6.6443],[-42.1452,-6.6425],[-42.1462,-6.6425],[-42.1827,-6.6472],[-42.2056,-6.6249],[-42.3055,-6.5899],[-42.3095,-6.514],[-42.3565,-6.5285],[-42.3754,-6.6767],[-42.4775,-6.6675],[-42.4891,-6.7082],[-42.5299,-6.7059],[-42.5531,-6.724],[-42.57,-6.7881],[-42.6065,-6.8086],[-42.6065,-6.8247],[-42.5666,-6.8691],[-42.6011,-6.968],[-42.6254,-6.9975],[-42.4208,-6.9672],[-42.4165,-7.0552],[-42.4067,-7.0963],[-42.4038,-7.1698],[-42.3102,-7.2233],[-42.3607,-7.4177],[-42.3121,-7.4315],[-42.3193,-7.4562],[-42.3919,-7.5348],[-42.4198,-7.5244],[-42.4485,-7.5354],[-42.4887,-7.526],[-42.4765,-7.7017],[-42.4824,-7.836],[-42.5087,-7.8425],[-42.5841,-7.6802],[-42.5995,-7.694],[-42.5958,-7.8136],[-42.556,-8.0663],[-42.5232,-8.0811],[-42.4419,-8.0659],[-42.4227,-8.0013],[-42.3793,-7.9931],[-42.362,-7.9503],[-42.3382,-7.9489],[-42.2856,-7.931],[-42.2635,-7.9096],[-42.2254,-7.906],[-42.1719,-7.9185],[-42.1283,-7.9585],[-42.0958,-7.9499],[-42.0564,-7.9744],[-42.0218,-7.9365],[-42.0319,-7.9754],[-41.9482,-8.0131],[-41.9025,-8.0136],[-41.8565,-8.0655],[-41.8597,-8.1138],[-41.84,-8.1188],[-41.7773,-8.1169],[-41.74,-8.0884],[-41.7766,-8.1209],[-41.7434,-8.1815],[-41.7835,-8.222],[-41.7715,-8.2901],[-41.7494,-8.3121],[-41.6962,-8.2843],[-41.6571,-8.299],[-41.5734,-8.3243],[-41.523,-8.3734],[-41.4865,-8.3681],[-41.4935,-8.391],[-41.4955,-8.5052],[-41.4683,-8.5318],[-41.4831,-8.6014],[-41.5091,-8.6594],[-41.5179,-8.7249],[-41.49,-8.7339],[-41.4261,-8.6676],[-41.4006,-8.7054],[-41.3813,-8.7073],[-41.3583,-8.7076],[-41.3369,-8.7084],[-41.2874,-8.6608],[-41.2513,-8.6616],[-41.2135,-8.6442],[-41.1986,-8.5925],[-41.1667,-8.5807],[-41.1495,-8.5339],[-41.1267,-8.542],[-41.0905,-8.5126],[-41.0765,-8.4725],[-41.0576,-8.4777],[-41.039,-8.4318],[-40.9785,-8.3987],[-40.9269,-8.4463],[-40.9023,-8.4231],[-40.9078,-8.4014],[-40.8618,-8.3707],[-40.8192,-8.3609],[-40.8179,-8.3205],[-40.7801,-8.2963],[-40.784,-8.2618],[-40.7643,-8.244]]]},"properties":{"ibge_code":"2203","name":"Picos","codarea":"2203","uf":"PI","uf_code":"22","macro_id":"2","macro_sigla":"NE"}},{"type":"Feature","geometry":{"type":"Polygon","coordinates":[[[-42.5933,-6.4906],[-42.5823,-6.5192],[-42.3547,-6.5183],[-42.349,-6.507],[-42.3098,-6.5072],[-42.3095,-6.514],[-42.3055,-6.5899],[-42.2056,-6.6249],[-42.1827,-6.6472],[-42.1462,-6.6425],[-42.1452,-6.6425],[-42.1225,-6.6443],[-42.0648,-6.638],[-41.9982,-6.617],[-41.9276,-6.6444],[-41.9219,-6.6466],[-41.9329,-6.67],[-41.9167,-6.7402],[-41.9162,-6.8302],[-41.8765,-6.8587],[-41.8084,-6.929],[-41.7031,-6.901],[-41.7002,-6.915],[-41.6225,-6.899],[-41.6139,-6.9072],[-41.6126,-6.8793],[-41.6079,-6.8392],[-41.6066,-6.8335],[-41.5427,-6.7383],[-41.4796,-6.7449],[-41.4953,-6.6678],[-41.5111,-6.6083],[-41.5085,-6.5569],[-41.4265,-6.5659],[-41.3711,-6.5939],[-41.2819,-6.6511],[-41.274,-6.6782],[-41.1969,-6.6795],[-41.1901,-6.6637],[-41.1303,-6.6552],[-41.1431,-6.7505],[-41.0954,-6.7567],[-40.7899,-6.5006],[-40.8052,-6.3931],[-40.7791,-6.3413],[-40.7866,-6.3054],[-40.8522,-6.2242],[-40.8577,-6.1054],[-40.8728,-6.0566],[-40.9063,-6.0465],[-40.9039,-6.0209],[-40.8736,-5.9731],[-40.8802,-5.9177],[-40.9056,-5.8493],[-40.9098,-5.7657],[-40.914,-5.725],[-40.9388,-5.6733],[-40.9078,-5.6423],[-40.9023,-5.608],[-40.9324,-5.5489],[-40.9293,-5.4931],[-40.9161,-5.4683],[-40.937,-5.4387],[-40.9115,-5.4074],[-40.9361,-5.366],[-40.9185,-5.3383],[-40.9269,-5.297],[-40.9117,-5.2667],[-40.929,-5.1717],[-41.0264,-5.1097],[-41.0819,-5.0876],[-41.1212,-5.0239],[-41.189,-4.9406],[-41.2204,-4.939],[-41.2281,-4.891],[-41.2496,-4.8697],[-41.2332,-4.8101],[-41.268,-4.8116],[-41.2784,-4.8534],[-41.3138,-4.868],[-41.3477,-4.8652],[-41.384,-4.8839],[-41.4348,-4.8611],[-41.451,-4.8255],[-41.4729,-4.8335],[-41.5253,-4.8283],[-41.5433,-4.7593],[-41.5601,-4.745],[-41.6548,-4.7763],[-41.6954,-4.7659],[-41.7466,-4.7033],[-41.7768,-4.6888],[-41.8188,-4.6971],[-41.8799,-4.6805],[-41.8402,-4.6246],[-41.9218,-4.5439],[-41.964,-4.5293],[-42.0346,-4.5292],[-42.0557,-4.5278],[-42.061,-4.434],[-42.0584,-4.4035],[-42.0793,-4.3742],[-42.0269,-4.3542],[-42.0005,-4.3441],[-42.0005,-4.2722],[-41.9966,-4.2452],[-41.9969,-4.2078],[-42.0511,-4.1811],[-42.0768,-4.2053],[-42.1563,-4.2202],[-42.2376,-4.2241],[-42.2645,-4.0108],[-42.2295,-3.9736],[-42.2439,-3.9267],[-42.2669,-3.9394],[-42.3088,-3.9985],[-42.359,-3.9743],[-42.3887,-3.986],[-42.3991,-3.8984],[-42.49,-3.8721],[-42.5482,-3.8042],[-42.5915,-3.7584],[-42.6562,-3.7226],[-42.6835,-3.6945],[-42.6697,-3.7284],[-42.684,-3.7652],[-42.6715,-3.7916],[-42.6841,-3.8034],[-42.7217,-3.8844],[-42.7393,-3.9273],[-42.7813,-3.9546],[-42.7906,-3.9791],[-42.8166,-3.9932],[-42.8449,-4.0374],[-42.856,-4.0794],[-42.8697,-4.1041],[-42.9005,-4.1174],[-42.8901,-4.1551],[-42.9428,-4.1673],[-42.9864,-4.2205],[-42.9848,-4.2835],[-42.9653,-4.3221],[-42.9643,-4.3607],[-42.9486,-4.3855],[-42.8966,-4.4022],[-42.8716,-4.4281],[-42.8783,-4.4576],[-42.8501,-4.498],[-42.8748,-4.5388],[-42.8665,-4.5663],[-42.9162,-4.6514],[-42.9531,-4.6874],[-42.9269,-4.717],[-42.9262,-4.7507],[-42.9498,-4.7691],[-42.9386,-4.8092],[-42.8974,-4.8426],[-42.8927,-4.888],[-42.8898,-4.8947],[-42.8539,-4.9373],[-42.8632,-4.9681],[-42.8354,-5.074],[-42.8173,-5.1017],[-42.799,-5.1897],[-42.8295,-5.2393],[-42.8122,-5.2824],[-42.8158,-5.318],[-42.8253,-5.3464],[-42.8866,-5.3919],[-42.9107,-5.3959],[-42.9307,-5.4392],[-42.9684,-5.4535],[-42.9735,-5.4845],[-42.9953,-5.5083],[-43.0042,-5.5427],[-43.0332,-5.5921],[-43.082,-5.5995],[-43.0949,-5.6149],[-43.08,-5.649],[-43.0886,-5.6716],[-43.0758,-5.7355],[-43.1012,-5.7586],[-43.0944,-5.835],[-43.0751,-5.865],[-43.0964,-5.9097],[-43.0842,-5.9573],[-43.0509,-5.9896],[-43.0492,-6.0139],[-43.0762,-6.0427],[-43.0491,-6.1016],[-42.9923,-6.1176],[-42.9784,-6.1385],[-42.9699,-6.1773],[-42.9332,-6.1927],[-42.8545,-6.2499],[-42.8495,-6.3082],[-42.8293,-6.3406],[-42.8773,-6.4169],[-42.8655,-6.4822],[-42.8864,-6.5046],[-42.8871,-6.5778],[-42.9077,-6.6059],[-42.9151,-6.648],[-42.8569,-6.6623],[-42.8415,-6.7056],[-42.7911,-6.5218],[-42.6531,-6.5049],[-42.5933,-6.4906]]]},"properties":{"ibge_code":"2201","name":"Teresina","codarea":"2201","uf":"PI","uf_code":"22","macro_id":"2","macro_sigla":"NE"}},{"type":"Feature","geometry":{"type":"Polygon","coordinates":[[[-43.6306,-8.2638],[-43.5797,-8.256],[-43.5219,-8.1678],[-43.5187,-8.1478],[-43.5715,-8.1576],[-43.6123,-8.1494],[-43.7239,-8.1572],[-43.7335,-8.0439],[-43.7952,-8.0683],[-43.8179,-8.1539],[-43.8133,-8.2339],[-43.8229,-8.2535],[-43.8252,-8.315],[-43.8791,-8.3136],[-43.9193,-8.3873],[-44.0133,-8.4031],[-44.1067,-8.3694],[-44.3835,-8.3661],[-44.4084,-8.4618],[-44.8433,-8.2645],[-44.8435,-8.3127],[-44.822,-8.3327],[-44.8138,-8.3798],[-44.8276,-8.4266],[-44.8485,-8.4994],[-44.8769,-8.5327],[-44.8843,-8.6069],[-44.8869,-8.7436],[-44.9224,-8.8396],[-44.9553,-8.8684],[-44.9778,-8.9157],[-45.0151,-8.9521],[-45.0605,-8.9727],[-45.0849,-8.9961],[-45.1812,-9.0854],[-45.2092,-9.1379],[-45.2406,-9.1626],[-45.2591,-9.1979],[-45.3119,-9.2428],[-45.5116,-9.172],[-45.5342,-9.1409],[-45.5282,-9.1051],[-45.5627,-9.0511],[-45.5063,-8.9972],[-45.4737,-8.9389],[-45.4242,-8.8827],[-45.4018,-8.8701],[-45.3911,-8.8241],[-45.3986,-8.7969],[-45.3948,-8.7146],[-45.3814,-8.683],[-45.4059,-8.633],[-45.449,-8.571],[-45.5035,-8.5476],[-45.5361,-8.5166],[-45.5748,-8.4972],[-45.6229,-8.4959],[-45.7064,-8.3876],[-45.7247,-8.3948],[-45.7454,-8.4527],[-45.7387,-8.5007],[-45.7724,-8.5747],[-45.7948,-8.5918],[-45.8408,-8.7158],[-45.8903,-8.7406],[-45.9384,-8.7868],[-45.9598,-8.8155],[-45.9494,-8.8449],[-45.9951,-8.927],[-45.9362,-9.0383],[-45.9232,-9.09],[-45.9295,-9.1276],[-45.8977,-9.1853],[-45.8973,-9.2333],[-45.9076,-9.2978],[-45.8871,-9.3486],[-45.8476,-9.3562],[-45.799,-9.4172],[-45.7911,-9.4828],[-45.8115,-9.504],[-45.8419,-9.5629],[-45.8204,-9.6179],[-45.8297,-9.6799],[-45.8386,-9.6963],[-45.821,-9.7392],[-45.8214,-9.7731],[-45.8644,-9.8615],[-45.8425,-9.9395],[-45.8548,-9.9963],[-45.8801,-10.061],[-45.8785,-10.1103],[-45.9,-10.1528],[-45.9456,-10.1964],[-45.9739,-10.2484],[-46.0124,-10.2507],[-46.0282,-10.2771],[-45.9999,-10.2967],[-45.9711,-10.3589],[-45.9109,-10.3711],[-45.8872,-10.3405],[-45.9156,-10.3127],[-45.8967,-10.2643],[-45.8671,-10.2541],[-45.7937,-10.2677],[-45.744,-10.24],[-45.7273,-10.2034],[-45.7235,-10.1554],[-45.6902,-10.1554],[-45.6032,-10.108],[-45.5675,-10.1395],[-45.5716,-10.1809],[-45.5566,-10.2169],[-45.5234,-10.2441],[-45.5224,-10.2767],[-45.4907,-10.301],[-45.4303,-10.3595],[-45.4288,-10.4139],[-45.396,-10.445],[-45.4003,-10.4631],[-45.4474,-10.5094],[-45.4373,-10.6156],[-45.4145,-10.6451],[-45.3852,-10.6516],[-45.3691,-10.6799],[-45.3582,-10.7322],[-45.3297,-10.7556],[-45.2685,-10.7762],[-45.246,-10.8225],[-45.1579,-10.8392],[-45.0821,-10.8395],[-45.0515,-10.8514],[-45.0166,-10.8846],[-44.973,-10.8923],[-44.9447,-10.919],[-44.9312,-10.9288],[-44.8638,-10.8852],[-44.8471,-10.9011],[-44.8083,-10.8661],[-44.7881,-10.8085],[-44.7146,-10.7617],[-44.6668,-10.7589],[-44.6688,-10.6871],[-44.627,-10.6756],[-44.5778,-10.6268],[-44.5005,-10.6497],[-44.4518,-10.6066],[-44.3923,-10.6007],[-44.3444,-10.5497],[-44.3145,-10.5574],[-44.2667,-10.6232],[-44.2184,-10.6152],[-44.1655,-10.6429],[-44.1393,-10.6399],[-44.1106,-10.5972],[-44.0834,-10.5891],[-44.0721,-10.5799],[-44.051,-10.5062],[-44.0258,-10.4755],[-44.0358,-10.4447],[-44.0278,-10.4125],[-43.9902,-10.418],[-43.9367,-10.4361],[-43.9159,-10.3931],[-43.8951,-10.3545],[-43.8369,-10.3022],[-43.8373,-10.2501],[-43.7848,-10.1917],[-43.7592,-10.0746],[-43.6991,-10.0778],[-43.6927,-10.0594],[-43.6695,-10.0308],[-43.6652,-9.991],[-43.6969,-9.9741],[-43.6905,-9.9417],[-43.709,-9.9132],[-43.6774,-9.8865],[-43.6525,-9.8436],[-43.6648,-9.8237],[-43.7849,-9.7624],[-43.7945,-9.705],[-43.842,-9.6374],[-43.8415,-9.586],[-43.8526,-9.5621],[-43.8379,-9.5252],[-43.7862,-9.4576],[-43.7822,-9.4527],[-43.8698,-9.3137],[-43.9567,-9.1741],[-43.8692,-9.0185],[-43.7925,-8.8142],[-43.702,-8.7171],[-43.6834,-8.5991],[-43.6306,-8.2638]]]},"properties":{"ibge_code":"2205","name":"Corrente - Bom Jesus","codarea":"2205","uf":"PI","uf_code":"22","macro_id":"2","macro_sigla":"NE"}},{"type":"Feature","geometry":{"type":"Polygon","coordinates":[[[-43.0593,-9.397],[-43.0401,-9.4147],[-42.9879,-9.4013],[-42.9587,-9.4284],[-42.9595,-9.4797],[-42.9438,-9.5208],[-42.904,-9.5268],[-42.8767,-9.5616],[-42.8282,-9.5605],[-42.8206,-9.6192],[-42.77,-9.6192],[-42.7577,-9.5893],[-42.7162,-9.5544],[-42.6901,-9.5459],[-42.6196,-9.5393],[-42.6029,-9.5168],[-42.5904,-9.4984],[-42.5147,-9.5018],[-42.4931,-9.4949],[-42.4815,-9.4589],[-42.4486,-9.4612],[-42.4185,-9.4094],[-42.3647,-9.3821],[-42.357,-9.3526],[-42.3161,-9.3166],[-42.2689,-9.3104],[-42.2261,-9.2833],[-42.1345,-9.2872],[-42.095,-9.2786],[-42.0692,-9.2575],[-42.0187,-9.2505],[-41.9999,-9.266],[-41.9723,-9.2486],[-41.9216,-9.2788],[-41.8705,-9.2374],[-41.8547,-9.2407],[-41.838,-9.2423],[-41.8001,-9.148],[-41.7327,-9.0877],[-41.7308,-9.028],[-41.6888,-9.014],[-41.6694,-8.9901],[-41.6334,-8.986],[-41.6058,-8.9574],[-41.5458,-8.9617],[-41.5414,-8.9336],[-41.4878,-8.8439],[-41.4722,-8.8431],[-41.4114,-8.7744],[-41.3813,-8.7073],[-41.4006,-8.7054],[-41.4261,-8.6676],[-41.49,-8.7339],[-41.5179,-8.7249],[-41.5091,-8.6594],[-41.4831,-8.6014],[-41.4683,-8.5318],[-41.4955,-8.5052],[-41.4935,-8.391],[-41.4865,-8.3681],[-41.523,-8.3734],[-41.5734,-8.3243],[-41.6571,-8.299],[-41.6962,-8.2843],[-41.7494,-8.3121],[-41.7715,-8.2901],[-41.7835,-8.222],[-41.7434,-8.1815],[-41.7766,-8.1209],[-41.74,-8.0884],[-41.7773,-8.1169],[-41.84,-8.1188],[-41.8597,-8.1138],[-41.8565,-8.0655],[-41.9025,-8.0136],[-41.9482,-8.0131],[-42.0319,-7.9754],[-42.0218,-7.9365],[-42.0564,-7.9744],[-42.0958,-7.9499],[-42.1283,-7.9585],[-42.1719,-7.9185],[-42.2254,-7.906],[-42.2635,-7.9096],[-42.2856,-7.931],[-42.3382,-7.9489],[-42.362,-7.9503],[-42.3793,-7.9931],[-42.4227,-8.0013],[-42.4419,-8.0659],[-42.5232,-8.0811],[-42.556,-8.0663],[-42.5958,-7.8136],[-42.5995,-7.694],[-42.5841,-7.6802],[-42.5809,-7.5839],[-42.6785,-7.5915],[-42.6793,-7.6234],[-42.7288,-7.6546],[-42.7562,-7.702],[-42.6863,-7.779],[-42.712,-7.9766],[-42.7119,-8.0199],[-42.6592,-8.0313],[-42.6081,-8.1135],[-42.5834,-8.1242],[-42.5905,-8.1685],[-42.5855,-8.2341],[-42.608,-8.3026],[-42.6437,-8.4163],[-42.638,-8.4934],[-42.6945,-8.5505],[-42.7066,-8.5776],[-42.726,-8.6848],[-42.8936,-8.6986],[-42.9563,-8.7136],[-42.9832,-8.7102],[-43.0201,-8.701],[-43.0594,-8.6976],[-43.0767,-8.7402],[-43.2608,-8.7468],[-43.2535,-8.7282],[-43.467,-8.7299],[-43.7043,-8.7318],[-43.702,-8.7171],[-43.7925,-8.8142],[-43.8692,-9.0185],[-43.9567,-9.1741],[-43.8698,-9.3137],[-43.7822,-9.4527],[-43.7514,-9.4341],[-43.6891,-9.4197],[-43.6216,-9.3715],[-43.606,-9.3516],[-43.579,-9.3204],[-43.5409,-9.3082],[-43.4975,-9.2725],[-43.4381,-9.2661],[-43.3952,-9.3143],[-43.3764,-9.3489],[-43.2932,-9.401],[-43.2851,-9.42],[-43.2186,-9.4006],[-43.1939,-9.4207],[-43.1615,-9.3793],[-43.1219,-9.3729],[-43.0745,-9.4],[-43.0593,-9.397]]]},"properties":{"ibge_code":"2204","name":"São Raimundo Nonato","codarea":"2204","uf":"PI","uf_code":"22","macro_id":"2","macro_sigla":"NE"}},{"type":"Feature","geometry":{"type":"Polygon","coordinates":[[[-44.3129,-7.1186],[-44.3274,-7.1102],[-44.3861,-7.1209],[-44.4306,-7.1516],[-44.4734,-7.1664],[-44.5124,-7.1935],[-44.5216,-7.2187],[-44.5653,-7.2287],[-44.6159,-7.3087],[-44.6603,-7.3291],[-44.6904,-7.3958],[-44.7304,-7.3903],[-44.742,-7.3617],[-44.7803,-7.3785],[-44.8173,-7.3615],[-44.847,-7.3858],[-44.868,-7.4216],[-44.8994,-7.4249],[-44.9229,-7.467],[-44.9853,-7.481],[-44.9893,-7.4824],[-45.0496,-7.5132],[-45.0856,-7.5023],[-45.1547,-7.5128],[-45.2152,-7.567],[-45.2333,-7.5493],[-45.2617,-7.5712],[-45.3347,-7.5777],[-45.3983,-7.6393],[-45.4558,-7.67],[-45.4904,-7.7874],[-45.5383,-7.8616],[-45.5205,-7.8848],[-45.5395,-7.9184],[-45.5773,-8.0299],[-45.5633,-8.0442],[-45.5855,-8.0953],[-45.5837,-8.1569],[-45.6095,-8.2051],[-45.6636,-8.2505],[-45.6671,-8.2887],[-45.7064,-8.3876],[-45.6229,-8.4959],[-45.5748,-8.4972],[-45.5361,-8.5166],[-45.5035,-8.5476],[-45.449,-8.571],[-45.4059,-8.633],[-45.3814,-8.683],[-45.3948,-8.7146],[-45.3986,-8.7969],[-45.3911,-8.8241],[-45.4018,-8.8701],[-45.4242,-8.8827],[-45.4737,-8.9389],[-45.5063,-8.9972],[-45.5627,-9.0511],[-45.5282,-9.1051],[-45.5342,-9.1409],[-45.5116,-9.172],[-45.3119,-9.2428],[-45.2591,-9.1979],[-45.2406,-9.1626],[-45.2092,-9.1379],[-45.1812,-9.0854],[-45.0849,-8.9961],[-45.0605,-8.9727],[-45.0151,-8.9521],[-44.9778,-8.9157],[-44.9553,-8.8684],[-44.9224,-8.8396],[-44.8869,-8.7436],[-44.8843,-8.6069],[-44.8769,-8.5327],[-44.8485,-8.4994],[-44.8276,-8.4266],[-44.8138,-8.3798],[-44.822,-8.3327],[-44.8435,-8.3127],[-44.8433,-8.2645],[-44.4084,-8.4618],[-44.3835,-8.3661],[-44.1067,-8.3694],[-44.0133,-8.4031],[-43.9193,-8.3873],[-43.8791,-8.3136],[-43.8252,-8.315],[-43.8229,-8.2535],[-43.8133,-8.2339],[-43.8179,-8.1539],[-43.7952,-8.0683],[-43.7335,-8.0439],[-43.7239,-8.1572],[-43.6123,-8.1494],[-43.5715,-8.1576],[-43.5187,-8.1478],[-43.5219,-8.1678],[-43.5797,-8.256],[-43.6306,-8.2638],[-43.6834,-8.5991],[-43.702,-8.7171],[-43.7043,-8.7318],[-43.467,-8.7299],[-43.2535,-8.7282],[-43.2608,-8.7468],[-43.0767,-8.7402],[-43.0594,-8.6976],[-43.0201,-8.701],[-42.9832,-8.7102],[-42.9563,-8.7136],[-42.8936,-8.6986],[-42.726,-8.6848],[-42.7066,-8.5776],[-42.6945,-8.5505],[-42.638,-8.4934],[-42.6437,-8.4163],[-42.608,-8.3026],[-42.5855,-8.2341],[-42.5905,-8.1685],[-42.5834,-8.1242],[-42.6081,-8.1135],[-42.6592,-8.0313],[-42.7119,-8.0199],[-42.712,-7.9766],[-42.6863,-7.779],[-42.7562,-7.702],[-42.7288,-7.6546],[-42.6793,-7.6234],[-42.6785,-7.5915],[-42.5809,-7.5839],[-42.5841,-7.6802],[-42.5087,-7.8425],[-42.4824,-7.836],[-42.4765,-7.7017],[-42.4887,-7.526],[-42.4485,-7.5354],[-42.4198,-7.5244],[-42.3919,-7.5348],[-42.3193,-7.4562],[-42.3121,-7.4315],[-42.3607,-7.4177],[-42.3102,-7.2233],[-42.4038,-7.1698],[-42.4067,-7.0963],[-42.4165,-7.0552],[-42.4208,-6.9672],[-42.6254,-6.9975],[-42.6011,-6.968],[-42.5666,-6.8691],[-42.6065,-6.8247],[-42.6065,-6.8086],[-42.57,-6.7881],[-42.5531,-6.724],[-42.5299,-6.7059],[-42.4891,-6.7082],[-42.4775,-6.6675],[-42.3754,-6.6767],[-42.3565,-6.5285],[-42.3095,-6.514],[-42.3098,-6.5072],[-42.349,-6.507],[-42.3547,-6.5183],[-42.5823,-6.5192],[-42.5933,-6.4906],[-42.6531,-6.5049],[-42.7911,-6.5218],[-42.8415,-6.7056],[-42.8569,-6.6623],[-42.9151,-6.648],[-42.9471,-6.7018],[-42.9774,-6.7179],[-42.9928,-6.7487],[-43.0479,-6.762],[-43.0872,-6.7508],[-43.1012,-6.768],[-43.1476,-6.7837],[-43.1783,-6.7673],[-43.2479,-6.7677],[-43.2713,-6.7926],[-43.3439,-6.7977],[-43.3912,-6.8342],[-43.4546,-6.846],[-43.4886,-6.8215],[-43.5084,-6.7988],[-43.5416,-6.7891],[-43.5617,-6.7481],[-43.5844,-6.7575],[-43.6375,-6.7196],[-43.715,-6.6987],[-43.7538,-6.7035],[-43.7909,-6.7023],[-43.8201,-6.7273],[-43.8842,-6.7587],[-43.9138,-6.7527],[-43.9305,-6.7711],[-43.9568,-6.7432],[-43.9877,-6.7573],[-44.0534,-6.7683],[-44.0591,-6.8084],[-44.1163,-6.8058],[-44.1406,-6.8652],[-44.1713,-6.885],[-44.1737,-6.9201],[-44.2008,-6.9329],[-44.2082,-6.9699],[-44.2493,-7.0005],[-44.2783,-7.0382],[-44.276,-7.0581],[-44.2758,-7.0745],[-44.3129,-7.1186]]]},"properties":{"ibge_code":"2206","name":"Floriano","codarea":"2206","uf":"PI","uf_code":"22","macro_id":"2","macro_sigla":"NE"}},{"type":"Feature","geometry":{"type":"Polygon","coordinates":[[[-41.9966,-4.2452],[-42.0005,-4.2722],[-42.0005,-4.3441],[-42.0269,-4.3542],[-42.0793,-4.3742],[-42.0584,-4.4035],[-42.061,-4.434],[-42.0557,-4.5278],[-42.0346,-4.5292],[-41.964,-4.5293],[-41.9218,-4.5439],[-41.8402,-4.6246],[-41.8799,-4.6805],[-41.8188,-4.6971],[-41.7768,-4.6888],[-41.7466,-4.7033],[-41.6954,-4.7659],[-41.6548,-4.7763],[-41.5601,-4.745],[-41.5433,-4.7593],[-41.5253,-4.8283],[-41.4729,-4.8335],[-41.451,-4.8255],[-41.4348,-4.8611],[-41.384,-4.8839],[-41.3477,-4.8652],[-41.3138,-4.868],[-41.2784,-4.8534],[-41.268,-4.8116],[-41.2332,-4.8101],[-41.2128,-4.772],[-41.2503,-4.7566],[-41.1811,-4.6732],[-41.2334,-4.6102],[-41.2398,-4.5736],[-41.2215,-4.5675],[-41.1908,-4.5155],[-41.1776,-4.4677],[-41.1491,-4.3672],[-41.1194,-4.3243],[-41.1359,-4.2335],[-41.0991,-4.1818],[-41.0981,-4.1805],[-41.1183,-4.1652],[-41.1394,-4.121],[-41.1132,-4.0498],[-41.1203,-4.0363],[-41.1688,-4.0331],[-41.1829,-4.018],[-41.2395,-4.0169],[-41.2492,-3.9899],[-41.2289,-3.9681],[-41.2202,-3.9415],[-41.2457,-3.8964],[-41.2879,-3.8225],[-41.2541,-3.775],[-41.2613,-3.7462],[-41.2393,-3.7128],[-41.3077,-3.6848],[-41.3342,-3.684],[-41.3313,-3.6247],[-41.3672,-3.5617],[-41.3369,-3.5539],[-41.3206,-3.4979],[-41.303,-3.4922],[-41.327,-3.4463],[-41.324,-3.3859],[-41.3754,-3.3991],[-41.3996,-3.3846],[-41.4144,-3.3499],[-41.3959,-3.3041],[-41.3225,-3.1798],[-41.3111,-3.1358],[-41.2558,-3.0876],[-41.2609,-3.0538],[-41.2527,-3.0349],[-41.2715,-2.9707],[-41.3218,-2.9517],[-41.3227,-2.9213],[-41.3403,-2.9274],[-41.3979,-2.9041],[-41.4362,-2.906],[-41.4784,-2.896],[-41.5103,-2.9115],[-41.5558,-2.8986],[-41.6125,-2.8965],[-41.6496,-2.8644],[-41.6807,-2.8476],[-41.7296,-2.803],[-41.7408,-2.8076],[-41.7818,-2.7583],[-41.826,-2.7573],[-41.8486,-2.7839],[-41.8451,-2.8139],[-41.866,-2.87],[-41.8344,-2.9156],[-41.7967,-2.9606],[-41.8228,-3.0179],[-41.8691,-3.0603],[-41.9249,-3.1131],[-41.9248,-3.138],[-41.9798,-3.216],[-41.9856,-3.2225],[-42.0128,-3.2481],[-42.069,-3.2644],[-42.1236,-3.2668],[-42.1258,-3.3464],[-42.1507,-3.3866],[-42.1947,-3.3994],[-42.2017,-3.4313],[-42.2246,-3.4273],[-42.2727,-3.4447],[-42.3018,-3.452],[-42.3337,-3.4345],[-42.3558,-3.4507],[-42.389,-3.4491],[-42.3999,-3.4748],[-42.4248,-3.4534],[-42.4703,-3.4838],[-42.4964,-3.4459],[-42.527,-3.4856],[-42.5302,-3.5114],[-42.5627,-3.5594],[-42.61,-3.5859],[-42.6167,-3.6107],[-42.6331,-3.6321],[-42.6751,-3.6727],[-42.6835,-3.6945],[-42.6562,-3.7226],[-42.5915,-3.7584],[-42.5482,-3.8042],[-42.49,-3.8721],[-42.3991,-3.8984],[-42.3887,-3.986],[-42.359,-3.9743],[-42.3088,-3.9985],[-42.2669,-3.9394],[-42.2439,-3.9267],[-42.2295,-3.9736],[-42.2645,-4.0108],[-42.2376,-4.2241],[-42.1563,-4.2202],[-42.0768,-4.2053],[-42.0511,-4.1811],[-41.9969,-4.2078],[-41.9966,-4.2452]]]},"properties":{"ibge_code":"2202","name":"Parnaíba","codarea":"2202","uf":"PI","uf_code":"22","macro_id":"2","macro_sigla":"NE"}},{"type":"Feature","geometry":{"type":"Polygon","coordinates":[[[-40.3705,-6.8032],[-40.3871,-6.8301],[-40.4285,-6.8643],[-40.425,-6.9353],[-40.4277,-7.0339],[-40.4594,-7.0785],[-40.4897,-7.1187],[-40.4844,-7.1332],[-40.5061,-7.2109],[-40.5237,-7.3185],[-40.4491,-7.3611],[-40.3939,-7.3682],[-40.361,-7.3556],[-40.3454,-7.3292],[-40.3107,-7.3007],[-40.263,-7.301],[-40.242,-7.318],[-40.1957,-7.3581],[-40.1571,-7.3715],[-40.1278,-7.3819],[-40.0007,-7.3745],[-39.9263,-7.341],[-39.9046,-7.3383],[-39.8901,-7.3398],[-39.8577,-7.3254],[-39.8287,-7.3324],[-39.7413,-7.3268],[-39.7062,-7.3378],[-39.6457,-7.3809],[-39.6266,-7.427],[-39.5992,-7.4287],[-39.5716,-7.4298],[-39.5459,-7.4839],[-39.5024,-7.4641],[-39.4607,-7.4712],[-39.4557,-7.5019],[-39.4847,-7.5328],[-39.4735,-7.5729],[-39.4476,-7.5722],[-39.4207,-7.603],[-39.3919,-7.6082],[-39.3696,-7.6193],[-39.3069,-7.6651],[-39.2664,-7.6648],[-39.2526,-7.7049],[-39.2083,-7.6895],[-39.1466,-7.7182],[-39.1026,-7.771],[-39.088,-7.8326],[-39.018,-7.8127],[-39.0014,-7.8401],[-38.966,-7.8456],[-38.9621,-7.8442],[-38.9398,-7.7916],[-38.9396,-7.7588],[-38.8948,-7.7505],[-38.8697,-7.7115],[-38.8281,-7.7196],[-38.8242,-7.6783],[-38.7606,-7.656],[-38.7428,-7.6603],[-38.7176,-7.6269],[-38.7151,-7.6219],[-38.7037,-7.581],[-38.683,-7.5787],[-38.653,-7.5526],[-38.6449,-7.46],[-38.6033,-7.4576],[-38.5956,-7.4156],[-38.5494,-7.335],[-38.5348,-7.2905],[-38.5544,-7.2519],[-38.5928,-7.2476],[-38.62,-7.2201],[-38.6442,-7.1838],[-38.6818,-7.1873],[-38.6779,-7.1327],[-38.6564,-7.0924],[-38.6698,-7.0477],[-38.6738,-7.0462],[-38.6914,-7.0291],[-38.765,-6.9939],[-38.7423,-6.9743],[-38.7652,-6.9109],[-38.7742,-6.8684],[-38.8197,-6.8567],[-38.856,-6.859],[-38.811,-6.8466],[-38.8289,-6.7447],[-38.8466,-6.7092],[-38.8437,-6.6673],[-38.8735,-6.6118],[-38.8766,-6.5816],[-38.9216,-6.5667],[-38.9247,-6.6112],[-38.9684,-6.6592],[-39.0027,-6.6577],[-39.0475,-6.6748],[-39.0682,-6.7054],[-39.1079,-6.7155],[-39.1298,-6.7104],[-39.1429,-6.6759],[-39.1727,-6.6729],[-39.1786,-6.6133],[-39.2099,-6.6078],[-39.2392,-6.5836],[-39.2984,-6.5617],[-39.3128,-6.5845],[-39.2795,-6.6292],[-39.2905,-6.6745],[-39.3196,-6.6933],[-39.3363,-6.7248],[-39.3022,-6.7398],[-39.3279,-6.7703],[-39.382,-6.7696],[-39.4423,-6.7902],[-39.4782,-6.7556],[-39.5104,-6.7767],[-39.5565,-6.7766],[-39.6158,-6.7885],[-39.5993,-6.7586],[-39.6414,-6.739],[-39.6471,-6.6849],[-39.6658,-6.6373],[-39.7374,-6.6332],[-39.7366,-6.6127],[-39.7676,-6.627],[-39.7752,-6.6568],[-39.833,-6.6999],[-39.838,-6.6792],[-39.9133,-6.6887],[-39.9397,-6.712],[-39.9866,-6.6802],[-40.0051,-6.6868],[-40.0548,-6.6113],[-40.0262,-6.5827],[-40.0327,-6.5403],[-40.0591,-6.5009],[-40.0335,-6.4316],[-40.0762,-6.4],[-40.0841,-6.3674],[-40.1123,-6.349],[-40.1866,-6.3647],[-40.3274,-6.4019],[-40.3662,-6.4302],[-40.3916,-6.4748],[-40.4424,-6.4899],[-40.4531,-6.524],[-40.5784,-6.5488],[-40.61,-6.6031],[-40.7364,-6.6003],[-40.722,-6.6177],[-40.7322,-6.6536],[-40.7102,-6.6761],[-40.6513,-6.6782],[-40.6022,-6.716],[-40.4769,-6.7328],[-40.4322,-6.813],[-40.3705,-6.8032]]]},"properties":{"ibge_code":"2304","name":"Juazeiro do Norte","codarea":"2304","uf":"CE","uf_code":"23","macro_id":"2","macro_sigla":"NE"}},{"type":"Feature","geometry":{"type":"Polygon","coordinates":[[[-40.0276,-3.4373],[-40.0485,-3.5316],[-40.0427,-3.5648],[-40.07,-3.5939],[-40.0443,-3.5811],[-39.9841,-3.5765],[-39.9933,-3.6263],[-40.0094,-3.6479],[-40.0149,-3.7121],[-40.0118,-3.7601],[-39.9763,-3.7767],[-39.9249,-3.9461],[-40.0069,-3.8991],[-39.9992,-3.9305],[-39.9223,-3.9919],[-39.9174,-4.0341],[-39.8722,-4.0462],[-39.8406,-4.1135],[-39.8185,-4.1179],[-39.7945,-4.1613],[-39.7739,-4.1737],[-39.7879,-4.1886],[-39.7658,-4.248],[-39.7302,-4.2749],[-39.7345,-4.3332],[-39.7115,-4.3802],[-39.7519,-4.4075],[-39.7295,-4.4475],[-39.7226,-4.4842],[-39.7682,-4.5236],[-39.7458,-4.5448],[-39.7044,-4.5441],[-39.6866,-4.576],[-39.77,-4.6307],[-39.7175,-4.6778],[-39.7294,-4.6959],[-39.7426,-4.7196],[-39.8068,-4.7078],[-39.8238,-4.73],[-39.8559,-4.7363],[-39.8849,-4.7902],[-39.9286,-4.7745],[-39.9493,-4.8175],[-39.9457,-4.8393],[-39.8947,-4.8854],[-39.9012,-4.9047],[-39.9566,-4.9254],[-39.9685,-4.9476],[-39.9578,-5.0254],[-39.9976,-5.0845],[-40.16,-5.1648],[-40.0967,-5.1595],[-40.0536,-5.1804],[-40.0236,-5.2074],[-40.0471,-5.2395],[-40.0486,-5.279],[-40.0209,-5.328],[-39.9931,-5.3498],[-39.9574,-5.3483],[-39.9223,-5.39],[-39.8969,-5.3968],[-39.8764,-5.3739],[-39.8423,-5.3689],[-39.7993,-5.3989],[-39.7827,-5.3795],[-39.6872,-5.3584],[-39.6652,-5.3625],[-39.627,-5.3071],[-39.624,-5.2552],[-39.5362,-5.1188],[-39.6139,-5.0843],[-39.6288,-5.043],[-39.5023,-5.0522],[-39.4726,-5.0087],[-39.4807,-4.9767],[-39.3945,-4.9274],[-39.3744,-4.9732],[-39.3483,-4.9603],[-39.366,-4.9331],[-39.3468,-4.8962],[-39.365,-4.8465],[-39.3401,-4.7922],[-39.3432,-4.7719],[-39.3034,-4.75],[-39.3187,-4.7234],[-39.3463,-4.7476],[-39.3673,-4.7248],[-39.3049,-4.7074],[-39.2822,-4.6515],[-39.18,-4.6553],[-39.1298,-4.6281],[-39.1121,-4.6433],[-39.0779,-4.639],[-38.9941,-4.6466],[-38.9781,-4.6679],[-38.9441,-4.7404],[-38.9233,-4.7391],[-38.883,-4.7082],[-38.8744,-4.6795],[-38.8582,-4.667],[-38.8162,-4.6724],[-38.7657,-4.6232],[-38.7004,-4.6123],[-38.6892,-4.652],[-38.6625,-4.6621],[-38.6309,-4.7005],[-38.5736,-4.6695],[-38.5289,-4.6806],[-38.4988,-4.6516],[-38.4579,-4.6534],[-38.4343,-4.6384],[-38.4083,-4.5981],[-38.3806,-4.5784],[-38.3604,-4.5015],[-38.2349,-4.5742],[-38.2146,-4.5902],[-38.1821,-4.6227],[-38.1238,-4.6198],[-38.0836,-4.5876],[-38.0007,-4.5977],[-37.9864,-4.5836],[-37.9806,-4.5413],[-37.9634,-4.5303],[-37.9537,-4.4799],[-37.9763,-4.4324],[-37.9504,-4.4038],[-37.9049,-4.4139],[-37.8581,-4.4009],[-37.8451,-4.3817],[-37.9066,-4.3398],[-37.9883,-4.2608],[-38.0111,-4.2495],[-38.1149,-4.1491],[-38.1477,-4.1021],[-38.2233,-4.0072],[-38.2729,-3.9447],[-38.3035,-3.936],[-38.3603,-3.8849],[-38.4018,-3.8238],[-38.4635,-3.7128],[-38.4959,-3.725],[-38.5876,-3.6964],[-38.6524,-3.6822],[-38.6956,-3.6437],[-38.7483,-3.6169],[-38.8066,-3.5485],[-38.8522,-3.5408],[-38.9179,-3.4943],[-38.9321,-3.4654],[-38.9738,-3.4111],[-39.0074,-3.3971],[-39.0646,-3.4067],[-39.1127,-3.3471],[-39.1648,-3.3262],[-39.2277,-3.2408],[-39.257,-3.2195],[-39.3225,-3.2007],[-39.3414,-3.1805],[-39.3793,-3.1833],[-39.5506,-3.0792],[-39.5921,-3.0694],[-39.6198,-3.026],[-39.6606,-3.0211],[-39.6768,-3.0012],[-39.721,-2.9969],[-39.709,-3.0145],[-39.868,-3.1246],[-39.8687,-3.1697],[-39.9026,-3.2079],[-39.8891,-3.224],[-39.9075,-3.2736],[-39.9342,-3.3157],[-39.9392,-3.3347],[-39.9872,-3.3655],[-39.9965,-3.4086],[-40.0276,-3.4373]]]},"properties":{"ibge_code":"2301","name":"Fortaleza","codarea":"2301","uf":"CE","uf_code":"23","macro_id":"2","macro_sigla":"NE"}},{"type":"Feature","geometry":{"type":"Polygon","coordinates":[[[-40.3719,-2.8124],[-40.455,-2.8034],[-40.498,-2.7843],[-40.5424,-2.8221],[-40.5901,-2.8464],[-40.6702,-2.8434],[-40.7604,-2.8488],[-40.8459,-2.8852],[-40.8582,-2.8614],[-40.9065,-2.8612],[-40.9234,-2.8745],[-41.0024,-2.8897],[-41.1017,-2.9009],[-41.1768,-2.8862],[-41.2712,-2.8872],[-41.3227,-2.9213],[-41.3218,-2.9517],[-41.2715,-2.9707],[-41.2527,-3.0349],[-41.2609,-3.0538],[-41.2558,-3.0876],[-41.3111,-3.1358],[-41.3225,-3.1798],[-41.3959,-3.3041],[-41.4144,-3.3499],[-41.3996,-3.3846],[-41.3754,-3.3991],[-41.324,-3.3859],[-41.327,-3.4463],[-41.303,-3.4922],[-41.3206,-3.4979],[-41.3369,-3.5539],[-41.3672,-3.5617],[-41.3313,-3.6247],[-41.3342,-3.684],[-41.3077,-3.6848],[-41.2393,-3.7128],[-41.2613,-3.7462],[-41.2541,-3.775],[-41.2879,-3.8225],[-41.2457,-3.8964],[-41.2202,-3.9415],[-41.2289,-3.9681],[-41.2492,-3.9899],[-41.2395,-4.0169],[-41.1829,-4.018],[-41.1688,-4.0331],[-41.1203,-4.0363],[-41.1132,-4.0498],[-41.1394,-4.121],[-41.1183,-4.1652],[-41.0981,-4.1805],[-41.0991,-4.1818],[-41.1359,-4.2335],[-41.1194,-4.3243],[-41.1491,-4.3672],[-41.1776,-4.4677],[-41.1908,-4.5155],[-41.2215,-4.5675],[-41.2398,-4.5736],[-41.1477,-4.5997],[-41.0989,-4.6024],[-40.9871,-4.66],[-40.9553,-4.7164],[-40.8722,-4.7123],[-40.8442,-4.7188],[-40.8064,-4.7056],[-40.7322,-4.7152],[-40.6698,-4.7051],[-40.6602,-4.6864],[-40.6267,-4.6212],[-40.5964,-4.6117],[-40.5879,-4.5576],[-40.5094,-4.5075],[-40.4609,-4.5283],[-40.3813,-4.5488],[-40.3459,-4.5807],[-40.3221,-4.5766],[-40.2934,-4.6004],[-40.3188,-4.6226],[-40.3377,-4.6654],[-40.3093,-4.691],[-40.3048,-4.7326],[-40.2731,-4.7701],[-40.2102,-4.7925],[-40.1841,-4.7845],[-40.1361,-4.8129],[-40.1199,-4.748],[-40.0595,-4.7168],[-39.9262,-4.7349],[-39.9286,-4.7745],[-39.8849,-4.7902],[-39.8559,-4.7363],[-39.8238,-4.73],[-39.8068,-4.7078],[-39.7426,-4.7196],[-39.7294,-4.6959],[-39.7175,-4.6778],[-39.77,-4.6307],[-39.6866,-4.576],[-39.7044,-4.5441],[-39.7458,-4.5448],[-39.7682,-4.5236],[-39.7226,-4.4842],[-39.7295,-4.4475],[-39.7519,-4.4075],[-39.7115,-4.3802],[-39.7345,-4.3332],[-39.7302,-4.2749],[-39.7658,-4.248],[-39.7879,-4.1886],[-39.7739,-4.1737],[-39.7945,-4.1613],[-39.8185,-4.1179],[-39.8406,-4.1135],[-39.8722,-4.0462],[-39.9174,-4.0341],[-39.9223,-3.9919],[-39.9992,-3.9305],[-40.0069,-3.8991],[-39.9249,-3.9461],[-39.9763,-3.7767],[-40.0118,-3.7601],[-40.0149,-3.7121],[-40.0094,-3.6479],[-39.9933,-3.6263],[-39.9841,-3.5765],[-40.0443,-3.5811],[-40.07,-3.5939],[-40.0427,-3.5648],[-40.0485,-3.5316],[-40.0276,-3.4373],[-39.9965,-3.4086],[-39.9872,-3.3655],[-39.9392,-3.3347],[-39.9342,-3.3157],[-39.9075,-3.2736],[-39.8891,-3.224],[-39.9026,-3.2079],[-39.8687,-3.1697],[-39.868,-3.1246],[-39.709,-3.0145],[-39.721,-2.9969],[-39.7947,-2.9521],[-39.8619,-2.8999],[-39.9187,-2.8684],[-39.9424,-2.8664],[-39.9656,-2.8514],[-40.1262,-2.8235],[-40.1438,-2.8402],[-40.1884,-2.8124],[-40.2367,-2.815],[-40.3261,-2.8061],[-40.3719,-2.8124]]]},"properties":{"ibge_code":"2306","name":"Sobral","codarea":"2306","uf":"CE","uf_code":"23","macro_id":"2","macro_sigla":"NE"}},{"type":"Feature","geometry":{"type":"Polygon","coordinates":[[[-39.3633,-5.9809],[-39.3542,-5.9517],[-39.3683,-5.9014],[-39.3416,-5.8514],[-39.3411,-5.8083],[-39.3278,-5.7828],[-39.4345,-5.7285],[-39.4525,-5.7375],[-39.4753,-5.7011],[-39.4393,-5.6657],[-39.4828,-5.6364],[-39.5456,-5.613],[-39.587,-5.6063],[-39.6018,-5.625],[-39.6322,-5.6065],[-39.6754,-5.6215],[-39.6913,-5.5999],[-39.7696,-5.5879],[-39.8181,-5.568],[-39.852,-5.6262],[-39.9317,-5.6331],[-40.012,-5.6244],[-40.0475,-5.674],[-40.0224,-5.7101],[-40.0062,-5.7202],[-40.0064,-5.777],[-39.9753,-5.8218],[-39.9239,-5.839],[-39.9409,-5.8794],[-39.9134,-5.8991],[-39.8715,-5.8836],[-39.8708,-5.9105],[-39.8337,-5.9411],[-39.8363,-5.9771],[-39.8557,-5.9872],[-39.9091,-6.058],[-39.9599,-6.0855],[-39.9564,-6.1003],[-39.9179,-6.0822],[-39.8886,-6.0974],[-39.8925,-6.1139],[-39.8956,-6.1599],[-39.9261,-6.1958],[-39.9869,-6.2208],[-40.0163,-6.2237],[-40.0273,-6.2797],[-40.0475,-6.279],[-40.0711,-6.3553],[-40.0841,-6.3674],[-40.0762,-6.4],[-40.0335,-6.4316],[-40.0591,-6.5009],[-40.0327,-6.5403],[-40.0262,-6.5827],[-40.0548,-6.6113],[-40.0051,-6.6868],[-39.9866,-6.6802],[-39.9397,-6.712],[-39.9133,-6.6887],[-39.838,-6.6792],[-39.833,-6.6999],[-39.7752,-6.6568],[-39.7676,-6.627],[-39.7366,-6.6127],[-39.7374,-6.6332],[-39.6658,-6.6373],[-39.6471,-6.6849],[-39.6414,-6.739],[-39.5993,-6.7586],[-39.6158,-6.7885],[-39.5565,-6.7766],[-39.5104,-6.7767],[-39.4782,-6.7556],[-39.4423,-6.7902],[-39.382,-6.7696],[-39.3279,-6.7703],[-39.3022,-6.7398],[-39.3363,-6.7248],[-39.3196,-6.6933],[-39.2905,-6.6745],[-39.2795,-6.6292],[-39.3128,-6.5845],[-39.2984,-6.5617],[-39.2392,-6.5836],[-39.2099,-6.6078],[-39.1786,-6.6133],[-39.1727,-6.6729],[-39.1429,-6.6759],[-39.1298,-6.7104],[-39.1079,-6.7155],[-39.0682,-6.7054],[-39.0475,-6.6748],[-39.0027,-6.6577],[-38.9684,-6.6592],[-38.9247,-6.6112],[-38.9216,-6.5667],[-38.8766,-6.5816],[-38.8735,-6.6118],[-38.8437,-6.6673],[-38.8466,-6.7092],[-38.8289,-6.7447],[-38.811,-6.8466],[-38.856,-6.859],[-38.8197,-6.8567],[-38.7742,-6.8684],[-38.7652,-6.9109],[-38.6754,-6.8618],[-38.6717,-6.8471],[-38.6519,-6.8117],[-38.6139,-6.7824],[-38.6524,-6.7571],[-38.6725,-6.7062],[-38.647,-6.6542],[-38.6491,-6.6276],[-38.6292,-6.6046],[-38.643,-6.5821],[-38.6071,-6.5295],[-38.6105,-6.5323],[-38.6123,-6.5132],[-38.5704,-6.4702],[-38.5384,-6.4213],[-38.5925,-6.3782],[-38.5625,-6.3557],[-38.5821,-6.3193],[-38.5704,-6.293],[-38.5197,-6.223],[-38.5512,-6.2343],[-38.6004,-6.178],[-38.6127,-6.1704],[-38.6791,-6.2054],[-38.7269,-6.1999],[-38.7358,-6.1647],[-38.7237,-6.1215],[-38.7548,-6.1114],[-38.8008,-6.1219],[-38.8207,-6.1366],[-38.9014,-6.1412],[-38.9068,-6.0887],[-38.9505,-6.0806],[-38.9761,-6.1028],[-38.9897,-6.0764],[-38.9865,-6.0285],[-39.0185,-6.0052],[-39.0507,-6.0254],[-39.0601,-6.0033],[-39.1126,-5.9771],[-39.1306,-5.9836],[-39.1699,-5.9602],[-39.1979,-5.9576],[-39.2124,-5.9917],[-39.3065,-5.9937],[-39.3205,-6.0069],[-39.3633,-5.9809]]]},"properties":{"ibge_code":"2303","name":"Iguatu","codarea":"2303","uf":"CE","uf_code":"23","macro_id":"2","macro_sigla":"NE"}},{"type":"Feature","geometry":{"type":"Polygon","coordinates":[[[-38.0281,-5.6233],[-37.9983,-5.5853],[-37.99,-5.5558],[-37.9506,-5.5366],[-37.9347,-5.5053],[-37.9022,-5.5007],[-37.8895,-5.4523],[-37.8605,-5.4067],[-37.8637,-5.3741],[-37.8475,-5.34],[-37.8128,-5.3166],[-37.7869,-5.2972],[-37.7848,-5.2402],[-37.7882,-5.2192],[-37.765,-5.1396],[-37.7334,-5.1006],[-37.7251,-5.0706],[-37.6771,-5.0523],[-37.6403,-4.9264],[-37.4671,-4.8859],[-37.4464,-4.881],[-37.3569,-4.8581],[-37.2527,-4.8314],[-37.295,-4.7302],[-37.3446,-4.6904],[-37.4076,-4.6751],[-37.4786,-4.6463],[-37.4947,-4.6287],[-37.5404,-4.6447],[-37.6031,-4.6173],[-37.6524,-4.5732],[-37.7324,-4.4885],[-37.7542,-4.4371],[-37.7695,-4.4264],[-37.7705,-4.4011],[-37.8451,-4.3817],[-37.8581,-4.4009],[-37.9049,-4.4139],[-37.9504,-4.4038],[-37.9763,-4.4324],[-37.9537,-4.4799],[-37.9634,-4.5303],[-37.9806,-4.5413],[-37.9864,-4.5836],[-38.0007,-4.5977],[-38.0836,-4.5876],[-38.1238,-4.6198],[-38.1821,-4.6227],[-38.2146,-4.5902],[-38.2349,-4.5742],[-38.3604,-4.5015],[-38.3806,-4.5784],[-38.4083,-4.5981],[-38.4343,-4.6384],[-38.4579,-4.6534],[-38.4988,-4.6516],[-38.5289,-4.6806],[-38.5736,-4.6695],[-38.6309,-4.7005],[-38.6625,-4.6621],[-38.6892,-4.652],[-38.7004,-4.6123],[-38.7657,-4.6232],[-38.8162,-4.6724],[-38.8582,-4.667],[-38.8744,-4.6795],[-38.883,-4.7082],[-38.9233,-4.7391],[-38.9441,-4.7404],[-38.9781,-4.6679],[-38.9941,-4.6466],[-39.0779,-4.639],[-39.1121,-4.6433],[-39.1298,-4.6281],[-39.18,-4.6553],[-39.2822,-4.6515],[-39.3049,-4.7074],[-39.3673,-4.7248],[-39.3463,-4.7476],[-39.3187,-4.7234],[-39.3034,-4.75],[-39.3432,-4.7719],[-39.3401,-4.7922],[-39.365,-4.8465],[-39.3468,-4.8962],[-39.366,-4.9331],[-39.3483,-4.9603],[-39.3744,-4.9732],[-39.3945,-4.9274],[-39.4807,-4.9767],[-39.4726,-5.0087],[-39.5023,-5.0522],[-39.6288,-5.043],[-39.6139,-5.0843],[-39.5362,-5.1188],[-39.624,-5.2552],[-39.627,-5.3071],[-39.6652,-5.3625],[-39.6872,-5.3584],[-39.7827,-5.3795],[-39.7993,-5.3989],[-39.8423,-5.3689],[-39.8764,-5.3739],[-39.8969,-5.3968],[-39.9223,-5.39],[-39.9574,-5.3483],[-39.9931,-5.3498],[-40.0209,-5.328],[-40.0547,-5.3626],[-40.0588,-5.3974],[-40.054,-5.4872],[-40.028,-5.4903],[-40.0138,-5.5186],[-40.0573,-5.5985],[-40.0542,-5.6415],[-40.0736,-5.6651],[-40.0426,-5.7119],[-40.0224,-5.7101],[-40.0475,-5.674],[-40.012,-5.6244],[-39.9317,-5.6331],[-39.852,-5.6262],[-39.8181,-5.568],[-39.7696,-5.5879],[-39.6913,-5.5999],[-39.6754,-5.6215],[-39.6322,-5.6065],[-39.6018,-5.625],[-39.587,-5.6063],[-39.5456,-5.613],[-39.4828,-5.6364],[-39.4393,-5.6657],[-39.4753,-5.7011],[-39.4525,-5.7375],[-39.4345,-5.7285],[-39.3278,-5.7828],[-39.3411,-5.8083],[-39.3416,-5.8514],[-39.3683,-5.9014],[-39.3542,-5.9517],[-39.3633,-5.9809],[-39.3205,-6.0069],[-39.3065,-5.9937],[-39.2124,-5.9917],[-39.1979,-5.9576],[-39.1699,-5.9602],[-39.1306,-5.9836],[-39.1126,-5.9771],[-39.0601,-6.0033],[-39.0507,-6.0254],[-39.0185,-6.0052],[-38.9865,-6.0285],[-38.9897,-6.0764],[-38.9761,-6.1028],[-38.9505,-6.0806],[-38.9068,-6.0887],[-38.9014,-6.1412],[-38.8207,-6.1366],[-38.8008,-6.1219],[-38.7548,-6.1114],[-38.7237,-6.1215],[-38.7358,-6.1647],[-38.7269,-6.1999],[-38.6791,-6.2054],[-38.6127,-6.1704],[-38.6004,-6.178],[-38.5512,-6.2343],[-38.5197,-6.223],[-38.5272,-6.1934],[-38.4755,-6.157],[-38.466,-6.1214],[-38.4331,-6.0781],[-38.4048,-6.0573],[-38.3818,-6.0535],[-38.3678,-6.0876],[-38.3396,-6.0777],[-38.3065,-6.087],[-38.2749,-6.0658],[-38.2526,-6.0431],[-38.2522,-6.0102],[-38.202,-5.9621],[-38.1635,-5.9389],[-38.1593,-5.9246],[-38.1225,-5.8817],[-38.1189,-5.8328],[-38.0586,-5.7549],[-38.0469,-5.7329],[-38.0897,-5.7148],[-38.0828,-5.6724],[-38.0281,-5.6233]]]},"properties":{"ibge_code":"2302","name":"Quixadá","codarea":"2302","uf":"CE","uf_code":"23","macro_id":"2","macro_sigla":"NE"}},{"type":"Feature","geometry":{"type":"Polygon","coordinates":[[[-40.8722,-4.7123],[-40.9553,-4.7164],[-40.9871,-4.66],[-41.0989,-4.6024],[-41.1477,-4.5997],[-41.2398,-4.5736],[-41.2334,-4.6102],[-41.1811,-4.6732],[-41.2503,-4.7566],[-41.2128,-4.772],[-41.2332,-4.8101],[-41.2496,-4.8697],[-41.2281,-4.891],[-41.2204,-4.939],[-41.189,-4.9406],[-41.1212,-5.0239],[-41.0819,-5.0876],[-41.0264,-5.1097],[-40.929,-5.1717],[-40.9117,-5.2667],[-40.9269,-5.297],[-40.9185,-5.3383],[-40.9361,-5.366],[-40.9115,-5.4074],[-40.937,-5.4387],[-40.9161,-5.4683],[-40.9293,-5.4931],[-40.9324,-5.5489],[-40.9023,-5.608],[-40.9078,-5.6423],[-40.9388,-5.6733],[-40.914,-5.725],[-40.9098,-5.7657],[-40.9056,-5.8493],[-40.8802,-5.9177],[-40.8736,-5.9731],[-40.9039,-6.0209],[-40.9063,-6.0465],[-40.8728,-6.0566],[-40.8577,-6.1054],[-40.8522,-6.2242],[-40.7866,-6.3054],[-40.7791,-6.3413],[-40.8052,-6.3931],[-40.7899,-6.5006],[-40.7877,-6.5238],[-40.7543,-6.5547],[-40.7364,-6.6003],[-40.61,-6.6031],[-40.5784,-6.5488],[-40.4531,-6.524],[-40.4424,-6.4899],[-40.3916,-6.4748],[-40.3662,-6.4302],[-40.3274,-6.4019],[-40.1866,-6.3647],[-40.1123,-6.349],[-40.0841,-6.3674],[-40.0711,-6.3553],[-40.0475,-6.279],[-40.0273,-6.2797],[-40.0163,-6.2237],[-39.9869,-6.2208],[-39.9261,-6.1958],[-39.8956,-6.1599],[-39.8925,-6.1139],[-39.8886,-6.0974],[-39.9179,-6.0822],[-39.9564,-6.1003],[-39.9599,-6.0855],[-39.9091,-6.058],[-39.8557,-5.9872],[-39.8363,-5.9771],[-39.8337,-5.9411],[-39.8708,-5.9105],[-39.8715,-5.8836],[-39.9134,-5.8991],[-39.9409,-5.8794],[-39.9239,-5.839],[-39.9753,-5.8218],[-40.0064,-5.777],[-40.0062,-5.7202],[-40.0224,-5.7101],[-40.0426,-5.7119],[-40.0736,-5.6651],[-40.0542,-5.6415],[-40.0573,-5.5985],[-40.0138,-5.5186],[-40.028,-5.4903],[-40.054,-5.4872],[-40.0588,-5.3974],[-40.0547,-5.3626],[-40.0209,-5.328],[-40.0486,-5.279],[-40.0471,-5.2395],[-40.0236,-5.2074],[-40.0536,-5.1804],[-40.0967,-5.1595],[-40.16,-5.1648],[-39.9976,-5.0845],[-39.9578,-5.0254],[-39.9685,-4.9476],[-39.9566,-4.9254],[-39.9012,-4.9047],[-39.8947,-4.8854],[-39.9457,-4.8393],[-39.9493,-4.8175],[-39.9286,-4.7745],[-39.9262,-4.7349],[-40.0595,-4.7168],[-40.1199,-4.748],[-40.1361,-4.8129],[-40.1841,-4.7845],[-40.2102,-4.7925],[-40.2731,-4.7701],[-40.3048,-4.7326],[-40.3093,-4.691],[-40.3377,-4.6654],[-40.3188,-4.6226],[-40.2934,-4.6004],[-40.3221,-4.5766],[-40.3459,-4.5807],[-40.3813,-4.5488],[-40.4609,-4.5283],[-40.5094,-4.5075],[-40.5879,-4.5576],[-40.5964,-4.6117],[-40.6267,-4.6212],[-40.6602,-4.6864],[-40.6698,-4.7051],[-40.7322,-4.7152],[-40.8064,-4.7056],[-40.8442,-4.7188],[-40.8722,-4.7123]]]},"properties":{"ibge_code":"2305","name":"Crateús","codarea":"2305","uf":"CE","uf_code":"23","macro_id":"2","macro_sigla":"NE"}},{"type":"Feature","geometry":{"type":"Polygon","coordinates":[[[-36.5044,-6.3865],[-36.4998,-6.3582],[-36.4326,-6.3631],[-36.3946,-6.294],[-36.344,-6.3025],[-36.295,-6.2921],[-36.2583,-6.2432],[-36.2568,-6.158],[-36.2957,-6.1222],[-36.2814,-6.044],[-36.2529,-5.982],[-36.2242,-5.9],[-36.258,-5.8648],[-36.2848,-5.8593],[-36.3207,-5.8656],[-36.334,-5.8898],[-36.3884,-5.8519],[-36.4148,-5.8584],[-36.4355,-5.9109],[-36.475,-5.9266],[-36.5404,-5.9897],[-36.5474,-6.0563],[-36.6387,-6.089],[-36.6533,-6.1118],[-36.7199,-6.0953],[-36.7309,-6.0566],[-36.8125,-6.0532],[-36.8554,-6.0443],[-36.8587,-5.9846],[-36.8937,-5.975],[-36.9366,-5.9684],[-36.9514,-5.9297],[-36.9731,-5.9128],[-36.938,-5.8707],[-36.9774,-5.8136],[-37.0097,-5.8371],[-37.0154,-5.8708],[-37.0356,-5.8911],[-37.0669,-5.9846],[-37.1222,-5.9549],[-37.1545,-5.9926],[-37.1623,-6.0212],[-37.1739,-6.048],[-37.1751,-6.1422],[-37.1569,-6.1525],[-37.2016,-6.2057],[-37.2336,-6.2131],[-37.2706,-6.2517],[-37.2731,-6.28],[-37.3151,-6.2782],[-37.334,-6.3083],[-37.3634,-6.3222],[-37.3888,-6.391],[-37.3812,-6.4371],[-37.3958,-6.5101],[-37.4212,-6.5333],[-37.4647,-6.5327],[-37.4804,-6.6052],[-37.4662,-6.66],[-37.4847,-6.71],[-37.4073,-6.6972],[-37.3427,-6.7012],[-37.3143,-6.689],[-37.2639,-6.7322],[-37.2694,-6.762],[-37.2551,-6.8111],[-37.2346,-6.8246],[-37.1927,-6.8261],[-37.1522,-6.7984],[-37.1277,-6.7656],[-37.0754,-6.7541],[-37.0353,-6.7342],[-37.0036,-6.7096],[-36.9776,-6.7219],[-36.9591,-6.7833],[-36.9102,-6.7569],[-36.835,-6.7311],[-36.7727,-6.7871],[-36.7695,-6.8387],[-36.7302,-6.8364],[-36.76,-6.9145],[-36.7665,-6.9359],[-36.7374,-6.9728],[-36.7093,-6.9747],[-36.6872,-6.926],[-36.6549,-6.9282],[-36.6036,-6.9305],[-36.5679,-6.8748],[-36.5602,-6.8408],[-36.5437,-6.8421],[-36.51,-6.8179],[-36.5048,-6.7539],[-36.5335,-6.7335],[-36.5587,-6.7077],[-36.5207,-6.6106],[-36.5138,-6.5944],[-36.4382,-6.6293],[-36.4422,-6.5647],[-36.4793,-6.5399],[-36.4815,-6.5206],[-36.5258,-6.5012],[-36.5282,-6.4793],[-36.531,-6.4521],[-36.5044,-6.3865]]]},"properties":{"ibge_code":"2402","name":"Caicó","codarea":"2402","uf":"RN","uf_code":"24","macro_id":"2","macro_sigla":"NE"}},{"type":"Feature","geometry":{"type":"Polygon","coordinates":[[[-36.9774,-5.8136],[-36.938,-5.8707],[-36.9731,-5.9128],[-36.9514,-5.9297],[-36.9366,-5.9684],[-36.8937,-5.975],[-36.8587,-5.9846],[-36.8554,-6.0443],[-36.8125,-6.0532],[-36.7309,-6.0566],[-36.7199,-6.0953],[-36.6533,-6.1118],[-36.6387,-6.089],[-36.5474,-6.0563],[-36.5404,-5.9897],[-36.475,-5.9266],[-36.4355,-5.9109],[-36.4148,-5.8584],[-36.3884,-5.8519],[-36.334,-5.8898],[-36.3207,-5.8656],[-36.2848,-5.8593],[-36.258,-5.8648],[-36.2242,-5.9],[-36.2129,-5.8737],[-36.1591,-5.8503],[-36.1361,-5.8639],[-36.1125,-5.8422],[-36.1156,-5.8092],[-36.0625,-5.6553],[-36.1432,-5.5915],[-36.1437,-5.5669],[-36.172,-5.5447],[-36.1409,-5.5002],[-36.1285,-5.4568],[-36.1599,-5.4341],[-36.2232,-5.4339],[-36.1797,-5.4775],[-36.2622,-5.6799],[-36.307,-5.6503],[-36.4699,-5.5984],[-36.4399,-5.3699],[-36.3813,-5.3149],[-36.3682,-5.2508],[-36.2758,-5.2895],[-36.2763,-5.2072],[-36.2882,-5.1245],[-36.3083,-5.1021],[-36.3316,-5.087],[-36.4068,-5.0807],[-36.4492,-5.0664],[-36.5078,-5.0623],[-36.5423,-5.0885],[-36.611,-5.0786],[-36.6134,-5.0943],[-36.7156,-5.0809],[-36.8122,-5.0261],[-36.8557,-4.9723],[-36.8785,-4.9506],[-36.9188,-4.9465],[-36.96,-4.9186],[-37.0033,-4.9294],[-37.0373,-4.9499],[-37.1039,-4.9224],[-37.1386,-4.9479],[-37.1576,-4.9454],[-37.221,-4.8814],[-37.2527,-4.8314],[-37.3569,-4.8581],[-37.4464,-4.881],[-37.4671,-4.8859],[-37.6403,-4.9264],[-37.6771,-5.0523],[-37.7251,-5.0706],[-37.7334,-5.1006],[-37.765,-5.1396],[-37.7882,-5.2192],[-37.7848,-5.2402],[-37.7869,-5.2972],[-37.8128,-5.3166],[-37.8475,-5.34],[-37.8637,-5.3741],[-37.8605,-5.4067],[-37.8895,-5.4523],[-37.9022,-5.5007],[-37.9347,-5.5053],[-37.9506,-5.5366],[-37.99,-5.5558],[-37.9983,-5.5853],[-38.0281,-5.6233],[-38.0828,-5.6724],[-38.0897,-5.7148],[-38.0469,-5.7329],[-38.0586,-5.7549],[-38.1189,-5.8328],[-38.1225,-5.8817],[-38.1593,-5.9246],[-38.1635,-5.9389],[-38.202,-5.9621],[-38.2522,-6.0102],[-38.2526,-6.0431],[-38.2749,-6.0658],[-38.3065,-6.087],[-38.3396,-6.0777],[-38.3678,-6.0876],[-38.3818,-6.0535],[-38.4048,-6.0573],[-38.4331,-6.0781],[-38.466,-6.1214],[-38.4755,-6.157],[-38.5272,-6.1934],[-38.5197,-6.223],[-38.5704,-6.293],[-38.5821,-6.3193],[-38.5625,-6.3557],[-38.5326,-6.3417],[-38.5043,-6.3561],[-38.4584,-6.3302],[-38.4886,-6.3616],[-38.4834,-6.3895],[-38.448,-6.4034],[-38.4017,-6.4096],[-38.3725,-6.4561],[-38.3438,-6.4567],[-38.2887,-6.5056],[-38.2565,-6.4832],[-38.229,-6.4833],[-38.1917,-6.4986],[-38.1451,-6.4942],[-38.1202,-6.5224],[-38.0709,-6.4639],[-38.0268,-6.4748],[-38.0082,-6.4322],[-37.9423,-6.4241],[-37.9194,-6.4116],[-37.8589,-6.3744],[-37.8432,-6.3331],[-37.8121,-6.2927],[-37.7649,-6.2922],[-37.7766,-6.2459],[-37.7424,-6.189],[-37.709,-6.177],[-37.6732,-6.1906],[-37.6162,-6.1762],[-37.5696,-6.1554],[-37.5219,-6.1518],[-37.4589,-6.145],[-37.4457,-6.1122],[-37.3936,-6.1094],[-37.3788,-6.0851],[-37.2565,-6.0285],[-37.2319,-6.0276],[-37.1739,-6.048],[-37.1623,-6.0212],[-37.1545,-5.9926],[-37.1222,-5.9549],[-37.0669,-5.9846],[-37.0356,-5.8911],[-37.0154,-5.8708],[-37.0097,-5.8371],[-36.9774,-5.8136]]]},"properties":{"ibge_code":"2403","name":"Mossoró","codarea":"2403","uf":"RN","uf_code":"24","macro_id":"2","macro_sigla":"NE"}},{"type":"Feature","geometry":{"type":"Polygon","coordinates":[[[-34.9685,-6.4872],[-34.9749,-6.4196],[-34.9921,-6.3709],[-35.0196,-6.3657],[-35.0319,-6.3108],[-35.0334,-6.2864],[-35.036,-6.2354],[-35.0622,-6.2258],[-35.0939,-6.1834],[-35.0978,-6.1398],[-35.0963,-6.0573],[-35.121,-5.9817],[-35.153,-5.947],[-35.1541,-5.8978],[-35.1793,-5.8645],[-35.1793,-5.7989],[-35.2036,-5.7432],[-35.1922,-5.7006],[-35.2176,-5.6711],[-35.2271,-5.6121],[-35.2283,-5.5751],[-35.2558,-5.5169],[-35.2607,-5.4806],[-35.288,-5.4606],[-35.293,-5.4328],[-35.326,-5.3813],[-35.3549,-5.3548],[-35.3707,-5.2846],[-35.3824,-5.27],[-35.4167,-5.221],[-35.4589,-5.197],[-35.4895,-5.157],[-35.572,-5.1343],[-35.6171,-5.114],[-35.639,-5.1195],[-35.7909,-5.0774],[-35.9083,-5.0595],[-35.981,-5.0417],[-36.0375,-5.0515],[-36.0995,-5.0772],[-36.1605,-5.0965],[-36.2425,-5.096],[-36.2901,-5.0877],[-36.3083,-5.1021],[-36.2882,-5.1245],[-36.2763,-5.2072],[-36.2758,-5.2895],[-36.3682,-5.2508],[-36.3813,-5.3149],[-36.4399,-5.3699],[-36.4699,-5.5984],[-36.307,-5.6503],[-36.2622,-5.6799],[-36.1797,-5.4775],[-36.2232,-5.4339],[-36.1599,-5.4341],[-36.1285,-5.4568],[-36.1409,-5.5002],[-36.172,-5.5447],[-36.1437,-5.5669],[-36.1432,-5.5915],[-36.0625,-5.6553],[-36.1156,-5.8092],[-36.1125,-5.8422],[-36.1361,-5.8639],[-36.1591,-5.8503],[-36.2129,-5.8737],[-36.2242,-5.9],[-36.2529,-5.982],[-36.2814,-6.044],[-36.2957,-6.1222],[-36.2568,-6.158],[-36.2583,-6.2432],[-36.295,-6.2921],[-36.2791,-6.3176],[-36.2963,-6.3704],[-36.2916,-6.396],[-36.2512,-6.4044],[-36.2265,-6.434],[-36.1745,-6.4308],[-36.1102,-6.4292],[-36.0965,-6.4203],[-36.0961,-6.4202],[-36.0768,-6.4056],[-36.0053,-6.4811],[-35.9652,-6.4844],[-35.9442,-6.493],[-35.8704,-6.4886],[-35.7799,-6.4833],[-35.7733,-6.4828],[-35.7072,-6.4695],[-35.6636,-6.4468],[-35.6368,-6.4544],[-35.6041,-6.4592],[-35.5814,-6.4841],[-35.5648,-6.4918],[-35.5124,-6.4768],[-35.4421,-6.4866],[-35.4078,-6.4896],[-35.3645,-6.512],[-35.3413,-6.5386],[-35.2746,-6.5439],[-35.2244,-6.5216],[-35.194,-6.5503],[-35.1458,-6.5528],[-35.1125,-6.5051],[-35.0955,-6.4977],[-35.0577,-6.5278],[-35.0285,-6.5055],[-34.9685,-6.4872]]]},"properties":{"ibge_code":"2401","name":"Natal","codarea":"2401","uf":"RN","uf_code":"24","macro_id":"2","macro_sigla":"NE"}},{"type":"Feature","geometry":{"type":"Polygon","coordinates":[[[-37.5718,-7.4891],[-37.528,-7.4653],[-37.5217,-7.4395],[-37.4876,-7.3894],[-37.496,-7.3648],[-37.4318,-7.3567],[-37.3857,-7.3567],[-37.3282,-7.2881],[-37.314,-7.2894],[-37.2607,-7.2742],[-37.2342,-7.2739],[-37.1769,-7.3096],[-37.1681,-7.332],[-37.0856,-7.3583],[-37.0532,-7.3795],[-37.0147,-7.2489],[-37.0203,-7.191],[-36.934,-7.1728],[-36.9305,-7.1498],[-36.8807,-7.16],[-36.8184,-7.1399],[-36.7787,-7.1089],[-36.7553,-7.0839],[-36.7444,-7.0292],[-36.7973,-7.0391],[-36.8654,-7.063],[-36.8754,-7.0211],[-36.7745,-6.9149],[-36.76,-6.9145],[-36.7302,-6.8364],[-36.7695,-6.8387],[-36.7727,-6.7871],[-36.835,-6.7311],[-36.9102,-6.7569],[-36.9591,-6.7833],[-36.9776,-6.7219],[-37.0036,-6.7096],[-37.0353,-6.7342],[-37.0754,-6.7541],[-37.1277,-6.7656],[-37.1522,-6.7984],[-37.1927,-6.8261],[-37.2346,-6.8246],[-37.2551,-6.8111],[-37.2694,-6.762],[-37.2639,-6.7322],[-37.3143,-6.689],[-37.3427,-6.7012],[-37.4073,-6.6972],[-37.4847,-6.71],[-37.4662,-6.66],[-37.4804,-6.6052],[-37.4647,-6.5327],[-37.4212,-6.5333],[-37.3958,-6.5101],[-37.3812,-6.4371],[-37.3888,-6.391],[-37.3634,-6.3222],[-37.334,-6.3083],[-37.3151,-6.2782],[-37.2731,-6.28],[-37.2706,-6.2517],[-37.2336,-6.2131],[-37.2016,-6.2057],[-37.1569,-6.1525],[-37.1751,-6.1422],[-37.1739,-6.048],[-37.2319,-6.0276],[-37.2565,-6.0285],[-37.3788,-6.0851],[-37.3936,-6.1094],[-37.4457,-6.1122],[-37.4589,-6.145],[-37.5219,-6.1518],[-37.5696,-6.1554],[-37.6162,-6.1762],[-37.6732,-6.1906],[-37.709,-6.177],[-37.7424,-6.189],[-37.7766,-6.2459],[-37.7649,-6.2922],[-37.8121,-6.2927],[-37.8432,-6.3331],[-37.8589,-6.3744],[-37.9194,-6.4116],[-37.9423,-6.4241],[-38.0082,-6.4322],[-38.0268,-6.4748],[-38.0131,-6.5282],[-37.9807,-6.5296],[-37.9634,-6.5698],[-37.9688,-6.6131],[-38.0169,-6.6465],[-38.0165,-6.6705],[-37.9821,-6.6952],[-38.0236,-6.7205],[-38.0229,-6.7641],[-37.9955,-6.8205],[-38.0105,-6.8513],[-38.0001,-6.8731],[-38.0146,-6.8839],[-38.0061,-6.9438],[-38.0391,-6.9754],[-38.0742,-6.9736],[-38.0891,-7.0118],[-38.2014,-7.0099],[-38.2641,-6.9925],[-38.2904,-7.0211],[-38.323,-7.0622],[-38.3197,-7.0976],[-38.3432,-7.1049],[-38.3299,-7.1418],[-38.2954,-7.1544],[-38.3147,-7.1636],[-38.3305,-7.178],[-38.3524,-7.233],[-38.423,-7.3117],[-38.4138,-7.3408],[-38.4766,-7.3746],[-38.5191,-7.3665],[-38.5494,-7.335],[-38.5956,-7.4156],[-38.6033,-7.4576],[-38.6449,-7.46],[-38.653,-7.5526],[-38.683,-7.5787],[-38.7037,-7.581],[-38.7151,-7.6219],[-38.6867,-7.635],[-38.6259,-7.6956],[-38.5936,-7.7543],[-38.4966,-7.75],[-38.4571,-7.7181],[-38.4342,-7.7205],[-38.4095,-7.7305],[-38.355,-7.6784],[-38.3267,-7.6937],[-38.3109,-7.7391],[-38.2957,-7.7752],[-38.2934,-7.823],[-38.2755,-7.8342],[-38.2219,-7.8204],[-38.1642,-7.7799],[-38.1314,-7.7958],[-38.1201,-7.819],[-38.0771,-7.8306],[-38.0695,-7.7723],[-38.0396,-7.7481],[-38.0007,-7.779],[-37.9578,-7.7662],[-37.9033,-7.6981],[-37.8572,-7.652],[-37.8098,-7.6438],[-37.7858,-7.6258],[-37.7672,-7.6572],[-37.7533,-7.6258],[-37.7457,-7.6093],[-37.7349,-7.5972],[-37.6558,-7.5234],[-37.6199,-7.5259],[-37.5718,-7.4891]]]},"properties":{"ibge_code":"2503","name":"Patos","codarea":"2503","uf":"PB","uf_code":"25","macro_id":"2","macro_sigla":"NE"}},{"type":"Feature","geometry":{"type":"Polygon","coordinates":[[[-35.514,-7.0309],[-35.5746,-6.96],[-35.5932,-6.9494],[-35.584,-6.9217],[-35.6496,-6.9106],[-35.6815,-6.8902],[-35.7692,-6.8787],[-35.8031,-6.8659],[-35.81,-6.8637],[-35.8281,-6.8583],[-35.8877,-6.7953],[-35.8979,-6.794],[-35.8987,-6.7436],[-35.9241,-6.721],[-35.866,-6.6793],[-35.877,-6.5778],[-35.8672,-6.5447],[-35.8704,-6.4886],[-35.9442,-6.493],[-35.9652,-6.4844],[-36.0053,-6.4811],[-36.0768,-6.4056],[-36.0961,-6.4202],[-36.0965,-6.4203],[-36.1102,-6.4292],[-36.1745,-6.4308],[-36.2265,-6.434],[-36.2512,-6.4044],[-36.2916,-6.396],[-36.2963,-6.3704],[-36.2791,-6.3176],[-36.295,-6.2921],[-36.344,-6.3025],[-36.3946,-6.294],[-36.4326,-6.3631],[-36.4998,-6.3582],[-36.5044,-6.3865],[-36.531,-6.4521],[-36.5282,-6.4793],[-36.5258,-6.5012],[-36.4815,-6.5206],[-36.4793,-6.5399],[-36.4422,-6.5647],[-36.4382,-6.6293],[-36.5138,-6.5944],[-36.5207,-6.6106],[-36.5587,-6.7077],[-36.5335,-6.7335],[-36.5048,-6.7539],[-36.51,-6.8179],[-36.5437,-6.8421],[-36.5602,-6.8408],[-36.5679,-6.8748],[-36.6036,-6.9305],[-36.6549,-6.9282],[-36.6872,-6.926],[-36.7093,-6.9747],[-36.7374,-6.9728],[-36.7665,-6.9359],[-36.76,-6.9145],[-36.7745,-6.9149],[-36.8754,-7.0211],[-36.8654,-7.063],[-36.7973,-7.0391],[-36.7444,-7.0292],[-36.7553,-7.0839],[-36.7787,-7.1089],[-36.8184,-7.1399],[-36.8807,-7.16],[-36.9305,-7.1498],[-36.934,-7.1728],[-37.0203,-7.191],[-37.0147,-7.2489],[-37.0532,-7.3795],[-37.0137,-7.4038],[-37.0236,-7.4339],[-36.9854,-7.4756],[-37.0252,-7.4967],[-37.0257,-7.497],[-37.0793,-7.5166],[-37.1183,-7.5344],[-37.1636,-7.5747],[-37.1979,-7.6353],[-37.161,-7.698],[-37.1502,-7.7169],[-37.1389,-7.7455],[-37.152,-7.7798],[-37.1707,-7.8002],[-37.2174,-7.8067],[-37.2441,-7.8738],[-37.2874,-7.9039],[-37.309,-7.9342],[-37.3502,-7.9486],[-37.3403,-7.9797],[-37.2918,-7.9653],[-37.2196,-7.9728],[-37.1604,-7.9972],[-37.1496,-8.0237],[-37.1581,-8.0512],[-37.1437,-8.088],[-37.1442,-8.125],[-37.1602,-8.1704],[-37.1265,-8.1737],[-37.1229,-8.2091],[-37.0822,-8.2619],[-37.0403,-8.2662],[-37.0206,-8.2897],[-36.9912,-8.303],[-36.9545,-8.2992],[-36.947,-8.2774],[-36.9083,-8.2531],[-36.8617,-8.2224],[-36.7878,-8.1898],[-36.687,-8.1557],[-36.6939,-8.1408],[-36.6286,-8.1111],[-36.6538,-8.0704],[-36.6288,-8.0571],[-36.6279,-7.9864],[-36.6125,-7.9494],[-36.5726,-7.936],[-36.5717,-7.9045],[-36.5365,-7.9016],[-36.4801,-7.9248],[-36.4463,-7.9164],[-36.4297,-7.8866],[-36.43,-7.8271],[-36.3994,-7.8104],[-36.302,-7.8083],[-36.2635,-7.8317],[-36.2542,-7.7964],[-36.2166,-7.7641],[-36.1835,-7.7839],[-36.1268,-7.7842],[-36.069,-7.781],[-36.0216,-7.8102],[-36.0033,-7.8128],[-35.9434,-7.79],[-35.8982,-7.7889],[-35.881,-7.7663],[-35.8253,-7.7496],[-35.7899,-7.7404],[-35.6954,-7.694],[-35.6799,-7.7036],[-35.6315,-7.6812],[-35.6195,-7.6625],[-35.6566,-7.6169],[-35.6,-7.5889],[-35.584,-7.4506],[-35.546,-7.4339],[-35.5342,-7.3942],[-35.5371,-7.3858],[-35.5614,-7.3017],[-35.5401,-7.2375],[-35.5428,-7.2013],[-35.5669,-7.1879],[-35.5954,-7.2016],[-35.6051,-7.1694],[-35.6277,-7.1325],[-35.5327,-7.1208],[-35.4941,-7.0933],[-35.4916,-7.0721],[-35.514,-7.0309]]]},"properties":{"ibge_code":"2502","name":"Campina Grande","codarea":"2502","uf":"PB","uf_code":"25","macro_id":"2","macro_sigla":"NE"}},{"type":"Feature","geometry":{"type":"Polygon","coordinates":[[[-35.5932,-6.9494],[-35.5746,-6.96],[-35.514,-7.0309],[-35.4916,-7.0721],[-35.4941,-7.0933],[-35.5327,-7.1208],[-35.6277,-7.1325],[-35.6051,-7.1694],[-35.5954,-7.2016],[-35.5669,-7.1879],[-35.5428,-7.2013],[-35.5401,-7.2375],[-35.5614,-7.3017],[-35.5371,-7.3858],[-35.5342,-7.3942],[-35.546,-7.4339],[-35.584,-7.4506],[-35.6,-7.5889],[-35.6566,-7.6169],[-35.6195,-7.6625],[-35.5877,-7.6502],[-35.5596,-7.6613],[-35.527,-7.6451],[-35.5183,-7.604],[-35.5373,-7.5806],[-35.5019,-7.5125],[-35.4949,-7.4839],[-35.4504,-7.4534],[-35.4344,-7.4708],[-35.3629,-7.4428],[-35.3426,-7.422],[-35.3329,-7.4153],[-35.2802,-7.3877],[-35.2486,-7.3748],[-35.1907,-7.3979],[-35.1538,-7.3925],[-35.108,-7.4055],[-35.0705,-7.3988],[-34.9854,-7.462],[-34.9851,-7.5],[-34.9608,-7.5388],[-34.8538,-7.5396],[-34.8339,-7.5486],[-34.8091,-7.5095],[-34.8141,-7.4893],[-34.8027,-7.3879],[-34.7945,-7.333],[-34.8058,-7.2445],[-34.7932,-7.1546],[-34.8215,-7.1298],[-34.8302,-7.0734],[-34.8424,-7.056],[-34.859,-7.0297],[-34.8691,-6.9781],[-34.8542,-6.9037],[-34.8987,-6.8659],[-34.9248,-6.7676],[-34.9315,-6.7211],[-34.9308,-6.6882],[-34.9527,-6.6726],[-34.965,-6.6029],[-34.9685,-6.4872],[-35.0285,-6.5055],[-35.0577,-6.5278],[-35.0955,-6.4977],[-35.1125,-6.5051],[-35.1458,-6.5528],[-35.194,-6.5503],[-35.2244,-6.5216],[-35.2746,-6.5439],[-35.3413,-6.5386],[-35.3645,-6.512],[-35.4078,-6.4896],[-35.4421,-6.4866],[-35.5124,-6.4768],[-35.5648,-6.4918],[-35.5814,-6.4841],[-35.6041,-6.4592],[-35.6368,-6.4544],[-35.6636,-6.4468],[-35.7072,-6.4695],[-35.7733,-6.4828],[-35.7799,-6.4833],[-35.8704,-6.4886],[-35.8672,-6.5447],[-35.877,-6.5778],[-35.866,-6.6793],[-35.9241,-6.721],[-35.8987,-6.7436],[-35.8979,-6.794],[-35.8877,-6.7953],[-35.8281,-6.8583],[-35.81,-6.8637],[-35.8031,-6.8659],[-35.7692,-6.8787],[-35.6815,-6.8902],[-35.6496,-6.9106],[-35.584,-6.9217],[-35.5932,-6.9494]]]},"properties":{"ibge_code":"2501","name":"João Pessoa","codarea":"2501","uf":"PB","uf_code":"25","macro_id":"2","macro_sigla":"NE"}},{"type":"Feature","geometry":{"type":"Polygon","coordinates":[[[-38.0165,-6.6705],[-38.0169,-6.6465],[-37.9688,-6.6131],[-37.9634,-6.5698],[-37.9807,-6.5296],[-38.0131,-6.5282],[-38.0268,-6.4748],[-38.0709,-6.4639],[-38.1202,-6.5224],[-38.1451,-6.4942],[-38.1917,-6.4986],[-38.229,-6.4833],[-38.2565,-6.4832],[-38.2887,-6.5056],[-38.3438,-6.4567],[-38.3725,-6.4561],[-38.4017,-6.4096],[-38.448,-6.4034],[-38.4834,-6.3895],[-38.4886,-6.3616],[-38.4584,-6.3302],[-38.5043,-6.3561],[-38.5326,-6.3417],[-38.5625,-6.3557],[-38.5925,-6.3782],[-38.5384,-6.4213],[-38.5704,-6.4702],[-38.6123,-6.5132],[-38.6105,-6.5323],[-38.6071,-6.5295],[-38.643,-6.5821],[-38.6292,-6.6046],[-38.6491,-6.6276],[-38.647,-6.6542],[-38.6725,-6.7062],[-38.6524,-6.7571],[-38.6139,-6.7824],[-38.6519,-6.8117],[-38.6717,-6.8471],[-38.6754,-6.8618],[-38.7652,-6.9109],[-38.7423,-6.9743],[-38.765,-6.9939],[-38.6914,-7.0291],[-38.6738,-7.0462],[-38.6698,-7.0477],[-38.6564,-7.0924],[-38.6779,-7.1327],[-38.6818,-7.1873],[-38.6442,-7.1838],[-38.62,-7.2201],[-38.5928,-7.2476],[-38.5544,-7.2519],[-38.5348,-7.2905],[-38.5494,-7.335],[-38.5191,-7.3665],[-38.4766,-7.3746],[-38.4138,-7.3408],[-38.423,-7.3117],[-38.3524,-7.233],[-38.3305,-7.178],[-38.3147,-7.1636],[-38.2954,-7.1544],[-38.3299,-7.1418],[-38.3432,-7.1049],[-38.3197,-7.0976],[-38.323,-7.0622],[-38.2904,-7.0211],[-38.2641,-6.9925],[-38.2014,-7.0099],[-38.0891,-7.0118],[-38.0742,-6.9736],[-38.0391,-6.9754],[-38.0061,-6.9438],[-38.0146,-6.8839],[-38.0001,-6.8731],[-38.0105,-6.8513],[-37.9955,-6.8205],[-38.0229,-6.7641],[-38.0236,-6.7205],[-37.9821,-6.6952],[-38.0165,-6.6705]]]},"properties":{"ibge_code":"2504","name":"Sousa - Cajazeiras","codarea":"2504","uf":"PB","uf_code":"25","macro_id":"2","macro_sigla":"NE"}},{"type":"Feature","geometry":{"type":"MultiPolygon","coordinates":[[[[-35.409,-8.838],[-35.3508,-8.8607],[-35.2528,-8.8872],[-35.235,-8.8832],[-35.1712,-8.8906],[-35.1527,-8.9139],[-35.1302,-8.8623],[-35.1343,-8.8427],[-35.1177,-8.8019],[-35.1028,-8.7849],[-35.0861,-8.7467],[-35.0878,-8.6908],[-35.0482,-8.6094],[-35.0338,-8.5716],[-35.0068,-8.562],[-35.0024,-8.4972],[-34.9606,-8.3957],[-34.9609,-8.3667],[-34.9432,-8.3052],[-34.9521,-8.2977],[-34.9286,-8.2253],[-34.9088,-8.1551],[-34.8605,-8.0445],[-34.828,-7.9591],[-34.8245,-7.8845],[-34.8411,-7.8451],[-34.8451,-7.8164],[-34.8232,-7.7517],[-34.8316,-7.7005],[-34.8482,-7.6878],[-34.8347,-7.6841],[-34.8088,-7.6302],[-34.8339,-7.5486],[-34.8538,-7.5396],[-34.9608,-7.5388],[-34.9851,-7.5],[-34.9854,-7.462],[-35.0705,-7.3988],[-35.108,-7.4055],[-35.1538,-7.3925],[-35.1907,-7.3979],[-35.2486,-7.3748],[-35.2802,-7.3877],[-35.3329,-7.4153],[-35.3426,-7.422],[-35.3629,-7.4428],[-35.4344,-7.4708],[-35.4504,-7.4534],[-35.4949,-7.4839],[-35.5019,-7.5125],[-35.5373,-7.5806],[-35.5183,-7.604],[-35.527,-7.6451],[-35.5596,-7.6613],[-35.5877,-7.6502],[-35.6195,-7.6625],[-35.6315,-7.6812],[-35.6799,-7.7036],[-35.6954,-7.694],[-35.7899,-7.7404],[-35.8253,-7.7496],[-35.881,-7.7663],[-35.8982,-7.7889],[-35.9434,-7.79],[-36.0033,-7.8128],[-36.0165,-7.8376],[-36.0133,-7.8964],[-36.0709,-7.9807],[-36.0118,-7.9876],[-35.9582,-7.9901],[-35.9156,-8.0047],[-35.805,-7.9736],[-35.7578,-7.9749],[-35.6542,-7.9443],[-35.6104,-8.0114],[-35.6399,-8.0422],[-35.6498,-8.1053],[-35.6303,-8.1041],[-35.5835,-8.0786],[-35.5108,-8.0576],[-35.4625,-8.0938],[-35.4389,-8.127],[-35.4486,-8.1713],[-35.4289,-8.2163],[-35.4394,-8.2526],[-35.4665,-8.2611],[-35.5097,-8.3005],[-35.5484,-8.3396],[-35.5503,-8.3583],[-35.5969,-8.4127],[-35.5774,-8.4311],[-35.5513,-8.4332],[-35.5429,-8.4875],[-35.591,-8.5143],[-35.6327,-8.5504],[-35.6459,-8.5344],[-35.698,-8.5482],[-35.6907,-8.5975],[-35.7141,-8.5804],[-35.7539,-8.5828],[-35.7726,-8.5997],[-35.8035,-8.5946],[-35.8017,-8.5464],[-35.8254,-8.523],[-35.8556,-8.5389],[-35.8387,-8.5788],[-35.8499,-8.5931],[-35.853,-8.6064],[-35.8073,-8.6499],[-35.8102,-8.6729],[-35.8139,-8.6751],[-35.821,-8.709],[-35.8451,-8.7161],[-35.8611,-8.7513],[-35.9669,-8.7431],[-35.9662,-8.7509],[-35.9553,-8.8128],[-35.9506,-8.8923],[-35.9114,-8.8613],[-35.8609,-8.8589],[-35.845,-8.8725],[-35.8266,-8.8704],[-35.7951,-8.8477],[-35.7758,-8.8636],[-35.783,-8.8975],[-35.7484,-8.9172],[-35.7233,-8.9095],[-35.652,-8.8823],[-35.6321,-8.8813],[-35.5825,-8.8465],[-35.5702,-8.8428],[-35.5398,-8.8211],[-35.4591,-8.8389],[-35.409,-8.838]]],[[[-32.4313,-3.8455],[-32.4478,-3.8555],[-32.4249,-3.8775],[-32.4079,-3.8568],[-32.4313,-3.8455]]]]},"properties":{"ibge_code":"2601","name":"Recife","codarea":"2601","uf":"PE","uf_code":"26","macro_id":"2","macro_sigla":"NE"}},{"type":"Feature","geometry":{"type":"Polygon","coordinates":[[[-37.8114,-8.081],[-37.7844,-8.0316],[-37.7046,-8.0038],[-37.6915,-7.9839],[-37.6703,-7.9685],[-37.6305,-7.9002],[-37.6165,-7.8959],[-37.5852,-7.8908],[-37.5516,-7.9237],[-37.5777,-7.9609],[-37.541,-7.9788],[-37.4739,-7.9655],[-37.4254,-7.9404],[-37.4032,-7.9575],[-37.3502,-7.9486],[-37.309,-7.9342],[-37.2874,-7.9039],[-37.2441,-7.8738],[-37.2174,-7.8067],[-37.1707,-7.8002],[-37.152,-7.7798],[-37.1389,-7.7455],[-37.1502,-7.7169],[-37.161,-7.698],[-37.1979,-7.6353],[-37.1636,-7.5747],[-37.1183,-7.5344],[-37.0793,-7.5166],[-37.0257,-7.497],[-37.0252,-7.4967],[-36.9854,-7.4756],[-37.0236,-7.4339],[-37.0137,-7.4038],[-37.0532,-7.3795],[-37.0856,-7.3583],[-37.1681,-7.332],[-37.1769,-7.3096],[-37.2342,-7.2739],[-37.2607,-7.2742],[-37.314,-7.2894],[-37.3282,-7.2881],[-37.3857,-7.3567],[-37.4318,-7.3567],[-37.496,-7.3648],[-37.4876,-7.3894],[-37.5217,-7.4395],[-37.528,-7.4653],[-37.5718,-7.4891],[-37.6199,-7.5259],[-37.6558,-7.5234],[-37.7349,-7.5972],[-37.7457,-7.6093],[-37.7533,-7.6258],[-37.7672,-7.6572],[-37.7858,-7.6258],[-37.8098,-7.6438],[-37.8572,-7.652],[-37.9033,-7.6981],[-37.9578,-7.7662],[-38.0007,-7.779],[-38.0396,-7.7481],[-38.0695,-7.7723],[-38.0771,-7.8306],[-38.1201,-7.819],[-38.1314,-7.7958],[-38.1642,-7.7799],[-38.2219,-7.8204],[-38.2755,-7.8342],[-38.2934,-7.823],[-38.2957,-7.7752],[-38.3109,-7.7391],[-38.3267,-7.6937],[-38.355,-7.6784],[-38.4095,-7.7305],[-38.4342,-7.7205],[-38.4571,-7.7181],[-38.4966,-7.75],[-38.5936,-7.7543],[-38.6259,-7.6956],[-38.6867,-7.635],[-38.7151,-7.6219],[-38.7176,-7.6269],[-38.7428,-7.6603],[-38.7606,-7.656],[-38.8242,-7.6783],[-38.8281,-7.7196],[-38.8697,-7.7115],[-38.8948,-7.7505],[-38.9396,-7.7588],[-38.9398,-7.7916],[-38.9621,-7.8442],[-38.9486,-7.8923],[-38.9114,-7.928],[-38.8897,-7.9656],[-38.8778,-8.0102],[-38.8824,-8.0519],[-38.9106,-8.0868],[-38.9373,-8.1249],[-38.906,-8.1587],[-38.8696,-8.1698],[-38.8797,-8.2095],[-38.8125,-8.2352],[-38.84,-8.2758],[-38.9112,-8.3305],[-38.8886,-8.3476],[-38.8702,-8.4088],[-38.8502,-8.4258],[-38.8489,-8.4688],[-38.8294,-8.5055],[-38.7989,-8.514],[-38.7571,-8.5751],[-38.6665,-8.5962],[-38.6292,-8.621],[-38.629,-8.6211],[-38.6295,-8.6837],[-38.6526,-8.7287],[-38.6637,-8.8066],[-38.6575,-8.8298],[-38.6621,-8.8985],[-38.6936,-8.9187],[-38.6744,-8.9718],[-38.6354,-8.9867],[-38.6103,-8.9573],[-38.6076,-8.8933],[-38.5704,-8.8304],[-38.5124,-8.8306],[-38.4698,-8.8657],[-38.4793,-8.9017],[-38.511,-8.9251],[-38.514,-8.96],[-38.5035,-8.9814],[-38.4491,-9.0264],[-38.4035,-9.0372],[-38.3624,-9.0009],[-38.3235,-8.99],[-38.2897,-9.0363],[-38.3262,-9.081],[-38.3129,-9.1484],[-38.2887,-9.1721],[-38.2875,-9.2171],[-38.2376,-9.3298],[-38.2031,-9.2969],[-38.1796,-9.2913],[-38.1564,-9.2501],[-38.1439,-9.2182],[-38.0923,-9.1727],[-38.0661,-9.1742],[-38.0121,-9.156],[-37.9786,-9.1477],[-37.9516,-9.0974],[-37.8531,-9.0001],[-37.8262,-8.9327],[-37.892,-8.9638],[-37.9331,-8.9982],[-37.9781,-9.0197],[-38.0055,-8.9628],[-38.0065,-8.6801],[-38.0247,-8.6523],[-37.9751,-8.6575],[-37.932,-8.6176],[-37.8923,-8.6054],[-37.7877,-8.4135],[-37.8014,-8.3729],[-37.8718,-8.4076],[-37.894,-8.3929],[-37.8583,-8.3454],[-37.8587,-8.2959],[-37.842,-8.2447],[-37.7987,-8.1997],[-37.8114,-8.081]]]},"properties":{"ibge_code":"2603","name":"Serra Talhada","codarea":"2603","uf":"PE","uf_code":"26","macro_id":"2","macro_sigla":"NE"}},{"type":"Feature","geometry":{"type":"Polygon","coordinates":[[[-41.3583,-8.7076],[-41.3344,-8.7277],[-41.2783,-8.7353],[-41.2253,-8.7047],[-41.1764,-8.7112],[-41.1313,-8.7043],[-41.129,-8.7434],[-41.1034,-8.7804],[-41.0362,-8.7859],[-41.0212,-8.8436],[-40.9791,-8.8234],[-40.959,-8.842],[-40.9213,-8.8354],[-40.8964,-8.871],[-40.8812,-8.9156],[-40.851,-8.9542],[-40.821,-9.0799],[-40.8041,-9.0983],[-40.7099,-9.1409],[-40.6851,-9.1376],[-40.6699,-9.1861],[-40.6934,-9.2313],[-40.6872,-9.2783],[-40.7201,-9.3059],[-40.7465,-9.3711],[-40.7431,-9.4029],[-40.7672,-9.4454],[-40.7152,-9.4488],[-40.6813,-9.4672],[-40.6232,-9.4829],[-40.5558,-9.4579],[-40.5418,-9.426],[-40.5107,-9.4072],[-40.4678,-9.4206],[-40.4393,-9.3683],[-40.4181,-9.3521],[-40.3913,-9.3722],[-40.3564,-9.377],[-40.3095,-9.2755],[-40.2862,-9.1856],[-40.2933,-9.1467],[-40.2732,-9.0824],[-40.239,-9.0544],[-40.2088,-9.0638],[-40.1597,-9.1079],[-40.1299,-9.1103],[-40.0656,-9.0631],[-40.0049,-9.0598],[-39.9784,-9.0549],[-39.9555,-9.0462],[-39.8888,-8.9658],[-39.8744,-8.9367],[-39.8794,-8.9019],[-39.9013,-8.8642],[-39.893,-8.8288],[-39.82,-8.8135],[-39.7888,-8.8191],[-39.7478,-8.794],[-39.6951,-8.7996],[-39.6733,-8.7849],[-39.6738,-8.7455],[-39.693,-8.6805],[-39.6888,-8.6609],[-39.646,-8.6597],[-39.6145,-8.6575],[-39.5186,-8.6039],[-39.4761,-8.5928],[-39.4521,-8.5632],[-39.3798,-8.5328],[-39.3568,-8.5475],[-39.3451,-8.5585],[-39.2864,-8.5638],[-39.2726,-8.5838],[-39.2479,-8.625],[-39.2455,-8.6841],[-39.2343,-8.7053],[-39.2008,-8.711],[-39.1675,-8.6925],[-39.1439,-8.7125],[-39.0645,-8.7316],[-39.0335,-8.7363],[-38.9994,-8.7611],[-38.9774,-8.7931],[-38.9524,-8.8045],[-38.8549,-8.7845],[-38.8071,-8.7878],[-38.7397,-8.8448],[-38.7065,-8.8623],[-38.6936,-8.9187],[-38.6621,-8.8985],[-38.6575,-8.8298],[-38.6637,-8.8066],[-38.6526,-8.7287],[-38.6295,-8.6837],[-38.629,-8.6211],[-38.6292,-8.621],[-38.6665,-8.5962],[-38.7571,-8.5751],[-38.7989,-8.514],[-38.8294,-8.5055],[-38.8489,-8.4688],[-38.8502,-8.4258],[-38.8702,-8.4088],[-38.8886,-8.3476],[-38.9112,-8.3305],[-38.84,-8.2758],[-38.8125,-8.2352],[-38.8797,-8.2095],[-38.8696,-8.1698],[-38.906,-8.1587],[-38.9373,-8.1249],[-38.9106,-8.0868],[-38.8824,-8.0519],[-38.8778,-8.0102],[-38.8897,-7.9656],[-38.9114,-7.928],[-38.9486,-7.8923],[-38.9621,-7.8442],[-38.966,-7.8456],[-39.0014,-7.8401],[-39.018,-7.8127],[-39.088,-7.8326],[-39.1026,-7.771],[-39.1466,-7.7182],[-39.2083,-7.6895],[-39.2526,-7.7049],[-39.2664,-7.6648],[-39.3069,-7.6651],[-39.3696,-7.6193],[-39.3919,-7.6082],[-39.4207,-7.603],[-39.4476,-7.5722],[-39.4735,-7.5729],[-39.4847,-7.5328],[-39.4557,-7.5019],[-39.4607,-7.4712],[-39.5024,-7.4641],[-39.5459,-7.4839],[-39.5716,-7.4298],[-39.5992,-7.4287],[-39.6266,-7.427],[-39.6457,-7.3809],[-39.7062,-7.3378],[-39.7413,-7.3268],[-39.8287,-7.3324],[-39.8577,-7.3254],[-39.8901,-7.3398],[-39.9046,-7.3383],[-39.9263,-7.341],[-40.0007,-7.3745],[-40.1278,-7.3819],[-40.1571,-7.3715],[-40.1957,-7.3581],[-40.242,-7.318],[-40.263,-7.301],[-40.3107,-7.3007],[-40.3454,-7.3292],[-40.361,-7.3556],[-40.3939,-7.3682],[-40.4491,-7.3611],[-40.5237,-7.3185],[-40.5415,-7.3323],[-40.5485,-7.3927],[-40.6523,-7.4333],[-40.7012,-7.4564],[-40.7149,-7.4806],[-40.6813,-7.5577],[-40.6456,-7.5948],[-40.6218,-7.6583],[-40.6356,-7.6998],[-40.6666,-7.7264],[-40.6736,-7.7617],[-40.6452,-7.7868],[-40.5549,-7.8184],[-40.5381,-7.8569],[-40.5439,-7.9616],[-40.5607,-7.9973],[-40.5757,-8.0304],[-40.5757,-8.0305],[-40.6039,-8.1037],[-40.5895,-8.1378],[-40.6328,-8.1393],[-40.7006,-8.2026],[-40.7111,-8.2251],[-40.7643,-8.244],[-40.784,-8.2618],[-40.7801,-8.2963],[-40.8179,-8.3205],[-40.8192,-8.3609],[-40.8618,-8.3707],[-40.9078,-8.4014],[-40.9023,-8.4231],[-40.9269,-8.4463],[-40.9785,-8.3987],[-41.039,-8.4318],[-41.0576,-8.4777],[-41.0765,-8.4725],[-41.0905,-8.5126],[-41.1267,-8.542],[-41.1495,-8.5339],[-41.1667,-8.5807],[-41.1986,-8.5925],[-41.2135,-8.6442],[-41.2513,-8.6616],[-41.2874,-8.6608],[-41.3369,-8.7084],[-41.3583,-8.7076]]]},"properties":{"ibge_code":"2604","name":"Petrolina","codarea":"2604","uf":"PE","uf_code":"26","macro_id":"2","macro_sigla":"NE"}},{"type":"Feature","geometry":{"type":"Polygon","coordinates":[[[-37.1691,-9.2657],[-37.0907,-9.2464],[-37.0572,-9.2818],[-37.0576,-9.3175],[-37.0553,-9.3074],[-37.0243,-9.3157],[-37.0034,-9.3526],[-36.9796,-9.3593],[-36.9368,-9.3774],[-36.9366,-9.3499],[-36.9137,-9.2961],[-36.8798,-9.2764],[-36.836,-9.2886],[-36.7968,-9.2804],[-36.7618,-9.2715],[-36.6997,-9.293],[-36.6249,-9.3318],[-36.5666,-9.3314],[-36.5718,-9.2926],[-36.5004,-9.2628],[-36.4318,-9.2121],[-36.4029,-9.2234],[-36.3559,-9.2184],[-36.3215,-9.1854],[-36.2915,-9.1741],[-36.2647,-9.1659],[-36.2668,-9.1024],[-36.241,-9.0994],[-36.1957,-9.0448],[-36.1517,-9.0427],[-36.1212,-9.0279],[-36.1115,-9.0177],[-36.1043,-8.9989],[-36.1282,-8.9577],[-36.0823,-8.9409],[-36.0639,-8.9153],[-36.0333,-8.9084],[-35.9884,-8.904],[-35.9506,-8.8923],[-35.9553,-8.8128],[-35.9662,-8.7509],[-35.9669,-8.7431],[-35.8611,-8.7513],[-35.8451,-8.7161],[-35.821,-8.709],[-35.8139,-8.6751],[-35.8102,-8.6729],[-35.8073,-8.6499],[-35.853,-8.6064],[-35.8499,-8.5931],[-35.8387,-8.5788],[-35.8556,-8.5389],[-35.8254,-8.523],[-35.8017,-8.5464],[-35.8035,-8.5946],[-35.7726,-8.5997],[-35.7539,-8.5828],[-35.7141,-8.5804],[-35.6907,-8.5975],[-35.698,-8.5482],[-35.6459,-8.5344],[-35.6327,-8.5504],[-35.591,-8.5143],[-35.5429,-8.4875],[-35.5513,-8.4332],[-35.5774,-8.4311],[-35.5969,-8.4127],[-35.5503,-8.3583],[-35.5484,-8.3396],[-35.5097,-8.3005],[-35.4665,-8.2611],[-35.4394,-8.2526],[-35.4289,-8.2163],[-35.4486,-8.1713],[-35.4389,-8.127],[-35.4625,-8.0938],[-35.5108,-8.0576],[-35.5835,-8.0786],[-35.6303,-8.1041],[-35.6498,-8.1053],[-35.6399,-8.0422],[-35.6104,-8.0114],[-35.6542,-7.9443],[-35.7578,-7.9749],[-35.805,-7.9736],[-35.9156,-8.0047],[-35.9582,-7.9901],[-36.0118,-7.9876],[-36.0709,-7.9807],[-36.0133,-7.8964],[-36.0165,-7.8376],[-36.0033,-7.8128],[-36.0216,-7.8102],[-36.069,-7.781],[-36.1268,-7.7842],[-36.1835,-7.7839],[-36.2166,-7.7641],[-36.2542,-7.7964],[-36.2635,-7.8317],[-36.302,-7.8083],[-36.3994,-7.8104],[-36.43,-7.8271],[-36.4297,-7.8866],[-36.4463,-7.9164],[-36.4801,-7.9248],[-36.5365,-7.9016],[-36.5717,-7.9045],[-36.5726,-7.936],[-36.6125,-7.9494],[-36.6279,-7.9864],[-36.6288,-8.0571],[-36.6538,-8.0704],[-36.6286,-8.1111],[-36.6939,-8.1408],[-36.687,-8.1557],[-36.7878,-8.1898],[-36.8617,-8.2224],[-36.9083,-8.2531],[-36.947,-8.2774],[-36.9545,-8.2992],[-36.9912,-8.303],[-37.0206,-8.2897],[-37.0403,-8.2662],[-37.0822,-8.2619],[-37.1229,-8.2091],[-37.1265,-8.1737],[-37.1602,-8.1704],[-37.1442,-8.125],[-37.1437,-8.088],[-37.1581,-8.0512],[-37.1496,-8.0237],[-37.1604,-7.9972],[-37.2196,-7.9728],[-37.2918,-7.9653],[-37.3403,-7.9797],[-37.3502,-7.9486],[-37.4032,-7.9575],[-37.4254,-7.9404],[-37.4739,-7.9655],[-37.541,-7.9788],[-37.5777,-7.9609],[-37.5516,-7.9237],[-37.5852,-7.8908],[-37.6165,-7.8959],[-37.6305,-7.9002],[-37.6703,-7.9685],[-37.6915,-7.9839],[-37.7046,-8.0038],[-37.7844,-8.0316],[-37.8114,-8.081],[-37.7987,-8.1997],[-37.842,-8.2447],[-37.8587,-8.2959],[-37.8583,-8.3454],[-37.894,-8.3929],[-37.8718,-8.4076],[-37.8014,-8.3729],[-37.7877,-8.4135],[-37.8923,-8.6054],[-37.932,-8.6176],[-37.9751,-8.6575],[-38.0247,-8.6523],[-38.0065,-8.6801],[-38.0055,-8.9628],[-37.9781,-9.0197],[-37.9331,-8.9982],[-37.892,-8.9638],[-37.8262,-8.9327],[-37.8256,-8.8886],[-37.7554,-8.8464],[-37.6991,-8.9359],[-37.6578,-8.9927],[-37.6287,-9.0005],[-37.5958,-8.9688],[-37.5253,-8.9634],[-37.5191,-8.9683],[-37.4682,-8.9986],[-37.4165,-9.0066],[-37.3956,-9.0281],[-37.3586,-9.0539],[-37.2966,-9.1209],[-37.2785,-9.1525],[-37.2471,-9.179],[-37.2292,-9.2269],[-37.1983,-9.2155],[-37.1599,-9.2382],[-37.1691,-9.2657]]]},"properties":{"ibge_code":"2602","name":"Caruaru","codarea":"2602","uf":"PE","uf_code":"26","macro_id":"2","macro_sigla":"NE"}},{"type":"Feature","geometry":{"type":"Polygon","coordinates":[[[-38.0121,-9.156],[-38.0661,-9.1742],[-38.0923,-9.1727],[-38.1439,-9.2182],[-38.1564,-9.2501],[-38.1796,-9.2913],[-38.2031,-9.2969],[-38.2376,-9.3298],[-38.2149,-9.353],[-38.1942,-9.3944],[-38.2026,-9.4198],[-38.1573,-9.4404],[-38.0778,-9.4411],[-38.0687,-9.4564],[-38.0222,-9.47],[-38.0033,-9.515],[-37.9893,-9.5274],[-37.9171,-9.549],[-37.8941,-9.5395],[-37.8422,-9.5794],[-37.8182,-9.5929],[-37.7865,-9.6387],[-37.747,-9.6249],[-37.7101,-9.6301],[-37.6659,-9.6659],[-37.6596,-9.6782],[-37.5724,-9.7386],[-37.466,-9.748],[-37.408,-9.7641],[-37.3466,-9.7912],[-37.2965,-9.8306],[-37.2609,-9.8507],[-37.2455,-9.8918],[-37.2263,-9.8977],[-37.1625,-9.8938],[-37.1338,-9.9138],[-37.0859,-9.9517],[-37.065,-9.9806],[-37.0331,-9.9876],[-36.9957,-9.9724],[-36.9617,-9.9964],[-36.9535,-10.0228],[-36.9484,-10.0696],[-36.9474,-10.0747],[-36.8689,-10.0471],[-36.8217,-10.0746],[-36.77,-10.1241],[-36.714,-10.0455],[-36.7069,-10.0006],[-36.687,-9.9655],[-36.6459,-9.9853],[-36.651,-10.0346],[-36.5172,-10.0405],[-36.4914,-10.0711],[-36.455,-10.0323],[-36.4524,-10.0403],[-36.3047,-10.0314],[-36.2912,-10.0003],[-36.281,-9.9351],[-36.2809,-9.9347],[-36.2779,-9.8923],[-36.3131,-9.8869],[-36.401,-9.7831],[-36.3596,-9.7693],[-36.3427,-9.7385],[-36.3431,-9.7132],[-36.3704,-9.6983],[-36.3883,-9.6517],[-36.3942,-9.6484],[-36.3921,-9.6029],[-36.3504,-9.5923],[-36.3165,-9.6128],[-36.2548,-9.6215],[-36.24,-9.5935],[-36.1917,-9.6001],[-36.2185,-9.5632],[-36.2268,-9.5145],[-36.221,-9.4843],[-36.2556,-9.5188],[-36.3063,-9.5224],[-36.34,-9.5112],[-36.3868,-9.5096],[-36.451,-9.5053],[-36.4684,-9.4855],[-36.4608,-9.4529],[-36.3894,-9.4254],[-36.3399,-9.2867],[-36.3266,-9.2846],[-36.3559,-9.2184],[-36.4029,-9.2234],[-36.4318,-9.2121],[-36.5004,-9.2628],[-36.5718,-9.2926],[-36.5666,-9.3314],[-36.6249,-9.3318],[-36.6997,-9.293],[-36.7618,-9.2715],[-36.7968,-9.2804],[-36.836,-9.2886],[-36.8798,-9.2764],[-36.9137,-9.2961],[-36.9366,-9.3499],[-36.9368,-9.3774],[-36.9796,-9.3593],[-37.0034,-9.3526],[-37.0243,-9.3157],[-37.0553,-9.3074],[-37.0576,-9.3175],[-37.0572,-9.2818],[-37.0907,-9.2464],[-37.1691,-9.2657],[-37.1599,-9.2382],[-37.1983,-9.2155],[-37.2292,-9.2269],[-37.2471,-9.179],[-37.2785,-9.1525],[-37.2966,-9.1209],[-37.3586,-9.0539],[-37.3956,-9.0281],[-37.4165,-9.0066],[-37.4682,-8.9986],[-37.5191,-8.9683],[-37.5253,-8.9634],[-37.5958,-8.9688],[-37.6287,-9.0005],[-37.6578,-8.9927],[-37.6991,-8.9359],[-37.7554,-8.8464],[-37.8256,-8.8886],[-37.8262,-8.9327],[-37.8531,-9.0001],[-37.9516,-9.0974],[-37.9786,-9.1477],[-38.0121,-9.156]]]},"properties":{"ibge_code":"2702","name":"Arapiraca","codarea":"2702","uf":"AL","uf_code":"27","macro_id":"2","macro_sigla":"NE"}},{"type":"Feature","geometry":{"type":"Polygon","coordinates":[[[-36.3427,-9.7385],[-36.3596,-9.7693],[-36.401,-9.7831],[-36.3131,-9.8869],[-36.2779,-9.8923],[-36.2809,-9.9347],[-36.281,-9.9351],[-36.2912,-10.0003],[-36.3047,-10.0314],[-36.4524,-10.0403],[-36.455,-10.0323],[-36.4914,-10.0711],[-36.5172,-10.0405],[-36.651,-10.0346],[-36.6459,-9.9853],[-36.687,-9.9655],[-36.7069,-10.0006],[-36.714,-10.0455],[-36.77,-10.1241],[-36.8217,-10.0746],[-36.8689,-10.0471],[-36.9474,-10.0747],[-36.918,-10.1247],[-36.8826,-10.1475],[-36.8504,-10.1784],[-36.8449,-10.1888],[-36.7915,-10.2272],[-36.7489,-10.2282],[-36.7204,-10.2649],[-36.7016,-10.2704],[-36.6837,-10.2708],[-36.6319,-10.2522],[-36.5873,-10.3013],[-36.5718,-10.3161],[-36.5567,-10.3771],[-36.562,-10.4157],[-36.5351,-10.4303],[-36.4894,-10.4245],[-36.4869,-10.4232],[-36.4631,-10.4085],[-36.4307,-10.43],[-36.3959,-10.4969],[-36.3877,-10.4986],[-36.3014,-10.3446],[-36.2986,-10.314],[-36.2596,-10.2641],[-36.1846,-10.1979],[-36.1679,-10.1721],[-36.1338,-10.1598],[-36.0925,-10.0985],[-36.045,-10.0739],[-36.0315,-10.0508],[-35.9627,-9.9407],[-35.9047,-9.8559],[-35.8553,-9.7883],[-35.8137,-9.7308],[-35.7898,-9.7112],[-35.7611,-9.6832],[-35.7083,-9.6651],[-35.6909,-9.6199],[-35.6508,-9.5685],[-35.5914,-9.5291],[-35.5585,-9.4875],[-35.5246,-9.4426],[-35.5014,-9.4227],[-35.4725,-9.358],[-35.3956,-9.3013],[-35.3868,-9.2863],[-35.3391,-9.2307],[-35.2948,-9.1713],[-35.2951,-9.1555],[-35.2413,-9.0647],[-35.2167,-9.0082],[-35.1816,-8.9782],[-35.1527,-8.9139],[-35.1712,-8.8906],[-35.235,-8.8832],[-35.2528,-8.8872],[-35.3508,-8.8607],[-35.409,-8.838],[-35.4591,-8.8389],[-35.5398,-8.8211],[-35.5702,-8.8428],[-35.5825,-8.8465],[-35.6321,-8.8813],[-35.652,-8.8823],[-35.7233,-8.9095],[-35.7484,-8.9172],[-35.783,-8.8975],[-35.7758,-8.8636],[-35.7951,-8.8477],[-35.8266,-8.8704],[-35.845,-8.8725],[-35.8609,-8.8589],[-35.9114,-8.8613],[-35.9506,-8.8923],[-35.9884,-8.904],[-36.0333,-8.9084],[-36.0639,-8.9153],[-36.0823,-8.9409],[-36.1282,-8.9577],[-36.1043,-8.9989],[-36.1115,-9.0177],[-36.1212,-9.0279],[-36.1517,-9.0427],[-36.1957,-9.0448],[-36.241,-9.0994],[-36.2668,-9.1024],[-36.2647,-9.1659],[-36.2915,-9.1741],[-36.3215,-9.1854],[-36.3559,-9.2184],[-36.3266,-9.2846],[-36.3399,-9.2867],[-36.3894,-9.4254],[-36.4608,-9.4529],[-36.4684,-9.4855],[-36.451,-9.5053],[-36.3868,-9.5096],[-36.34,-9.5112],[-36.3063,-9.5224],[-36.2556,-9.5188],[-36.221,-9.4843],[-36.2268,-9.5145],[-36.2185,-9.5632],[-36.1917,-9.6001],[-36.24,-9.5935],[-36.2548,-9.6215],[-36.3165,-9.6128],[-36.3504,-9.5923],[-36.3921,-9.6029],[-36.3942,-9.6484],[-36.3883,-9.6517],[-36.3704,-9.6983],[-36.3431,-9.7132],[-36.3427,-9.7385]]]},"properties":{"ibge_code":"2701","name":"Maceió","codarea":"2701","uf":"AL","uf_code":"27","macro_id":"2","macro_sigla":"NE"}},{"type":"Feature","geometry":{"type":"Polygon","coordinates":[[[-36.918,-10.1247],[-36.9474,-10.0747],[-36.9484,-10.0696],[-36.9535,-10.0228],[-37.062,-10.0615],[-37.0665,-10.1364],[-37.1504,-10.1631],[-37.1505,-10.1632],[-37.1374,-10.1937],[-37.151,-10.2358],[-37.1387,-10.2789],[-37.1641,-10.3398],[-37.1744,-10.3107],[-37.2229,-10.2983],[-37.2613,-10.2384],[-37.2396,-10.298],[-37.274,-10.3065],[-37.3412,-10.3842],[-37.2746,-10.4659],[-37.3495,-10.4916],[-37.3598,-10.4835],[-37.3205,-10.5402],[-37.3028,-10.5747],[-37.248,-10.5944],[-37.2964,-10.601],[-37.2304,-10.6743],[-37.2814,-10.7202],[-37.2725,-10.7528],[-37.2445,-10.7784],[-37.3177,-10.8316],[-37.3181,-10.8322],[-37.3184,-10.8345],[-37.3877,-10.8511],[-37.4032,-10.8258],[-37.4558,-10.8817],[-37.4902,-10.9035],[-37.4556,-10.9775],[-37.4258,-10.9893],[-37.3888,-11.053],[-37.4382,-11.087],[-37.4373,-11.1268],[-37.459,-11.1463],[-37.5462,-11.1659],[-37.5531,-11.1401],[-37.5287,-11.0539],[-37.531,-10.9962],[-37.5652,-11.0401],[-37.6224,-11.0675],[-37.6495,-11.1089],[-37.6467,-11.1262],[-37.7068,-11.1743],[-37.738,-11.1495],[-37.7934,-11.133],[-37.8465,-11.1608],[-37.8764,-11.1866],[-37.8658,-11.2095],[-37.9048,-11.222],[-37.9362,-11.2698],[-37.9504,-11.3065],[-37.9822,-11.3479],[-37.9683,-11.3895],[-37.9364,-11.4217],[-37.8976,-11.4378],[-37.8698,-11.4348],[-37.8331,-11.4823],[-37.8,-11.5214],[-37.7592,-11.5253],[-37.7288,-11.552],[-37.6822,-11.5624],[-37.6323,-11.5181],[-37.6032,-11.5399],[-37.5201,-11.5493],[-37.5048,-11.5249],[-37.4582,-11.5237],[-37.4325,-11.5112],[-37.3677,-11.4586],[-37.3411,-11.4423],[-37.3122,-11.423],[-37.2997,-11.3637],[-37.2602,-11.2896],[-37.1545,-11.1616],[-37.1257,-11.1031],[-37.0354,-10.9798],[-37.0346,-10.9573],[-36.9531,-10.8515],[-36.8527,-10.7442],[-36.7844,-10.6882],[-36.6729,-10.6308],[-36.6127,-10.5884],[-36.4862,-10.5364],[-36.4088,-10.5127],[-36.3959,-10.4969],[-36.4307,-10.43],[-36.4631,-10.4085],[-36.4869,-10.4232],[-36.4894,-10.4245],[-36.5351,-10.4303],[-36.562,-10.4157],[-36.5567,-10.3771],[-36.5718,-10.3161],[-36.5873,-10.3013],[-36.6319,-10.2522],[-36.6837,-10.2708],[-36.7016,-10.2704],[-36.7204,-10.2649],[-36.7489,-10.2282],[-36.7915,-10.2272],[-36.8449,-10.1888],[-36.8504,-10.1784],[-36.8826,-10.1475],[-36.918,-10.1247]]]},"properties":{"ibge_code":"2801","name":"Aracaju","codarea":"2801","uf":"SE","uf_code":"28","macro_id":"2","macro_sigla":"NE"}},{"type":"Feature","geometry":{"type":"Polygon","coordinates":[[[-37.2814,-10.7202],[-37.2304,-10.6743],[-37.2964,-10.601],[-37.248,-10.5944],[-37.3028,-10.5747],[-37.3205,-10.5402],[-37.3598,-10.4835],[-37.3495,-10.4916],[-37.2746,-10.4659],[-37.3412,-10.3842],[-37.274,-10.3065],[-37.2396,-10.298],[-37.2613,-10.2384],[-37.2229,-10.2983],[-37.1744,-10.3107],[-37.1641,-10.3398],[-37.1387,-10.2789],[-37.151,-10.2358],[-37.1374,-10.1937],[-37.1505,-10.1632],[-37.1504,-10.1631],[-37.0665,-10.1364],[-37.062,-10.0615],[-36.9535,-10.0228],[-36.9617,-9.9964],[-36.9957,-9.9724],[-37.0331,-9.9876],[-37.065,-9.9806],[-37.0859,-9.9517],[-37.1338,-9.9138],[-37.1625,-9.8938],[-37.2263,-9.8977],[-37.2455,-9.8918],[-37.2609,-9.8507],[-37.2965,-9.8306],[-37.3466,-9.7912],[-37.408,-9.7641],[-37.466,-9.748],[-37.5724,-9.7386],[-37.6596,-9.6782],[-37.6659,-9.6659],[-37.7101,-9.6301],[-37.747,-9.6249],[-37.7865,-9.6387],[-37.8182,-9.5929],[-37.8422,-9.5794],[-37.8941,-9.5395],[-37.9171,-9.549],[-37.9893,-9.5274],[-38.0033,-9.515],[-38.0207,-9.5621],[-38.061,-9.5876],[-38.0512,-9.6217],[-38.0196,-9.6372],[-38.045,-9.6978],[-38.0326,-9.7701],[-38.0007,-9.8158],[-38.0035,-9.9047],[-37.975,-9.9369],[-37.9446,-9.9428],[-37.9021,-9.9189],[-37.909,-9.94],[-37.8331,-10.0192],[-37.7908,-10.0329],[-37.7826,-10.0436],[-37.8019,-10.1128],[-37.7745,-10.1446],[-37.7833,-10.1795],[-37.7656,-10.1962],[-37.7471,-10.2381],[-37.7501,-10.2888],[-37.7687,-10.2892],[-37.7433,-10.3384],[-37.7865,-10.3481],[-37.8394,-10.3813],[-37.8532,-10.4065],[-37.8477,-10.4435],[-37.8212,-10.4834],[-37.8153,-10.5173],[-37.829,-10.5405],[-37.8308,-10.585],[-37.8063,-10.6005],[-37.8038,-10.6513],[-37.8475,-10.6993],[-37.9096,-10.7155],[-37.9455,-10.7565],[-37.9725,-10.7571],[-38.0257,-10.7255],[-38.0421,-10.7008],[-38.0678,-10.7157],[-38.1449,-10.718],[-38.2049,-10.7106],[-38.2092,-10.7581],[-38.2383,-10.7999],[-38.2364,-10.882],[-38.2103,-10.931],[-38.1806,-10.9428],[-38.1687,-10.9897],[-38.1018,-11.0167],[-38.102,-11.0445],[-38.0751,-11.0771],[-38.0888,-11.1157],[-38.0469,-11.1816],[-38.0228,-11.1784],[-37.9813,-11.1992],[-37.9937,-11.2398],[-37.9873,-11.2714],[-38.0056,-11.2864],[-37.9942,-11.3434],[-37.9822,-11.3479],[-37.9504,-11.3065],[-37.9362,-11.2698],[-37.9048,-11.222],[-37.8658,-11.2095],[-37.8764,-11.1866],[-37.8465,-11.1608],[-37.7934,-11.133],[-37.738,-11.1495],[-37.7068,-11.1743],[-37.6467,-11.1262],[-37.6495,-11.1089],[-37.6224,-11.0675],[-37.5652,-11.0401],[-37.531,-10.9962],[-37.5287,-11.0539],[-37.5531,-11.1401],[-37.5462,-11.1659],[-37.459,-11.1463],[-37.4373,-11.1268],[-37.4382,-11.087],[-37.3888,-11.053],[-37.4258,-10.9893],[-37.4556,-10.9775],[-37.4902,-10.9035],[-37.4558,-10.8817],[-37.4032,-10.8258],[-37.3877,-10.8511],[-37.3184,-10.8345],[-37.3181,-10.8322],[-37.3177,-10.8316],[-37.2445,-10.7784],[-37.2725,-10.7528],[-37.2814,-10.7202]]]},"properties":{"ibge_code":"2802","name":"Itabaiana","codarea":"2802","uf":"SE","uf_code":"28","macro_id":"2","macro_sigla":"NE"}},{"type":"Feature","geometry":{"type":"Polygon","coordinates":[[[-41.9126,-13.2641],[-41.9745,-13.2415],[-42.0317,-13.1775],[-42.0594,-13.1812],[-42.0743,-13.1513],[-42.1037,-13.1327],[-42.1029,-13.0679],[-42.1253,-13.0183],[-42.1474,-13.0153],[-42.168,-12.9598],[-42.212,-12.9835],[-42.2475,-12.9772],[-42.2869,-13.0309],[-42.3549,-13.034],[-42.3812,-13.0484],[-42.37,-13.0597],[-42.3916,-13.0853],[-42.4014,-13.1367],[-42.4323,-13.1413],[-42.4445,-13.1846],[-42.4437,-13.2328],[-42.4198,-13.2746],[-42.4343,-13.2862],[-42.4091,-13.3475],[-42.4059,-13.4022],[-42.463,-13.4395],[-42.4394,-13.4903],[-42.435,-13.5243],[-42.4147,-13.5376],[-42.4053,-13.5799],[-42.3658,-13.5927],[-42.3584,-13.6263],[-42.3105,-13.6026],[-42.2574,-13.6076],[-42.1928,-13.6684],[-42.1847,-13.6951],[-42.2213,-13.7],[-42.3081,-13.7483],[-42.335,-13.7725],[-42.2513,-13.8015],[-42.2136,-13.8505],[-42.1735,-13.8457],[-42.1519,-13.8607],[-42.1521,-13.9275],[-42.135,-13.9761],[-42.087,-14.0569],[-42.016,-14.1189],[-41.9943,-14.1673],[-41.9685,-14.234],[-41.9806,-14.2867],[-41.9673,-14.2928],[-41.9508,-14.3717],[-41.9318,-14.4194],[-41.836,-14.4651],[-41.7933,-14.468],[-41.8092,-14.5329],[-41.8541,-14.5344],[-41.8737,-14.5688],[-41.8451,-14.5761],[-41.8763,-14.6921],[-41.901,-14.7389],[-41.9266,-14.7042],[-41.9661,-14.6995],[-42.0305,-14.6611],[-42.0532,-14.6912],[-42.0683,-14.7166],[-42.0513,-14.7472],[-42.0466,-14.8065],[-42.0607,-14.8503],[-42.089,-14.8255],[-42.1289,-14.8125],[-42.1764,-14.8221],[-42.239,-14.9422],[-42.2103,-14.9906],[-42.209,-15.0225],[-42.227,-15.0446],[-42.2786,-15.055],[-42.2926,-15.0876],[-42.2776,-15.1137],[-42.2656,-15.125],[-42.2231,-15.0996],[-42.1554,-15.0979],[-42.0961,-15.1824],[-42.0485,-15.1707],[-41.9947,-15.1589],[-41.9534,-15.1757],[-41.897,-15.1519],[-41.8725,-15.1165],[-41.8103,-15.1014],[-41.8023,-15.1003],[-41.7599,-15.138],[-41.4561,-15.4103],[-41.3643,-15.493],[-41.3619,-15.495],[-41.3564,-15.5003],[-41.3422,-15.6386],[-41.3302,-15.7433],[-41.2686,-15.7487],[-41.2154,-15.7372],[-41.1425,-15.772],[-41.1216,-15.743],[-41.0787,-15.7199],[-41.0061,-15.7138],[-40.9781,-15.6881],[-40.9631,-15.6484],[-40.9143,-15.661],[-40.9026,-15.6918],[-40.8414,-15.6825],[-40.8168,-15.6476],[-40.7803,-15.6802],[-40.7438,-15.684],[-40.7006,-15.6673],[-40.6814,-15.6997],[-40.6449,-15.7289],[-40.626,-15.7182],[-40.5611,-15.8036],[-40.5198,-15.7976],[-40.45,-15.7616],[-40.425,-15.8057],[-40.378,-15.8184],[-40.2944,-15.8166],[-40.2357,-15.8035],[-40.2069,-15.8545],[-40.174,-15.8705],[-40.1598,-15.9085],[-40.1275,-15.9071],[-40.0748,-15.9201],[-40.0665,-15.9592],[-40.0458,-15.9624],[-40.0044,-16.0018],[-39.9576,-15.992],[-39.9148,-16],[-39.864,-15.996],[-39.8433,-15.9766],[-39.8906,-15.9575],[-39.9492,-15.8954],[-39.911,-15.8671],[-39.8881,-15.884],[-39.815,-15.8663],[-39.8167,-15.847],[-39.7878,-15.8123],[-39.7488,-15.8011],[-39.7325,-15.7786],[-39.6771,-15.7649],[-39.6478,-15.7418],[-39.6216,-15.7734],[-39.5676,-15.7732],[-39.5366,-15.7519],[-39.5357,-15.6813],[-39.5443,-15.666],[-39.5252,-15.6144],[-39.5896,-15.6],[-39.6345,-15.6183],[-39.6751,-15.6218],[-39.7143,-15.5901],[-39.7336,-15.5558],[-39.7725,-15.5585],[-39.8302,-15.5318],[-39.8419,-15.4824],[-39.7908,-15.424],[-39.7658,-15.3669],[-39.7878,-15.375],[-39.8096,-15.3254],[-39.8477,-15.311],[-39.8955,-15.1017],[-39.8964,-15.053],[-39.9104,-15.0334],[-39.9766,-14.9589],[-39.9941,-14.9727],[-40.0448,-14.9497],[-40.0364,-14.8968],[-40.0457,-14.8743],[-40.0247,-14.8186],[-40.0149,-14.7873],[-40.0344,-14.755],[-40.0224,-14.7311],[-39.9919,-14.7258],[-39.9747,-14.6853],[-39.9257,-14.6863],[-39.9002,-14.6704],[-39.8735,-14.5908],[-39.9631,-14.4829],[-39.9224,-14.4683],[-39.9024,-14.4357],[-39.8374,-14.4433],[-39.8237,-14.3826],[-39.7901,-14.3506],[-39.7415,-14.372],[-39.6966,-14.3696],[-39.6857,-14.3606],[-39.6755,-14.2914],[-39.6257,-14.2874],[-39.6002,-14.3106],[-39.552,-14.3058],[-39.5492,-14.3467],[-39.4628,-14.3249],[-39.4425,-14.3044],[-39.5756,-14.2519],[-39.5746,-14.2331],[-39.5463,-14.2101],[-39.5155,-14.2207],[-39.4867,-14.1194],[-39.4995,-14.0835],[-39.4883,-14.0548],[-39.4797,-13.9809],[-39.4878,-13.9348],[-39.5135,-13.933],[-39.5293,-13.9155],[-39.4881,-13.8806],[-39.4481,-13.8916],[-39.3988,-13.9086],[-39.3826,-13.8939],[-39.3562,-13.8356],[-39.3175,-13.8295],[-39.3176,-13.77],[-39.2878,-13.737],[-39.3187,-13.7264],[-39.3637,-13.734],[-39.3799,-13.7145],[-39.4398,-13.7245],[-39.4468,-13.6895],[-39.4245,-13.6541],[-39.3914,-13.6458],[-39.3546,-13.6682],[-39.3601,-13.624],[-39.3492,-13.5735],[-39.3711,-13.5439],[-39.4444,-13.5103],[-39.4955,-13.5316],[-39.5165,-13.5049],[-39.5394,-13.513],[-39.5694,-13.4773],[-39.5984,-13.4708],[-39.6315,-13.471],[-39.6403,-13.5052],[-39.6686,-13.537],[-39.6952,-13.5125],[-39.7294,-13.4895],[-39.7112,-13.4601],[-39.7239,-13.4123],[-39.7529,-13.3699],[-39.727,-13.3695],[-39.7291,-13.3129],[-39.759,-13.2475],[-39.7995,-13.2364],[-39.8315,-13.2055],[-39.8687,-13.1795],[-39.9228,-13.1617],[-39.9464,-13.1663],[-39.9444,-13.2151],[-39.9848,-13.1676],[-40.0538,-13.1144],[-40.1207,-13.1209],[-40.1521,-13.107],[-40.1992,-13.0487],[-40.3058,-13.0434],[-40.3436,-13.055],[-40.3596,-13.0841],[-40.401,-13.0663],[-40.4158,-13.0875],[-40.4687,-13.113],[-40.5115,-13.1765],[-40.5254,-13.1834],[-40.5848,-13.2153],[-40.6273,-13.1826],[-40.7197,-13.239],[-40.721,-13.2651],[-40.7836,-13.3675],[-40.8352,-13.3159],[-40.8623,-13.3183],[-40.8856,-13.2692],[-40.9183,-13.2296],[-41.0103,-13.2609],[-41.0888,-13.2558],[-41.1059,-13.2936],[-41.1426,-13.2994],[-41.1851,-13.23],[-41.2906,-13.3225],[-41.3827,-13.2712],[-41.4151,-13.2458],[-41.4459,-13.2507],[-41.4537,-13.2958],[-41.437,-13.3288],[-41.4459,-13.3836],[-41.5474,-13.4259],[-41.5694,-13.4108],[-41.6052,-13.4249],[-41.6094,-13.3265],[-41.5902,-13.2669],[-41.5989,-13.2296],[-41.6536,-13.1684],[-41.6903,-13.2163],[-41.7347,-13.2528],[-41.7879,-13.2802],[-41.8056,-13.2658],[-41.8578,-13.1892],[-41.8888,-13.211],[-41.9187,-13.2495],[-41.9126,-13.2641]]]},"properties":{"ibge_code":"2904","name":"Vitória da Conquista","codarea":"2904","uf":"BA","uf_code":"29","macro_id":"2","macro_sigla":"NE"}},{"type":"Feature","geometry":{"type":"Polygon","coordinates":[[[-39.3512,-9.1573],[-39.3723,-9.2265],[-39.3574,-9.2874],[-39.3893,-9.3178],[-39.408,-9.3619],[-39.4043,-9.4451],[-39.4339,-9.4573],[-39.4454,-9.5104],[-39.4135,-9.5418],[-39.3596,-9.6157],[-39.3308,-9.5944],[-39.281,-9.6347],[-39.2237,-9.6346],[-39.2116,-9.6457],[-39.2354,-9.7203],[-39.2138,-9.765],[-39.2216,-9.7921],[-39.201,-9.8386],[-39.204,-9.962],[-39.221,-10.0251],[-39.2348,-10.0314],[-39.2634,-10.0871],[-39.2554,-10.1469],[-39.2668,-10.1927],[-39.3223,-10.1965],[-39.3714,-10.1718],[-39.4549,-10.1724],[-39.5257,-10.1884],[-39.5409,-10.1489],[-39.564,-10.1241],[-39.6366,-10.1214],[-39.6536,-10.1001],[-39.7159,-10.0674],[-39.7343,-10.0892],[-39.7287,-10.1156],[-39.7374,-10.2288],[-39.7167,-10.278],[-39.714,-10.3191],[-39.7393,-10.349],[-39.7313,-10.4101],[-39.7524,-10.4393],[-39.7682,-10.5386],[-39.7441,-10.6426],[-39.6978,-10.6709],[-39.7095,-10.7197],[-39.6817,-10.7859],[-39.5856,-10.7774],[-39.5272,-10.7773],[-39.5011,-10.7871],[-39.4443,-10.7696],[-39.3705,-10.7655],[-39.3634,-10.8138],[-39.374,-10.8654],[-39.3725,-10.9504],[-39.3503,-10.948],[-39.3263,-10.9777],[-39.2782,-10.9872],[-39.2108,-10.9984],[-39.1152,-11.0181],[-39.0698,-11.0434],[-39.0475,-11.0211],[-39.0064,-11.0534],[-38.9453,-11.0524],[-38.941,-11.0801],[-38.8723,-11.3462],[-38.8041,-11.347],[-38.7741,-11.3564],[-38.6435,-11.4102],[-38.6645,-11.4308],[-38.5709,-11.4638],[-38.5565,-11.4846],[-38.4991,-11.4907],[-38.4271,-11.5445],[-38.3975,-11.5574],[-38.3384,-11.593],[-38.3015,-11.6262],[-38.2638,-11.424],[-38.2388,-11.3731],[-38.2121,-11.3512],[-38.2584,-11.3198],[-38.3077,-11.3102],[-38.3447,-11.2637],[-38.3732,-11.2641],[-38.4451,-11.1696],[-38.4379,-11.1181],[-38.4016,-11.0972],[-38.3221,-11.0721],[-38.2458,-10.9212],[-38.2103,-10.931],[-38.2364,-10.882],[-38.2383,-10.7999],[-38.2092,-10.7581],[-38.2049,-10.7106],[-38.1449,-10.718],[-38.0678,-10.7157],[-38.0421,-10.7008],[-38.0257,-10.7255],[-37.9725,-10.7571],[-37.9455,-10.7565],[-37.9096,-10.7155],[-37.8475,-10.6993],[-37.8038,-10.6513],[-37.8063,-10.6005],[-37.8308,-10.585],[-37.829,-10.5405],[-37.8153,-10.5173],[-37.8212,-10.4834],[-37.8477,-10.4435],[-37.8532,-10.4065],[-37.8394,-10.3813],[-37.7865,-10.3481],[-37.7433,-10.3384],[-37.7687,-10.2892],[-37.7501,-10.2888],[-37.7471,-10.2381],[-37.7656,-10.1962],[-37.7833,-10.1795],[-37.7745,-10.1446],[-37.8019,-10.1128],[-37.7826,-10.0436],[-37.7908,-10.0329],[-37.8331,-10.0192],[-37.909,-9.94],[-37.9021,-9.9189],[-37.9446,-9.9428],[-37.975,-9.9369],[-38.0035,-9.9047],[-38.0007,-9.8158],[-38.0326,-9.7701],[-38.045,-9.6978],[-38.0196,-9.6372],[-38.0512,-9.6217],[-38.061,-9.5876],[-38.0207,-9.5621],[-38.0033,-9.515],[-38.0222,-9.47],[-38.0687,-9.4564],[-38.0778,-9.4411],[-38.1573,-9.4404],[-38.2026,-9.4198],[-38.1942,-9.3944],[-38.2149,-9.353],[-38.2376,-9.3298],[-38.2875,-9.2171],[-38.2887,-9.1721],[-38.3129,-9.1484],[-38.3262,-9.081],[-38.2897,-9.0363],[-38.3235,-8.99],[-38.3624,-9.0009],[-38.4035,-9.0372],[-38.4491,-9.0264],[-38.5035,-8.9814],[-38.514,-8.96],[-38.511,-8.9251],[-38.4793,-8.9017],[-38.4698,-8.8657],[-38.5124,-8.8306],[-38.5704,-8.8304],[-38.6076,-8.8933],[-38.6103,-8.9573],[-38.6354,-8.9867],[-38.6744,-8.9718],[-38.6936,-8.9187],[-38.7065,-8.8623],[-38.7397,-8.8448],[-38.8071,-8.7878],[-38.8549,-8.7845],[-38.9524,-8.8045],[-38.9774,-8.7931],[-38.9994,-8.7611],[-39.0335,-8.7363],[-39.0645,-8.7316],[-39.1439,-8.7125],[-39.1675,-8.6925],[-39.2008,-8.711],[-39.2343,-8.7053],[-39.2455,-8.6841],[-39.2479,-8.625],[-39.2726,-8.5838],[-39.2864,-8.5638],[-39.3451,-8.5585],[-39.3568,-8.5475],[-39.3736,-8.5633],[-39.4916,-8.8359],[-39.4685,-8.9762],[-39.4082,-9.1331],[-39.3512,-9.1573]]]},"properties":{"ibge_code":"2909","name":"Paulo Afonso","codarea":"2909","uf":"BA","uf_code":"29","macro_id":"2","macro_sigla":"NE"}},{"type":"Feature","geometry":{"type":"Polygon","coordinates":[[[-38.5802,-12.0823],[-38.6036,-12.0824],[-38.6577,-12.0533],[-38.7003,-12.1388],[-38.733,-12.1554],[-38.6582,-12.1929],[-38.6785,-12.2207],[-38.6984,-12.2787],[-38.6898,-12.3034],[-38.6571,-12.3613],[-38.6563,-12.3731],[-38.6765,-12.4139],[-38.6379,-12.4768],[-38.6443,-12.5131],[-38.6561,-12.4842],[-38.7423,-12.4732],[-38.7892,-12.4219],[-38.8139,-12.3804],[-38.7952,-12.3695],[-38.8335,-12.3683],[-38.8382,-12.4088],[-38.8519,-12.4838],[-38.8774,-12.5107],[-38.8808,-12.5225],[-38.8504,-12.5635],[-38.8232,-12.5669],[-38.7959,-12.6491],[-38.8168,-12.6649],[-38.8205,-12.719],[-38.835,-12.8271],[-38.8458,-12.8391],[-38.8019,-12.8385],[-38.6986,-12.8006],[-38.6749,-12.8454],[-38.5888,-12.8926],[-38.5611,-12.9327],[-38.5856,-13.0127],[-38.4687,-13.0149],[-38.385,-12.956],[-38.3535,-12.9571],[-38.3043,-12.9109],[-38.2802,-12.8807],[-38.2437,-12.8525],[-38.1044,-12.6877],[-38.0481,-12.6361],[-38.0302,-12.5972],[-38.0015,-12.578],[-37.973,-12.5211],[-37.8933,-12.4082],[-37.813,-12.2931],[-37.7699,-12.2387],[-37.6857,-12.099],[-37.6101,-11.9557],[-37.5128,-11.7407],[-37.4063,-11.5366],[-37.3492,-11.4621],[-37.3411,-11.4423],[-37.3677,-11.4586],[-37.4325,-11.5112],[-37.4582,-11.5237],[-37.5048,-11.5249],[-37.5201,-11.5493],[-37.6032,-11.5399],[-37.6323,-11.5181],[-37.6822,-11.5624],[-37.7288,-11.552],[-37.7592,-11.5253],[-37.8,-11.5214],[-37.8331,-11.4823],[-37.8698,-11.4348],[-37.8976,-11.4378],[-37.9364,-11.4217],[-37.9683,-11.3895],[-37.9822,-11.3479],[-37.9942,-11.3434],[-38.0056,-11.2864],[-37.9873,-11.2714],[-37.9937,-11.2398],[-37.9813,-11.1992],[-38.0228,-11.1784],[-38.0469,-11.1816],[-38.0888,-11.1157],[-38.0751,-11.0771],[-38.102,-11.0445],[-38.1018,-11.0167],[-38.1687,-10.9897],[-38.1806,-10.9428],[-38.2103,-10.931],[-38.2458,-10.9212],[-38.3221,-11.0721],[-38.4016,-11.0972],[-38.4379,-11.1181],[-38.4451,-11.1696],[-38.3732,-11.2641],[-38.3447,-11.2637],[-38.3077,-11.3102],[-38.2584,-11.3198],[-38.2121,-11.3512],[-38.2388,-11.3731],[-38.2638,-11.424],[-38.3015,-11.6262],[-38.3384,-11.593],[-38.3975,-11.5574],[-38.4271,-11.5445],[-38.4991,-11.4907],[-38.5565,-11.4846],[-38.5709,-11.4638],[-38.6645,-11.4308],[-38.6435,-11.4102],[-38.7741,-11.3564],[-38.7818,-11.3654],[-38.6742,-11.6929],[-38.6468,-11.6905],[-38.5421,-11.7545],[-38.5778,-11.8007],[-38.5792,-11.8392],[-38.6049,-11.9046],[-38.597,-11.953],[-38.6313,-11.9333],[-38.5862,-12.045],[-38.5802,-12.0823]]]},"properties":{"ibge_code":"2901","name":"Salvador","codarea":"2901","uf":"BA","uf_code":"29","macro_id":"2","macro_sigla":"NE"}},{"type":"Feature","geometry":{"type":"Polygon","coordinates":[[[-38.597,-11.953],[-38.6049,-11.9046],[-38.5792,-11.8392],[-38.5778,-11.8007],[-38.5421,-11.7545],[-38.6468,-11.6905],[-38.6742,-11.6929],[-38.7818,-11.3654],[-38.7741,-11.3564],[-38.8041,-11.347],[-38.8723,-11.3462],[-38.941,-11.0801],[-38.9453,-11.0524],[-39.0064,-11.0534],[-39.0475,-11.0211],[-39.0698,-11.0434],[-39.1152,-11.0181],[-39.2108,-10.9984],[-39.2782,-10.9872],[-39.3263,-10.9777],[-39.3503,-10.948],[-39.3725,-10.9504],[-39.374,-10.8654],[-39.3634,-10.8138],[-39.3705,-10.7655],[-39.4443,-10.7696],[-39.5011,-10.7871],[-39.5272,-10.7773],[-39.5856,-10.7774],[-39.6817,-10.7859],[-39.626,-10.8747],[-39.6276,-10.915],[-39.6694,-10.947],[-39.7816,-10.9551],[-39.8257,-10.9391],[-39.8696,-10.9033],[-39.9235,-10.9176],[-39.9995,-10.8837],[-40.0189,-10.884],[-40.0081,-10.9166],[-40.0245,-10.9809],[-39.9819,-11.1512],[-39.9902,-11.1626],[-40.0594,-11.0955],[-40.0899,-11.0796],[-40.1401,-11.0185],[-40.1859,-10.9765],[-40.2111,-10.9658],[-40.2477,-10.9106],[-40.2415,-10.8471],[-40.2676,-10.8432],[-40.3029,-10.8149],[-40.4094,-10.7954],[-40.4454,-10.7521],[-40.4757,-10.7637],[-40.4785,-10.6908],[-40.5072,-10.713],[-40.5492,-10.6996],[-40.5464,-10.6623],[-40.5957,-10.6835],[-40.7471,-10.6336],[-40.7627,-10.5925],[-40.8787,-10.5906],[-40.9347,-10.6053],[-40.9166,-10.5529],[-40.8779,-10.5227],[-40.9412,-10.5096],[-40.9672,-10.4514],[-41.0341,-10.4488],[-41.1069,-10.4667],[-41.1816,-10.4309],[-41.2249,-10.4539],[-41.2558,-10.4144],[-41.2561,-10.3624],[-41.2779,-10.3472],[-41.2883,-10.3357],[-41.3615,-10.37],[-41.3786,-10.4172],[-41.4467,-10.442],[-41.4731,-10.4654],[-41.4506,-10.4893],[-41.3815,-10.5187],[-41.4015,-10.5737],[-41.4628,-10.6032],[-41.4718,-10.6282],[-41.503,-10.632],[-41.5086,-10.6705],[-41.533,-10.6794],[-41.5913,-10.7313],[-41.5714,-10.7559],[-41.5563,-10.743],[-41.4777,-10.7556],[-41.4432,-10.8019],[-41.4611,-10.8316],[-41.4277,-10.866],[-41.2892,-10.9092],[-41.2338,-10.9567],[-41.2412,-10.9916],[-41.277,-10.988],[-41.2968,-11.004],[-41.3171,-11.0731],[-41.2947,-11.1153],[-41.2597,-11.1208],[-41.2402,-11.1463],[-41.1336,-11.1534],[-40.9461,-11.2851],[-40.8635,-11.4145],[-40.7983,-11.4772],[-40.7376,-11.5035],[-40.7026,-11.5479],[-40.7276,-11.5665],[-40.7926,-11.6945],[-40.8012,-11.7429],[-40.8494,-11.7763],[-40.8848,-11.7576],[-40.9016,-11.8108],[-40.942,-11.8188],[-40.9741,-11.8888],[-40.8996,-11.9781],[-40.8971,-11.9903],[-40.9205,-12.0144],[-40.9725,-12.0164],[-41.0249,-12.0022],[-41.0626,-11.9332],[-41.0861,-11.9192],[-41.1096,-11.9468],[-41.2233,-11.9187],[-41.1897,-11.9608],[-41.1956,-12.0117],[-41.2313,-12.0402],[-41.2207,-12.0928],[-41.2291,-12.1374],[-41.2751,-12.1487],[-41.3549,-12.1684],[-41.4173,-12.145],[-41.4689,-12.108],[-41.4539,-12.099],[-41.6305,-12.0125],[-41.6811,-11.9912],[-41.8821,-11.8913],[-42.0215,-11.8152],[-42.007,-11.832],[-42.0264,-11.8703],[-41.997,-11.9069],[-41.9933,-11.9652],[-41.9618,-11.9697],[-41.9495,-12.0222],[-41.9826,-12.0444],[-41.945,-12.0793],[-41.9698,-12.0922],[-41.9681,-12.2659],[-41.9849,-12.2914],[-42.0292,-12.2344],[-42.0583,-12.2451],[-42.0398,-12.2911],[-42.0889,-12.2915],[-42.1241,-12.2777],[-42.2702,-12.3111],[-42.2493,-12.3896],[-42.2538,-12.4081],[-42.3059,-12.4039],[-42.3531,-12.4575],[-42.3872,-12.4821],[-42.4428,-12.5067],[-42.4833,-12.5404],[-42.533,-12.5468],[-42.5894,-12.5099],[-42.6393,-12.5008],[-42.6557,-12.5194],[-42.6303,-12.5939],[-42.6275,-12.6265],[-42.5738,-12.6873],[-42.5321,-12.6911],[-42.5172,-12.7117],[-42.4831,-12.7122],[-42.4491,-12.6872],[-42.3953,-12.697],[-42.3691,-12.7126],[-42.3265,-12.7148],[-42.297,-12.7035],[-42.265,-12.727],[-42.2104,-12.9158],[-42.168,-12.9598],[-42.1474,-13.0153],[-42.1253,-13.0183],[-42.1029,-13.0679],[-42.1037,-13.1327],[-42.0743,-13.1513],[-42.0594,-13.1812],[-42.0317,-13.1775],[-41.9745,-13.2415],[-41.9126,-13.2641],[-41.9187,-13.2495],[-41.8888,-13.211],[-41.8578,-13.1892],[-41.8056,-13.2658],[-41.7879,-13.2802],[-41.7347,-13.2528],[-41.6903,-13.2163],[-41.6536,-13.1684],[-41.5989,-13.2296],[-41.5902,-13.2669],[-41.6094,-13.3265],[-41.6052,-13.4249],[-41.5694,-13.4108],[-41.5474,-13.4259],[-41.4459,-13.3836],[-41.437,-13.3288],[-41.4537,-13.2958],[-41.4459,-13.2507],[-41.4151,-13.2458],[-41.3827,-13.2712],[-41.2906,-13.3225],[-41.1851,-13.23],[-41.1426,-13.2994],[-41.1059,-13.2936],[-41.0888,-13.2558],[-41.0103,-13.2609],[-40.9183,-13.2296],[-40.8856,-13.2692],[-40.8623,-13.3183],[-40.8352,-13.3159],[-40.7836,-13.3675],[-40.721,-13.2651],[-40.7197,-13.239],[-40.6273,-13.1826],[-40.5848,-13.2153],[-40.5254,-13.1834],[-40.5115,-13.1765],[-40.4687,-13.113],[-40.4158,-13.0875],[-40.401,-13.0663],[-40.3596,-13.0841],[-40.3436,-13.055],[-40.3058,-13.0434],[-40.1992,-13.0487],[-40.144,-12.9823],[-40.0673,-12.9926],[-39.9911,-12.9632],[-39.9881,-12.9306],[-39.8998,-12.8746],[-39.9281,-12.8171],[-39.8942,-12.7534],[-39.8557,-12.7956],[-39.7973,-12.7049],[-39.8059,-12.6865],[-39.787,-12.6149],[-39.7918,-12.5576],[-39.7619,-12.5488],[-39.6934,-12.5617],[-39.6629,-12.5568],[-39.6351,-12.5828],[-39.5773,-12.5504],[-39.5388,-12.5788],[-39.4397,-12.6147],[-39.417,-12.616],[-39.3185,-12.5471],[-39.2765,-12.5374],[-39.2265,-12.5465],[-39.2057,-12.5129],[-39.1272,-12.4983],[-39.0885,-12.4957],[-39.0579,-12.5405],[-39.0073,-12.5691],[-38.9106,-12.5179],[-38.8808,-12.5225],[-38.8774,-12.5107],[-38.8519,-12.4838],[-38.8382,-12.4088],[-38.8335,-12.3683],[-38.7952,-12.3695],[-38.8139,-12.3804],[-38.7892,-12.4219],[-38.7423,-12.4732],[-38.6561,-12.4842],[-38.6443,-12.5131],[-38.6379,-12.4768],[-38.6765,-12.4139],[-38.6563,-12.3731],[-38.6571,-12.3613],[-38.6898,-12.3034],[-38.6984,-12.2787],[-38.6785,-12.2207],[-38.6582,-12.1929],[-38.733,-12.1554],[-38.7003,-12.1388],[-38.6577,-12.0533],[-38.6036,-12.0824],[-38.5802,-12.0823],[-38.5862,-12.045],[-38.6313,-11.9333],[-38.597,-11.953]]]},"properties":{"ibge_code":"2910","name":"Feira de Santana","codarea":"2910","uf":"BA","uf_code":"29","macro_id":"2","macro_sigla":"NE"}},{"type":"Feature","geometry":{"type":"Polygon","coordinates":[[[-39.1917,-17.446],[-39.2176,-17.3346],[-39.2195,-17.2657],[-39.2121,-17.1613],[-39.182,-17.1124],[-39.1722,-17.013],[-39.1515,-16.9422],[-39.1175,-16.8925],[-39.1419,-16.8687],[-39.1455,-16.8088],[-39.1397,-16.7534],[-39.1038,-16.6981],[-39.0901,-16.6285],[-39.0863,-16.5548],[-39.0619,-16.4734],[-39.0621,-16.4358],[-39.0088,-16.3457],[-39.0219,-16.2853],[-39.0111,-16.2458],[-38.9718,-16.1987],[-38.9481,-16.1557],[-38.9484,-16.0924],[-38.905,-15.9699],[-38.8528,-15.8494],[-38.8936,-15.7667],[-38.9349,-15.6654],[-38.9422,-15.5394],[-38.9517,-15.4691],[-38.9732,-15.3855],[-38.9908,-15.2882],[-38.9964,-15.2192],[-38.9963,-15.0852],[-38.9976,-14.9867],[-39.018,-14.9234],[-39.0242,-14.805],[-39.0622,-14.747],[-39.0616,-14.625],[-39.0343,-14.5153],[-39.0177,-14.4185],[-39.0013,-14.3459],[-38.9811,-14.2985],[-38.9949,-14.2664],[-38.9889,-14.2174],[-38.9756,-14.1426],[-38.9546,-14.0769],[-38.9433,-13.9971],[-38.9277,-13.9398],[-38.9288,-13.9068],[-38.9517,-13.8724],[-38.9861,-13.8921],[-39.0006,-13.9357],[-38.9862,-13.973],[-39.0047,-14.0322],[-38.9825,-14.0739],[-39.0208,-14.0998],[-39.0974,-14.1108],[-39.1433,-14.0916],[-39.1979,-14.104],[-39.2849,-14.1384],[-39.3461,-14.1482],[-39.3331,-14.1009],[-39.3554,-14.0459],[-39.4044,-14.0237],[-39.4049,-13.9899],[-39.3755,-13.9146],[-39.3988,-13.9086],[-39.4481,-13.8916],[-39.4881,-13.8806],[-39.5293,-13.9155],[-39.5135,-13.933],[-39.4878,-13.9348],[-39.4797,-13.9809],[-39.4883,-14.0548],[-39.4995,-14.0835],[-39.4867,-14.1194],[-39.5155,-14.2207],[-39.5463,-14.2101],[-39.5746,-14.2331],[-39.5756,-14.2519],[-39.4425,-14.3044],[-39.4628,-14.3249],[-39.5492,-14.3467],[-39.552,-14.3058],[-39.6002,-14.3106],[-39.6257,-14.2874],[-39.6755,-14.2914],[-39.6857,-14.3606],[-39.6966,-14.3696],[-39.7415,-14.372],[-39.7901,-14.3506],[-39.8237,-14.3826],[-39.8374,-14.4433],[-39.9024,-14.4357],[-39.9224,-14.4683],[-39.9631,-14.4829],[-39.8735,-14.5908],[-39.9002,-14.6704],[-39.9257,-14.6863],[-39.9747,-14.6853],[-39.9919,-14.7258],[-40.0224,-14.7311],[-40.0344,-14.755],[-40.0149,-14.7873],[-40.0247,-14.8186],[-40.0457,-14.8743],[-40.0364,-14.8968],[-40.0448,-14.9497],[-39.9941,-14.9727],[-39.9766,-14.9589],[-39.9104,-15.0334],[-39.8964,-15.053],[-39.8955,-15.1017],[-39.8477,-15.311],[-39.8096,-15.3254],[-39.7878,-15.375],[-39.7658,-15.3669],[-39.7908,-15.424],[-39.8419,-15.4824],[-39.8302,-15.5318],[-39.7725,-15.5585],[-39.7336,-15.5558],[-39.7143,-15.5901],[-39.6751,-15.6218],[-39.6345,-15.6183],[-39.5896,-15.6],[-39.5252,-15.6144],[-39.5443,-15.666],[-39.5357,-15.6813],[-39.5366,-15.7519],[-39.5676,-15.7732],[-39.6216,-15.7734],[-39.6478,-15.7418],[-39.6771,-15.7649],[-39.7325,-15.7786],[-39.7488,-15.8011],[-39.7878,-15.8123],[-39.8167,-15.847],[-39.815,-15.8663],[-39.8881,-15.884],[-39.911,-15.8671],[-39.9492,-15.8954],[-39.8906,-15.9575],[-39.8433,-15.9766],[-39.864,-15.996],[-39.9148,-16],[-39.9222,-16.0286],[-39.8839,-16.066],[-39.8568,-16.1138],[-39.8843,-16.1449],[-39.8834,-16.1947],[-39.9357,-16.2439],[-39.9178,-16.2843],[-39.9901,-16.3122],[-40.0172,-16.3478],[-40.0658,-16.4575],[-40.1102,-16.4493],[-40.1704,-16.5248],[-40.1545,-16.5603],[-40.1729,-16.5774],[-40.2298,-16.5614],[-40.2755,-16.5734],[-40.3132,-16.6786],[-40.307,-16.6968],[-40.3098,-16.7333],[-40.3329,-16.7695],[-40.3236,-16.8013],[-40.2691,-16.7958],[-40.2508,-16.8312],[-40.2816,-16.9012],[-40.3315,-16.908],[-40.3649,-16.8746],[-40.4013,-16.8902],[-40.4077,-16.8987],[-40.4336,-16.8874],[-40.4802,-16.8768],[-40.5159,-16.9627],[-40.5435,-16.9828],[-40.5717,-17.0659],[-40.5568,-17.0896],[-40.5787,-17.1496],[-40.5539,-17.189],[-40.5713,-17.253],[-40.5478,-17.2837],[-40.5948,-17.3236],[-40.6047,-17.3562],[-40.5975,-17.4206],[-40.5195,-17.4474],[-40.483,-17.4885],[-40.4891,-17.5198],[-40.4592,-17.5695],[-40.4138,-17.5742],[-40.4182,-17.5991],[-40.3441,-17.6156],[-40.3228,-17.6613],[-40.299,-17.6746],[-40.2727,-17.7274],[-40.2402,-17.7349],[-40.2237,-17.7343],[-40.2181,-17.7957],[-40.1741,-17.8516],[-40.2119,-17.8949],[-40.2635,-17.922],[-40.2268,-17.9583],[-40.2224,-17.9804],[-40.2204,-17.9816],[-39.9118,-18.179],[-39.6889,-18.3208],[-39.6678,-18.3372],[-39.6354,-18.2323],[-39.5884,-18.1506],[-39.4912,-17.9979],[-39.46,-17.9623],[-39.4071,-17.9223],[-39.3181,-17.8911],[-39.2677,-17.8629],[-39.2575,-17.828],[-39.2069,-17.7742],[-39.1912,-17.7421],[-39.1373,-17.685],[-39.1843,-17.6146],[-39.1917,-17.446]]]},"properties":{"ibge_code":"2903","name":"Ilhéus ¿ Itabuna","codarea":"2903","uf":"BA","uf_code":"29","macro_id":"2","macro_sigla":"NE"}},{"type":"Feature","geometry":{"type":"Polygon","coordinates":[[[-39.8315,-13.2055],[-39.7995,-13.2364],[-39.759,-13.2475],[-39.7291,-13.3129],[-39.727,-13.3695],[-39.7529,-13.3699],[-39.7239,-13.4123],[-39.7112,-13.4601],[-39.7294,-13.4895],[-39.6952,-13.5125],[-39.6686,-13.537],[-39.6403,-13.5052],[-39.6315,-13.471],[-39.5984,-13.4708],[-39.5694,-13.4773],[-39.5394,-13.513],[-39.5165,-13.5049],[-39.4955,-13.5316],[-39.4444,-13.5103],[-39.3711,-13.5439],[-39.3492,-13.5735],[-39.3601,-13.624],[-39.3546,-13.6682],[-39.3914,-13.6458],[-39.4245,-13.6541],[-39.4468,-13.6895],[-39.4398,-13.7245],[-39.3799,-13.7145],[-39.3637,-13.734],[-39.3187,-13.7264],[-39.2878,-13.737],[-39.3176,-13.77],[-39.3175,-13.8295],[-39.3562,-13.8356],[-39.3826,-13.8939],[-39.3988,-13.9086],[-39.3755,-13.9146],[-39.4049,-13.9899],[-39.4044,-14.0237],[-39.3554,-14.0459],[-39.3331,-14.1009],[-39.3461,-14.1482],[-39.2849,-14.1384],[-39.1979,-14.104],[-39.1433,-14.0916],[-39.0974,-14.1108],[-39.0208,-14.0998],[-38.9825,-14.0739],[-39.0047,-14.0322],[-38.9862,-13.973],[-39.0006,-13.9357],[-38.9861,-13.8921],[-38.9517,-13.8724],[-38.9678,-13.8488],[-38.9722,-13.8424],[-39.0003,-13.7757],[-38.9884,-13.7168],[-38.9685,-13.6721],[-38.9364,-13.658],[-38.8985,-13.666],[-38.9014,-13.6018],[-38.9274,-13.5772],[-38.9329,-13.546],[-38.917,-13.4838],[-38.8924,-13.4606],[-38.9056,-13.4273],[-38.9049,-13.3864],[-38.9508,-13.3899],[-38.9673,-13.3208],[-38.9564,-13.2635],[-38.9188,-13.2136],[-38.7975,-13.1375],[-38.7623,-13.1189],[-38.7126,-13.0611],[-38.6556,-13.0321],[-38.6433,-13.0153],[-38.5856,-13.0127],[-38.5611,-12.9327],[-38.5888,-12.8926],[-38.6749,-12.8454],[-38.6986,-12.8006],[-38.8019,-12.8385],[-38.8458,-12.8391],[-38.835,-12.8271],[-38.8205,-12.719],[-38.8168,-12.6649],[-38.7959,-12.6491],[-38.8232,-12.5669],[-38.8504,-12.5635],[-38.8808,-12.5225],[-38.9106,-12.5179],[-39.0073,-12.5691],[-39.0579,-12.5405],[-39.0885,-12.4957],[-39.1272,-12.4983],[-39.2057,-12.5129],[-39.2265,-12.5465],[-39.2765,-12.5374],[-39.3185,-12.5471],[-39.417,-12.616],[-39.4397,-12.6147],[-39.5388,-12.5788],[-39.5773,-12.5504],[-39.6351,-12.5828],[-39.6629,-12.5568],[-39.6934,-12.5617],[-39.7619,-12.5488],[-39.7918,-12.5576],[-39.787,-12.6149],[-39.8059,-12.6865],[-39.7973,-12.7049],[-39.8557,-12.7956],[-39.8942,-12.7534],[-39.9281,-12.8171],[-39.8998,-12.8746],[-39.9881,-12.9306],[-39.9911,-12.9632],[-40.0673,-12.9926],[-40.144,-12.9823],[-40.1992,-13.0487],[-40.1521,-13.107],[-40.1207,-13.1209],[-40.0538,-13.1144],[-39.9848,-13.1676],[-39.9444,-13.2151],[-39.9464,-13.1663],[-39.9228,-13.1617],[-39.8687,-13.1795],[-39.8315,-13.2055]]]},"properties":{"ibge_code":"2902","name":"Santo Antônio de Jesus","codarea":"2902","uf":"BA","uf_code":"29","macro_id":"2","macro_sigla":"NE"}},{"type":"Feature","geometry":{"type":"Polygon","coordinates":[[[-43.6617,-11.8652],[-43.7116,-11.871],[-43.6937,-11.8999],[-43.7601,-12.0037],[-43.7236,-12.0161],[-43.7317,-12.0481],[-43.7955,-12.0917],[-43.8239,-12.1252],[-43.8233,-12.1493],[-43.8646,-12.1605],[-43.9108,-12.2048],[-43.9289,-12.2432],[-43.913,-12.2564],[-43.8523,-12.2423],[-43.7818,-12.258],[-43.7673,-12.2807],[-43.7367,-12.2842],[-43.7107,-12.3222],[-43.7074,-12.3708],[-43.6794,-12.3895],[-43.5535,-12.5065],[-43.4436,-12.5514],[-43.239,-12.6304],[-43.2221,-12.6908],[-43.2013,-12.6739],[-43.1876,-12.62],[-43.2062,-12.5903],[-43.2069,-12.5433],[-43.258,-12.4309],[-43.2528,-12.3811],[-43.2039,-12.353],[-43.1195,-12.3282],[-43.0865,-12.3119],[-43.0631,-12.3475],[-43.0365,-12.3307],[-42.9723,-12.3325],[-42.9705,-12.376],[-42.9278,-12.4482],[-42.9531,-12.4708],[-42.9391,-12.5043],[-42.8886,-12.5416],[-42.8254,-12.5698],[-42.7717,-12.5577],[-42.6393,-12.5008],[-42.5894,-12.5099],[-42.533,-12.5468],[-42.4833,-12.5404],[-42.4428,-12.5067],[-42.3872,-12.4821],[-42.3531,-12.4575],[-42.3059,-12.4039],[-42.2538,-12.4081],[-42.2493,-12.3896],[-42.2702,-12.3111],[-42.1241,-12.2777],[-42.0889,-12.2915],[-42.0398,-12.2911],[-42.0583,-12.2451],[-42.0292,-12.2344],[-41.9849,-12.2914],[-41.9681,-12.2659],[-41.9698,-12.0922],[-41.945,-12.0793],[-41.9826,-12.0444],[-41.9495,-12.0222],[-41.9618,-11.9697],[-41.9933,-11.9652],[-41.997,-11.9069],[-42.0264,-11.8703],[-42.007,-11.832],[-42.0215,-11.8152],[-41.8821,-11.8913],[-41.6811,-11.9912],[-41.6305,-12.0125],[-41.4539,-12.099],[-41.4689,-12.108],[-41.4173,-12.145],[-41.3549,-12.1684],[-41.2751,-12.1487],[-41.2291,-12.1374],[-41.2207,-12.0928],[-41.2313,-12.0402],[-41.1956,-12.0117],[-41.1897,-11.9608],[-41.2233,-11.9187],[-41.1096,-11.9468],[-41.0861,-11.9192],[-41.0626,-11.9332],[-41.0249,-12.0022],[-40.9725,-12.0164],[-40.9205,-12.0144],[-40.8971,-11.9903],[-40.8996,-11.9781],[-40.9741,-11.8888],[-40.942,-11.8188],[-40.9016,-11.8108],[-40.8848,-11.7576],[-40.8494,-11.7763],[-40.8012,-11.7429],[-40.7926,-11.6945],[-40.7276,-11.5665],[-40.7026,-11.5479],[-40.7376,-11.5035],[-40.7983,-11.4772],[-40.8635,-11.4145],[-40.9461,-11.2851],[-41.1336,-11.1534],[-41.2402,-11.1463],[-41.2597,-11.1208],[-41.2947,-11.1153],[-41.3171,-11.0731],[-41.2968,-11.004],[-41.277,-10.988],[-41.2412,-10.9916],[-41.2338,-10.9567],[-41.2892,-10.9092],[-41.4277,-10.866],[-41.4611,-10.8316],[-41.4432,-10.8019],[-41.4777,-10.7556],[-41.5563,-10.743],[-41.5714,-10.7559],[-41.5749,-10.7794],[-41.6059,-10.8095],[-41.6628,-10.8112],[-41.6952,-10.7933],[-41.7139,-10.7415],[-41.7445,-10.7081],[-41.7691,-10.7222],[-41.822,-10.6977],[-41.9159,-10.6428],[-41.9983,-10.6418],[-42.0648,-10.5304],[-42.069,-10.4948],[-42.094,-10.4086],[-42.0919,-10.382],[-42.1337,-10.3444],[-42.1326,-10.313],[-42.1597,-10.2579],[-42.4055,-10.1851],[-42.4046,-10.2531],[-42.4374,-10.2719],[-42.4588,-10.3108],[-42.4645,-10.3822],[-42.57,-10.4704],[-42.5872,-10.5451],[-42.6192,-10.5686],[-42.9417,-10.4066],[-43.2793,-10.237],[-43.3847,-10.24],[-43.4679,-10.2347],[-43.5067,-10.2489],[-43.5837,-10.2482],[-43.5959,-10.2679],[-43.6508,-10.3056],[-43.6647,-10.3263],[-43.6611,-10.374],[-43.726,-10.3562],[-43.7708,-10.3931],[-43.9159,-10.3931],[-43.9367,-10.4361],[-43.9902,-10.418],[-44.0278,-10.4125],[-44.0358,-10.4447],[-44.0258,-10.4755],[-44.051,-10.5062],[-44.0721,-10.5799],[-44.0834,-10.5891],[-44.0582,-10.6218],[-43.997,-10.6405],[-43.9895,-10.6692],[-43.9411,-10.7165],[-43.9202,-10.7785],[-43.9177,-10.8375],[-43.9007,-10.8571],[-43.9233,-10.8974],[-43.9574,-10.9282],[-44.0172,-10.9415],[-44.0252,-10.9557],[-43.9601,-11.0506],[-43.9261,-11.0819],[-43.9081,-11.1243],[-43.8617,-11.2808],[-43.8299,-11.349],[-43.7971,-11.4586],[-43.7705,-11.587],[-43.7382,-11.6757],[-43.7068,-11.7288],[-43.6785,-11.7939],[-43.6617,-11.8652]]]},"properties":{"ibge_code":"2907","name":"Irecê","codarea":"2907","uf":"BA","uf_code":"29","macro_id":"2","macro_sigla":"NE"}},{"type":"Feature","geometry":{"type":"Polygon","coordinates":[[[-39.7343,-10.0892],[-39.7159,-10.0674],[-39.6536,-10.1001],[-39.6366,-10.1214],[-39.564,-10.1241],[-39.5409,-10.1489],[-39.5257,-10.1884],[-39.4549,-10.1724],[-39.3714,-10.1718],[-39.3223,-10.1965],[-39.2668,-10.1927],[-39.2554,-10.1469],[-39.2634,-10.0871],[-39.2348,-10.0314],[-39.221,-10.0251],[-39.204,-9.962],[-39.201,-9.8386],[-39.2216,-9.7921],[-39.2138,-9.765],[-39.2354,-9.7203],[-39.2116,-9.6457],[-39.2237,-9.6346],[-39.281,-9.6347],[-39.3308,-9.5944],[-39.3596,-9.6157],[-39.4135,-9.5418],[-39.4454,-9.5104],[-39.4339,-9.4573],[-39.4043,-9.4451],[-39.408,-9.3619],[-39.3893,-9.3178],[-39.3574,-9.2874],[-39.3723,-9.2265],[-39.3512,-9.1573],[-39.4082,-9.1331],[-39.4685,-8.9762],[-39.4916,-8.8359],[-39.3736,-8.5633],[-39.3568,-8.5475],[-39.3798,-8.5328],[-39.4521,-8.5632],[-39.4761,-8.5928],[-39.5186,-8.6039],[-39.6145,-8.6575],[-39.646,-8.6597],[-39.6888,-8.6609],[-39.693,-8.6805],[-39.6738,-8.7455],[-39.6733,-8.7849],[-39.6951,-8.7996],[-39.7478,-8.794],[-39.7888,-8.8191],[-39.82,-8.8135],[-39.893,-8.8288],[-39.9013,-8.8642],[-39.8794,-8.9019],[-39.8744,-8.9367],[-39.8888,-8.9658],[-39.9555,-9.0462],[-39.9784,-9.0549],[-40.0049,-9.0598],[-40.0656,-9.0631],[-40.1299,-9.1103],[-40.1597,-9.1079],[-40.2088,-9.0638],[-40.239,-9.0544],[-40.2732,-9.0824],[-40.2933,-9.1467],[-40.2862,-9.1856],[-40.3095,-9.2755],[-40.3564,-9.377],[-40.3913,-9.3722],[-40.4181,-9.3521],[-40.4393,-9.3683],[-40.4678,-9.4206],[-40.5107,-9.4072],[-40.5418,-9.426],[-40.5558,-9.4579],[-40.6232,-9.4829],[-40.6813,-9.4672],[-40.7152,-9.4488],[-40.7672,-9.4454],[-40.7431,-9.4029],[-40.7465,-9.3711],[-40.7201,-9.3059],[-40.6872,-9.2783],[-40.6934,-9.2313],[-40.6699,-9.1861],[-40.6851,-9.1376],[-40.7099,-9.1409],[-40.8041,-9.0983],[-40.821,-9.0799],[-40.851,-8.9542],[-40.8812,-8.9156],[-40.8964,-8.871],[-40.9213,-8.8354],[-40.959,-8.842],[-40.9791,-8.8234],[-41.0212,-8.8436],[-41.0362,-8.7859],[-41.1034,-8.7804],[-41.129,-8.7434],[-41.1313,-8.7043],[-41.1764,-8.7112],[-41.2253,-8.7047],[-41.2783,-8.7353],[-41.3344,-8.7277],[-41.3583,-8.7076],[-41.3813,-8.7073],[-41.4114,-8.7744],[-41.4722,-8.8431],[-41.4878,-8.8439],[-41.5414,-8.9336],[-41.5458,-8.9617],[-41.6058,-8.9574],[-41.6334,-8.986],[-41.6694,-8.9901],[-41.6888,-9.014],[-41.7308,-9.028],[-41.7327,-9.0877],[-41.8001,-9.148],[-41.838,-9.2423],[-41.8547,-9.2407],[-41.8705,-9.2374],[-41.9216,-9.2788],[-41.9723,-9.2486],[-41.9999,-9.266],[-42.0187,-9.2505],[-42.0692,-9.2575],[-42.095,-9.2786],[-42.1345,-9.2872],[-42.2261,-9.2833],[-42.2689,-9.3104],[-42.3161,-9.3166],[-42.357,-9.3526],[-42.3647,-9.3821],[-42.4185,-9.4094],[-42.4486,-9.4612],[-42.4815,-9.4589],[-42.4931,-9.4949],[-42.5147,-9.5018],[-42.5904,-9.4984],[-42.6029,-9.5168],[-42.6196,-9.5393],[-42.6901,-9.5459],[-42.7162,-9.5544],[-42.7577,-9.5893],[-42.77,-9.6192],[-42.8206,-9.6192],[-42.8282,-9.5605],[-42.8767,-9.5616],[-42.904,-9.5268],[-42.9438,-9.5208],[-42.9595,-9.4797],[-42.9587,-9.4284],[-42.9879,-9.4013],[-43.0401,-9.4147],[-43.0593,-9.397],[-43.0745,-9.4],[-43.1219,-9.3729],[-43.1615,-9.3793],[-43.1939,-9.4207],[-43.2186,-9.4006],[-43.2851,-9.42],[-43.2932,-9.401],[-43.3764,-9.3489],[-43.3952,-9.3143],[-43.4381,-9.2661],[-43.4975,-9.2725],[-43.5409,-9.3082],[-43.579,-9.3204],[-43.606,-9.3516],[-43.6216,-9.3715],[-43.6891,-9.4197],[-43.7514,-9.4341],[-43.7822,-9.4527],[-43.7862,-9.4576],[-43.8379,-9.5252],[-43.8526,-9.5621],[-43.8415,-9.586],[-43.842,-9.6374],[-43.7945,-9.705],[-43.7849,-9.7624],[-43.6648,-9.8237],[-43.6525,-9.8436],[-43.6774,-9.8865],[-43.709,-9.9132],[-43.6905,-9.9417],[-43.6969,-9.9741],[-43.6652,-9.991],[-43.6695,-10.0308],[-43.6927,-10.0594],[-43.6991,-10.0778],[-43.7592,-10.0746],[-43.7848,-10.1917],[-43.8373,-10.2501],[-43.8369,-10.3022],[-43.8951,-10.3545],[-43.9159,-10.3931],[-43.7708,-10.3931],[-43.726,-10.3562],[-43.6611,-10.374],[-43.6647,-10.3263],[-43.6508,-10.3056],[-43.5959,-10.2679],[-43.5837,-10.2482],[-43.5067,-10.2489],[-43.4679,-10.2347],[-43.3847,-10.24],[-43.2793,-10.237],[-42.9417,-10.4066],[-42.6192,-10.5686],[-42.5872,-10.5451],[-42.57,-10.4704],[-42.4645,-10.3822],[-42.4588,-10.3108],[-42.4374,-10.2719],[-42.4046,-10.2531],[-42.4055,-10.1851],[-42.1597,-10.2579],[-42.1326,-10.313],[-42.1337,-10.3444],[-42.0919,-10.382],[-42.094,-10.4086],[-42.069,-10.4948],[-42.0648,-10.5304],[-41.9983,-10.6418],[-41.9159,-10.6428],[-41.822,-10.6977],[-41.7691,-10.7222],[-41.7445,-10.7081],[-41.7139,-10.7415],[-41.6952,-10.7933],[-41.6628,-10.8112],[-41.6059,-10.8095],[-41.5749,-10.7794],[-41.5714,-10.7559],[-41.5913,-10.7313],[-41.533,-10.6794],[-41.5086,-10.6705],[-41.503,-10.632],[-41.4718,-10.6282],[-41.4628,-10.6032],[-41.4015,-10.5737],[-41.3815,-10.5187],[-41.4506,-10.4893],[-41.4731,-10.4654],[-41.4467,-10.442],[-41.3786,-10.4172],[-41.3615,-10.37],[-41.2883,-10.3357],[-41.2779,-10.3472],[-41.2561,-10.3624],[-41.2558,-10.4144],[-41.2249,-10.4539],[-41.1816,-10.4309],[-41.1069,-10.4667],[-41.0341,-10.4488],[-40.9672,-10.4514],[-40.9412,-10.5096],[-40.8779,-10.5227],[-40.9166,-10.5529],[-40.9347,-10.6053],[-40.8787,-10.5906],[-40.7627,-10.5925],[-40.7471,-10.6336],[-40.5957,-10.6835],[-40.5464,-10.6623],[-40.5492,-10.6996],[-40.5072,-10.713],[-40.4785,-10.6908],[-40.4757,-10.7637],[-40.4454,-10.7521],[-40.4094,-10.7954],[-40.3029,-10.8149],[-40.2676,-10.8432],[-40.2415,-10.8471],[-40.2477,-10.9106],[-40.2111,-10.9658],[-40.1859,-10.9765],[-40.1401,-11.0185],[-40.0899,-11.0796],[-40.0594,-11.0955],[-39.9902,-11.1626],[-39.9819,-11.1512],[-40.0245,-10.9809],[-40.0081,-10.9166],[-40.0189,-10.884],[-39.9995,-10.8837],[-39.9235,-10.9176],[-39.8696,-10.9033],[-39.8257,-10.9391],[-39.7816,-10.9551],[-39.6694,-10.947],[-39.6276,-10.915],[-39.626,-10.8747],[-39.6817,-10.7859],[-39.7095,-10.7197],[-39.6978,-10.6709],[-39.7441,-10.6426],[-39.7682,-10.5386],[-39.7524,-10.4393],[-39.7313,-10.4101],[-39.7393,-10.349],[-39.714,-10.3191],[-39.7167,-10.278],[-39.7374,-10.2288],[-39.7287,-10.1156],[-39.7343,-10.0892]]]},"properties":{"ibge_code":"2908","name":"Juazeiro","codarea":"2908","uf":"BA","uf_code":"29","macro_id":"2","macro_sigla":"NE"}},{"type":"Feature","geometry":{"type":"Polygon","coordinates":[[[-46.3889,-12.0488],[-46.3712,-12.0997],[-46.3925,-12.1706],[-46.3696,-12.2317],[-46.3883,-12.2491],[-46.3491,-12.2991],[-46.3703,-12.3475],[-46.3452,-12.3662],[-46.3003,-12.3636],[-46.3226,-12.4062],[-46.2705,-12.4316],[-46.266,-12.4987],[-46.1982,-12.504],[-46.1983,-12.5041],[-46.2699,-12.5509],[-46.2758,-12.5944],[-46.3071,-12.6367],[-46.2678,-12.6506],[-46.3025,-12.6847],[-46.2681,-12.7162],[-46.2824,-12.7639],[-46.3105,-12.7955],[-46.2736,-12.816],[-46.3005,-12.8572],[-46.2907,-12.9005],[-46.3079,-12.9417],[-46.2647,-12.9397],[-46.2215,-12.9502],[-46.1674,-12.9282],[-46.113,-12.918],[-46.1247,-12.9598],[-46.1938,-12.9968],[-46.2755,-13.0202],[-46.2987,-13.0638],[-46.329,-13.0998],[-46.2996,-13.1281],[-46.3055,-13.2517],[-46.2925,-13.3169],[-46.1749,-13.277],[-46.1032,-13.2575],[-46.0683,-13.2954],[-46.0733,-13.3114],[-46.1355,-13.3755],[-46.1917,-13.41],[-46.232,-13.4186],[-46.209,-13.4656],[-46.2332,-13.4817],[-46.2473,-13.5217],[-46.2317,-13.5832],[-46.1996,-13.5725],[-46.1627,-13.6036],[-46.2164,-13.636],[-46.2562,-13.6842],[-46.2357,-13.7081],[-46.2543,-13.735],[-46.2229,-13.7654],[-46.2775,-13.7909],[-46.2325,-13.8486],[-46.2568,-13.8872],[-46.2642,-13.9474],[-46.2201,-13.9754],[-46.2121,-14.0101],[-46.227,-14.049],[-46.2215,-14.1068],[-46.1869,-14.1531],[-46.1163,-14.1616],[-46.0983,-14.1967],[-46.061,-14.1955],[-46.0601,-14.2319],[-46.0296,-14.2595],[-45.9954,-14.2562],[-45.9644,-14.2843],[-45.9422,-14.3433],[-45.9072,-14.3552],[-45.9317,-14.409],[-46.0001,-14.4466],[-46.019,-14.4721],[-45.9961,-14.4884],[-46.004,-14.5146],[-45.9814,-14.5319],[-45.9979,-14.6036],[-45.985,-14.6191],[-45.9917,-14.662],[-46.021,-14.6699],[-46.0251,-14.6781],[-46.0055,-14.689],[-45.9971,-14.7413],[-46.0026,-14.7958],[-46.0412,-14.8265],[-46.0253,-14.8558],[-46.0394,-14.8753],[-46.0376,-14.8747],[-46.0039,-14.9023],[-45.9661,-14.9656],[-45.975,-15.0369],[-46.0437,-15.1181],[-46.0478,-15.1637],[-46.1165,-15.2048],[-46.0971,-15.2431],[-46.0581,-15.2627],[-46.0295,-15.2018],[-45.9845,-15.196],[-45.9606,-15.1439],[-45.9187,-15.1334],[-45.8722,-15.1588],[-45.8117,-15.1128],[-45.7398,-15.1204],[-45.6732,-15.0778],[-45.65,-15.0238],[-45.6169,-15.0141],[-45.5943,-14.9785],[-45.5361,-14.9381],[-45.4901,-14.9608],[-45.4553,-14.9491],[-45.4352,-14.9226],[-45.4103,-14.9234],[-45.3689,-14.8904],[-45.364,-14.8717],[-45.3057,-14.8337],[-45.243,-14.7864],[-45.2056,-14.7447],[-45.1665,-14.7353],[-45.0958,-14.753],[-45.0651,-14.7309],[-45.0477,-14.6905],[-44.9957,-14.6678],[-44.981,-14.6456],[-44.8692,-14.5934],[-44.8108,-14.5031],[-44.7414,-14.4671],[-44.6589,-14.3958],[-44.5992,-14.3681],[-44.5661,-14.3414],[-44.5108,-14.3227],[-44.4883,-14.3286],[-44.4118,-14.2816],[-44.4272,-14.2703],[-44.4617,-14.1945],[-44.4276,-14.1345],[-44.4187,-14.1012],[-44.3908,-14.0756],[-44.3796,-14.0444],[-44.3161,-14.0441],[-44.2771,-14.0315],[-44.2528,-13.9716],[-44.1951,-13.9264],[-44.1073,-13.9851],[-44.1113,-13.9526],[-44.0937,-13.9145],[-44.0656,-13.9446],[-44.0369,-13.904],[-44.0403,-13.8781],[-44.0131,-13.8536],[-44.029,-13.7927],[-43.9676,-13.8353],[-43.9492,-13.7942],[-43.9201,-13.8041],[-43.9018,-13.7615],[-43.8367,-13.746],[-43.8143,-13.7084],[-43.9331,-13.6563],[-43.8788,-13.6048],[-43.8215,-13.4891],[-43.8956,-13.4728],[-43.9077,-13.4306],[-43.893,-13.3645],[-43.8637,-13.3037],[-43.8572,-13.2621],[-43.8044,-13.2199],[-43.7721,-13.2191],[-43.7061,-13.1878],[-43.678,-13.1688],[-43.6402,-13.1848],[-43.6467,-13.1371],[-43.6816,-13.1159],[-43.6864,-12.9332],[-43.6597,-12.937],[-43.5713,-12.9148],[-43.5515,-12.8626],[-43.5364,-12.6369],[-43.4436,-12.5514],[-43.5535,-12.5065],[-43.6794,-12.3895],[-43.7074,-12.3708],[-43.7107,-12.3222],[-43.7367,-12.2842],[-43.7673,-12.2807],[-43.7818,-12.258],[-43.8523,-12.2423],[-43.913,-12.2564],[-43.9289,-12.2432],[-43.9108,-12.2048],[-43.8646,-12.1605],[-43.8233,-12.1493],[-43.8239,-12.1252],[-43.7955,-12.0917],[-43.7317,-12.0481],[-43.7236,-12.0161],[-43.7601,-12.0037],[-43.6937,-11.8999],[-43.7116,-11.871],[-43.6617,-11.8652],[-43.6785,-11.7939],[-43.7068,-11.7288],[-43.7382,-11.6757],[-43.7705,-11.587],[-43.7971,-11.4586],[-43.8299,-11.349],[-43.8617,-11.2808],[-43.9081,-11.1243],[-43.9261,-11.0819],[-43.9601,-11.0506],[-44.0252,-10.9557],[-44.0172,-10.9415],[-43.9574,-10.9282],[-43.9233,-10.8974],[-43.9007,-10.8571],[-43.9177,-10.8375],[-43.9202,-10.7785],[-43.9411,-10.7165],[-43.9895,-10.6692],[-43.997,-10.6405],[-44.0582,-10.6218],[-44.0834,-10.5891],[-44.1106,-10.5972],[-44.1393,-10.6399],[-44.1655,-10.6429],[-44.2184,-10.6152],[-44.2667,-10.6232],[-44.3145,-10.5574],[-44.3444,-10.5497],[-44.3923,-10.6007],[-44.4518,-10.6066],[-44.5005,-10.6497],[-44.5778,-10.6268],[-44.627,-10.6756],[-44.6688,-10.6871],[-44.6668,-10.7589],[-44.7146,-10.7617],[-44.7881,-10.8085],[-44.8083,-10.8661],[-44.8471,-10.9011],[-44.8638,-10.8852],[-44.9312,-10.9288],[-44.9447,-10.919],[-44.973,-10.8923],[-45.0166,-10.8846],[-45.0515,-10.8514],[-45.0821,-10.8395],[-45.1579,-10.8392],[-45.246,-10.8225],[-45.2685,-10.7762],[-45.3297,-10.7556],[-45.3582,-10.7322],[-45.3691,-10.6799],[-45.3852,-10.6516],[-45.4145,-10.6451],[-45.4373,-10.6156],[-45.4474,-10.5094],[-45.4003,-10.4631],[-45.396,-10.445],[-45.4288,-10.4139],[-45.4303,-10.3595],[-45.4907,-10.301],[-45.5224,-10.2767],[-45.5234,-10.2441],[-45.5566,-10.2169],[-45.5716,-10.1809],[-45.5675,-10.1395],[-45.6032,-10.108],[-45.6902,-10.1554],[-45.7235,-10.1554],[-45.702,-10.1794],[-45.6993,-10.2586],[-45.7269,-10.3125],[-45.7982,-10.3232],[-45.8202,-10.4561],[-45.8709,-10.5033],[-45.9292,-10.5216],[-46.0608,-10.6002],[-46.1276,-10.6206],[-46.1608,-10.6594],[-46.1503,-10.6916],[-46.1652,-10.7225],[-46.1926,-10.7428],[-46.2061,-10.7978],[-46.2264,-10.7829],[-46.2605,-10.812],[-46.2673,-10.9348],[-46.3416,-10.939],[-46.553,-11.2654],[-46.5765,-11.342],[-46.5599,-11.3716],[-46.5315,-11.3766],[-46.5237,-11.4636],[-46.4393,-11.521],[-46.3504,-11.5062],[-46.2505,-11.5367],[-46.2095,-11.5853],[-46.1128,-11.606],[-46.0809,-11.624],[-46.1445,-11.6243],[-46.1551,-11.6502],[-46.2265,-11.6363],[-46.244,-11.6054],[-46.3411,-11.6102],[-46.3279,-11.6763],[-46.3078,-11.6866],[-46.3421,-11.7375],[-46.3736,-11.7682],[-46.3376,-11.794],[-46.3376,-11.8131],[-46.373,-11.8323],[-46.3805,-11.867],[-46.3068,-11.9137],[-46.2477,-11.9193],[-46.3363,-11.9544],[-46.3639,-11.9909],[-46.4219,-12.0286],[-46.3889,-12.0488]]]},"properties":{"ibge_code":"2906","name":"Barreiras","codarea":"2906","uf":"BA","uf_code":"29","macro_id":"2","macro_sigla":"NE"}},{"type":"Feature","geometry":{"type":"Polygon","coordinates":[[[-43.7061,-13.1878],[-43.7721,-13.2191],[-43.8044,-13.2199],[-43.8572,-13.2621],[-43.8637,-13.3037],[-43.893,-13.3645],[-43.9077,-13.4306],[-43.8956,-13.4728],[-43.8215,-13.4891],[-43.8788,-13.6048],[-43.9331,-13.6563],[-43.8143,-13.7084],[-43.8367,-13.746],[-43.9018,-13.7615],[-43.9201,-13.8041],[-43.9492,-13.7942],[-43.9676,-13.8353],[-44.029,-13.7927],[-44.0131,-13.8536],[-44.0403,-13.8781],[-44.0369,-13.904],[-44.0656,-13.9446],[-44.0937,-13.9145],[-44.1113,-13.9526],[-44.1073,-13.9851],[-44.1951,-13.9264],[-44.2528,-13.9716],[-44.2771,-14.0315],[-44.3161,-14.0441],[-44.3796,-14.0444],[-44.3908,-14.0756],[-44.4187,-14.1012],[-44.4276,-14.1345],[-44.4617,-14.1945],[-44.4272,-14.2703],[-44.4118,-14.2816],[-44.3616,-14.2728],[-44.3406,-14.2494],[-44.296,-14.2532],[-44.2091,-14.2467],[-44.1704,-14.2687],[-44.1073,-14.2591],[-44.0457,-14.2838],[-43.9966,-14.2657],[-43.9619,-14.291],[-43.8973,-14.299],[-43.8809,-14.3118],[-43.8284,-14.3157],[-43.7832,-14.3392],[-43.8184,-14.3877],[-43.832,-14.443],[-43.8703,-14.5131],[-43.8812,-14.5624],[-43.8746,-14.6368],[-43.8469,-14.6721],[-43.7122,-14.7153],[-43.615,-14.7599],[-43.5863,-14.7501],[-43.5416,-14.7791],[-43.531,-14.8154],[-43.5308,-14.8155],[-43.487,-14.7903],[-43.4613,-14.7462],[-43.4242,-14.7201],[-43.2451,-14.6565],[-43.175,-14.6511],[-43.0915,-14.6833],[-43.0367,-14.6831],[-43.0109,-14.7017],[-42.9527,-14.7084],[-42.9112,-14.7457],[-42.8721,-14.7647],[-42.8724,-14.7754],[-42.7955,-14.8373],[-42.7551,-14.8464],[-42.7472,-14.8678],[-42.7069,-14.8812],[-42.6486,-14.93],[-42.6187,-14.9397],[-42.5856,-14.9316],[-42.5607,-14.9623],[-42.5157,-14.9829],[-42.479,-15.0142],[-42.4436,-15.0206],[-42.4429,-15.0613],[-42.4011,-15.0772],[-42.3719,-15.0736],[-42.3549,-15.0982],[-42.3237,-15.0936],[-42.2776,-15.1137],[-42.2926,-15.0876],[-42.2786,-15.055],[-42.227,-15.0446],[-42.209,-15.0225],[-42.2103,-14.9906],[-42.239,-14.9422],[-42.1764,-14.8221],[-42.1289,-14.8125],[-42.089,-14.8255],[-42.0607,-14.8503],[-42.0466,-14.8065],[-42.0513,-14.7472],[-42.0683,-14.7166],[-42.0532,-14.6912],[-42.0305,-14.6611],[-41.9661,-14.6995],[-41.9266,-14.7042],[-41.901,-14.7389],[-41.8763,-14.6921],[-41.8451,-14.5761],[-41.8737,-14.5688],[-41.8541,-14.5344],[-41.8092,-14.5329],[-41.7933,-14.468],[-41.836,-14.4651],[-41.9318,-14.4194],[-41.9508,-14.3717],[-41.9673,-14.2928],[-41.9806,-14.2867],[-41.9685,-14.234],[-41.9943,-14.1673],[-42.016,-14.1189],[-42.087,-14.0569],[-42.135,-13.9761],[-42.1521,-13.9275],[-42.1519,-13.8607],[-42.1735,-13.8457],[-42.2136,-13.8505],[-42.2513,-13.8015],[-42.335,-13.7725],[-42.3081,-13.7483],[-42.2213,-13.7],[-42.1847,-13.6951],[-42.1928,-13.6684],[-42.2574,-13.6076],[-42.3105,-13.6026],[-42.3584,-13.6263],[-42.3658,-13.5927],[-42.4053,-13.5799],[-42.4147,-13.5376],[-42.435,-13.5243],[-42.4394,-13.4903],[-42.463,-13.4395],[-42.4059,-13.4022],[-42.4091,-13.3475],[-42.4343,-13.2862],[-42.4198,-13.2746],[-42.4437,-13.2328],[-42.4445,-13.1846],[-42.4323,-13.1413],[-42.4014,-13.1367],[-42.3916,-13.0853],[-42.37,-13.0597],[-42.3812,-13.0484],[-42.3549,-13.034],[-42.2869,-13.0309],[-42.2475,-12.9772],[-42.212,-12.9835],[-42.168,-12.9598],[-42.2104,-12.9158],[-42.265,-12.727],[-42.297,-12.7035],[-42.3265,-12.7148],[-42.3691,-12.7126],[-42.3953,-12.697],[-42.4491,-12.6872],[-42.4831,-12.7122],[-42.5172,-12.7117],[-42.5321,-12.6911],[-42.5738,-12.6873],[-42.6275,-12.6265],[-42.6303,-12.5939],[-42.6557,-12.5194],[-42.6393,-12.5008],[-42.7717,-12.5577],[-42.8254,-12.5698],[-42.8886,-12.5416],[-42.9391,-12.5043],[-42.9531,-12.4708],[-42.9278,-12.4482],[-42.9705,-12.376],[-42.9723,-12.3325],[-43.0365,-12.3307],[-43.0631,-12.3475],[-43.0865,-12.3119],[-43.1195,-12.3282],[-43.2039,-12.353],[-43.2528,-12.3811],[-43.258,-12.4309],[-43.2069,-12.5433],[-43.2062,-12.5903],[-43.1876,-12.62],[-43.2013,-12.6739],[-43.2221,-12.6908],[-43.239,-12.6304],[-43.4436,-12.5514],[-43.5364,-12.6369],[-43.5515,-12.8626],[-43.5713,-12.9148],[-43.6597,-12.937],[-43.6864,-12.9332],[-43.6816,-13.1159],[-43.6467,-13.1371],[-43.6402,-13.1848],[-43.678,-13.1688],[-43.7061,-13.1878]]]},"properties":{"ibge_code":"2905","name":"Guanambi","codarea":"2905","uf":"BA","uf_code":"29","macro_id":"2","macro_sigla":"NE"}},{"type":"Feature","geometry":{"type":"Polygon","coordinates":[[[-47.6797,-18.3561],[-47.694,-18.375],[-47.737,-18.3626],[-47.7695,-18.4183],[-47.8297,-18.4113],[-47.8605,-18.4402],[-47.8646,-18.4491],[-47.8879,-18.4772],[-47.9143,-18.4666],[-47.9546,-18.5],[-47.9967,-18.4535],[-48.027,-18.4361],[-48.0475,-18.4176],[-48.0941,-18.431],[-48.1465,-18.4095],[-48.1594,-18.3755],[-48.2215,-18.362],[-48.2272,-18.346],[-48.2718,-18.3294],[-48.3181,-18.3671],[-48.3418,-18.3708],[-48.4,-18.3728],[-48.442,-18.3566],[-48.4695,-18.3707],[-48.5156,-18.3664],[-48.5545,-18.3469],[-48.5614,-18.3239],[-48.6538,-18.3428],[-48.7423,-18.3525],[-48.7577,-18.3448],[-48.828,-18.3752],[-48.8321,-18.3461],[-48.9177,-18.3059],[-48.9595,-18.3235],[-49.006,-18.3744],[-49.0296,-18.3688],[-49.0538,-18.4026],[-49.0791,-18.4167],[-49.1263,-18.3843],[-49.1593,-18.4167],[-49.2108,-18.4233],[-49.2014,-18.4612],[-49.2284,-18.4792],[-49.2493,-18.5228],[-49.2856,-18.5363],[-49.2927,-18.5639],[-49.3275,-18.5622],[-49.3734,-18.6348],[-49.4057,-18.6451],[-49.4862,-18.5323],[-49.4998,-18.491],[-49.5457,-18.4995],[-49.5476,-18.5396],[-49.642,-18.5552],[-49.6526,-18.5736],[-49.723,-18.6094],[-49.7577,-18.6097],[-49.7946,-18.6438],[-49.8893,-18.6099],[-49.9317,-18.624],[-49.9815,-18.6046],[-50.0288,-18.6015],[-50.0502,-18.6435],[-50.0798,-18.6719],[-50.1643,-18.6644],[-50.1989,-18.6791],[-50.27,-18.6842],[-50.3145,-18.7007],[-50.3523,-18.7603],[-50.3703,-18.8044],[-50.4235,-18.8327],[-50.4434,-18.8941],[-50.4732,-18.9214],[-50.5119,-18.952],[-50.4951,-19.0129],[-50.5031,-19.0469],[-50.5352,-19.0989],[-50.5865,-19.1395],[-50.6457,-19.1348],[-50.6745,-19.1363],[-50.6825,-19.1756],[-50.7331,-19.187],[-50.7404,-19.2132],[-50.6481,-19.2145],[-50.6136,-19.2317],[-50.5843,-19.2277],[-50.5462,-19.245],[-50.5147,-19.2737],[-50.5168,-19.26],[-50.4645,-19.2331],[-50.4282,-19.2364],[-50.4012,-19.2223],[-50.3212,-19.2336],[-50.2364,-19.2813],[-50.1733,-19.3048],[-50.1906,-19.3749],[-50.1708,-19.4191],[-50.1903,-19.5118],[-50.2145,-19.5593],[-50.16,-19.6292],[-50.1162,-19.7508],[-50.0909,-19.7695],[-50.0291,-19.7605],[-50.0144,-19.7266],[-49.9838,-19.6946],[-49.946,-19.7288],[-49.9205,-19.7266],[-49.8689,-19.67],[-49.8679,-19.6361],[-49.8343,-19.6026],[-49.7745,-19.6545],[-49.6785,-19.6606],[-49.6304,-19.6764],[-49.5728,-19.6799],[-49.5084,-19.6678],[-49.4837,-19.6356],[-49.4751,-19.5597],[-49.4323,-19.5333],[-49.3653,-19.5394],[-49.3651,-19.5391],[-49.2963,-19.5386],[-49.2834,-19.5507],[-49.1635,-19.6035],[-49.0995,-19.5981],[-49.0845,-19.5778],[-49.0328,-19.582],[-48.9597,-19.574],[-48.9074,-19.583],[-48.8625,-19.619],[-48.844,-19.5905],[-48.7933,-19.6044],[-48.745,-19.6],[-48.749,-19.5555],[-48.6901,-19.5341],[-48.6055,-19.5384],[-48.5918,-19.5508],[-48.5458,-19.5425],[-48.5152,-19.5198],[-48.4945,-19.5294],[-48.4438,-19.5161],[-48.4092,-19.4833],[-48.4174,-19.4598],[-48.3993,-19.4103],[-48.3552,-19.4118],[-48.3475,-19.3684],[-48.3092,-19.2843],[-48.2679,-19.2378],[-48.2253,-19.2169],[-48.2291,-19.1903],[-48.1495,-19.1584],[-48.0893,-19.2151],[-48.0889,-19.2394],[-48.0031,-19.2535],[-47.9887,-19.3112],[-47.9592,-19.337],[-47.9485,-19.2938],[-47.903,-19.2642],[-47.9034,-19.2106],[-47.9206,-19.1347],[-47.9135,-19.0966],[-47.8905,-19.1071],[-47.8526,-19.0939],[-47.8194,-19.0892],[-47.8006,-19.0385],[-47.7655,-19.0298],[-47.7347,-19.0514],[-47.6938,-19.0542],[-47.6704,-19.0353],[-47.6662,-18.999],[-47.7088,-18.9228],[-47.6705,-18.9416],[-47.6061,-19.0162],[-47.573,-19.0129],[-47.595,-19.0451],[-47.5703,-19.106],[-47.5584,-19.0975],[-47.4703,-19.1192],[-47.4409,-19.1387],[-47.3895,-19.1276],[-47.3601,-19.0328],[-47.341,-19.0173],[-47.3395,-18.9594],[-47.3133,-18.9322],[-47.2792,-18.927],[-47.3146,-18.7846],[-47.2775,-18.7268],[-47.3392,-18.6792],[-47.3485,-18.6436],[-47.3319,-18.5884],[-47.2967,-18.5532],[-47.3296,-18.5355],[-47.3326,-18.5048],[-47.3148,-18.4621],[-47.3129,-18.4227],[-47.3598,-18.3465],[-47.347,-18.3175],[-47.3812,-18.2617],[-47.3706,-18.224],[-47.4108,-18.2208],[-47.4298,-18.1652],[-47.4511,-18.1595],[-47.497,-18.199],[-47.5395,-18.2169],[-47.5675,-18.2111],[-47.607,-18.2462],[-47.6328,-18.2916],[-47.6102,-18.3157],[-47.6797,-18.3561]]]},"properties":{"ibge_code":"3111","name":"Uberlândia","codarea":"3111","uf":"MG","uf_code":"31","macro_id":"3","macro_sigla":"SE"}},{"type":"Feature","geometry":{"type":"Polygon","coordinates":[[[-45.8902,-20.2172],[-45.8665,-20.2315],[-45.8203,-20.2888],[-45.8011,-20.3081],[-45.8345,-20.3524],[-45.8346,-20.3583],[-45.8359,-20.4246],[-45.8889,-20.4548],[-45.8901,-20.5408],[-45.9222,-20.5379],[-45.9676,-20.5881],[-45.9284,-20.6042],[-45.8766,-20.6499],[-45.8318,-20.6667],[-45.7885,-20.7172],[-45.7589,-20.7118],[-45.7337,-20.7347],[-45.6137,-20.7031],[-45.5861,-20.687],[-45.5123,-20.6964],[-45.4857,-20.6714],[-45.4109,-20.6586],[-45.3572,-20.6739],[-45.3173,-20.6563],[-45.2935,-20.6705],[-45.2603,-20.6509],[-45.2226,-20.6672],[-45.1467,-20.6683],[-45.1454,-20.6996],[-45.1048,-20.7165],[-45.0852,-20.7443],[-45.0687,-20.7629],[-45.0565,-20.8169],[-45.0392,-20.8093],[-44.9613,-20.8092],[-44.9056,-20.7946],[-44.8718,-20.808],[-44.8362,-20.8642],[-44.805,-20.8976],[-44.7805,-20.9028],[-44.7555,-20.8746],[-44.7339,-20.8914],[-44.7091,-20.8489],[-44.6411,-20.8563],[-44.6108,-20.8116],[-44.5685,-20.8047],[-44.5151,-20.834],[-44.4751,-20.7933],[-44.4477,-20.7863],[-44.4294,-20.7662],[-44.4213,-20.7125],[-44.3942,-20.6909],[-44.4029,-20.6674],[-44.3606,-20.6373],[-44.3572,-20.6081],[-44.3339,-20.6147],[-44.3156,-20.5855],[-44.304,-20.5527],[-44.2153,-20.5165],[-44.1802,-20.5229],[-44.1587,-20.5112],[-44.1738,-20.4927],[-44.1455,-20.4639],[-44.1516,-20.4219],[-44.1566,-20.3517],[-44.1217,-20.3078],[-44.1178,-20.2503],[-44.1404,-20.2485],[-44.164,-20.217],[-44.1951,-20.2368],[-44.218,-20.229],[-44.2668,-20.2506],[-44.2865,-20.1789],[-44.3162,-20.1799],[-44.3508,-20.1597],[-44.3378,-20.1196],[-44.3544,-20.1213],[-44.4047,-20.1276],[-44.445,-20.1477],[-44.5006,-20.0726],[-44.4987,-20.0133],[-44.5163,-19.981],[-44.5419,-19.9674],[-44.5271,-19.9531],[-44.5145,-19.8597],[-44.4817,-19.8356],[-44.4422,-19.7818],[-44.4441,-19.7655],[-44.4347,-19.7396],[-44.4986,-19.705],[-44.498,-19.639],[-44.5408,-19.6069],[-44.5652,-19.6042],[-44.546,-19.5862],[-44.5699,-19.5618],[-44.5579,-19.5367],[-44.5791,-19.5075],[-44.5541,-19.4307],[-44.5501,-19.4264],[-44.5285,-19.3683],[-44.5656,-19.343],[-44.6271,-19.2427],[-44.6517,-19.2267],[-44.6942,-19.2061],[-44.6711,-19.166],[-44.6782,-19.1412],[-44.7097,-19.1105],[-44.6828,-19.0576],[-44.7357,-19.0157],[-44.7512,-18.9858],[-44.7874,-18.9891],[-44.7799,-18.8734],[-44.8708,-18.8438],[-44.8914,-18.8622],[-44.9862,-18.8233],[-45.0557,-18.8217],[-45.0666,-18.8474],[-45.1328,-18.838],[-45.1605,-18.8076],[-45.1859,-18.8095],[-45.2021,-18.7817],[-45.1896,-18.7291],[-45.2457,-18.6359],[-45.2375,-18.5934],[-45.2203,-18.542],[-45.295,-18.4915],[-45.3523,-18.4742],[-45.3582,-18.447],[-45.3035,-18.4126],[-45.2837,-18.3535],[-45.3159,-18.3088],[-45.287,-18.27],[-45.2631,-18.2603],[-45.2673,-18.2209],[-45.3186,-18.2207],[-45.3441,-18.259],[-45.407,-18.3174],[-45.5082,-18.3163],[-45.5738,-18.3572],[-45.5765,-18.3714],[-45.6283,-18.4184],[-45.6448,-18.482],[-45.6225,-18.522],[-45.6155,-18.5724],[-45.6372,-18.609],[-45.6391,-18.665],[-45.6683,-18.7005],[-45.6922,-18.7085],[-45.702,-18.7611],[-45.637,-18.7919],[-45.6454,-18.8365],[-45.6692,-18.8452],[-45.6994,-18.9847],[-45.7156,-19.0315],[-45.742,-19.0511],[-45.7841,-19.1572],[-45.8039,-19.196],[-45.8097,-19.2419],[-45.8516,-19.3253],[-45.9007,-19.4379],[-45.9022,-19.4652],[-45.8917,-19.4802],[-45.9026,-19.538],[-45.9486,-19.6083],[-46.0098,-19.6557],[-46.0694,-19.65],[-46.1193,-19.6642],[-46.1033,-19.6955],[-46.1327,-19.8017],[-46.208,-19.8039],[-46.2256,-19.7964],[-46.2434,-19.7847],[-46.3215,-19.8156],[-46.3109,-19.8627],[-46.3586,-19.8747],[-46.4254,-19.8671],[-46.4572,-19.8841],[-46.5158,-19.8588],[-46.5861,-19.8983],[-46.6006,-19.9268],[-46.6286,-19.9414],[-46.6261,-19.9939],[-46.5816,-20.0124],[-46.499,-20.0047],[-46.4885,-19.9763],[-46.4506,-19.9749],[-46.405,-20.0002],[-46.3588,-20.0579],[-46.3097,-20.1398],[-46.2756,-20.1421],[-46.2257,-20.1846],[-46.2227,-20.2213],[-46.1679,-20.2554],[-46.154,-20.2892],[-46.1222,-20.2851],[-46.0802,-20.3388],[-46.0373,-20.356],[-46.0119,-20.3368],[-45.976,-20.3383],[-45.9399,-20.314],[-45.9562,-20.2962],[-45.9504,-20.2548],[-45.8902,-20.2172]]]},"properties":{"ibge_code":"3113","name":"Divinópolis","codarea":"3113","uf":"MG","uf_code":"31","macro_id":"3","macro_sigla":"SE"}},{"type":"Feature","geometry":{"type":"Polygon","coordinates":[[[-42.4965,-20.1948],[-42.478,-20.1559],[-42.5239,-20.1375],[-42.5288,-20.0801],[-42.5033,-20.0517],[-42.502,-19.9671],[-42.5367,-19.9534],[-42.5348,-19.9218],[-42.5516,-19.886],[-42.6369,-19.9273],[-42.6309,-19.961],[-42.6531,-19.9862],[-42.7288,-20.0081],[-42.755,-20.0202],[-42.8384,-20.0142],[-42.8737,-20.0366],[-42.9275,-20.0349],[-42.9513,-20.0065],[-42.9744,-20.0177],[-43.0225,-20.0137],[-43.0378,-20.0336],[-43.0858,-20.0353],[-43.1315,-20.0593],[-43.1832,-20.0411],[-43.2359,-20.0453],[-43.2644,-20.0641],[-43.288,-20.0536],[-43.3158,-20.0779],[-43.3451,-20.1397],[-43.3556,-20.1967],[-43.292,-20.2142],[-43.2533,-20.189],[-43.2275,-20.2017],[-43.1923,-20.1743],[-43.1628,-20.1772],[-43.1458,-20.2333],[-43.1812,-20.2874],[-43.1329,-20.3407],[-43.1639,-20.3626],[-43.1684,-20.4001],[-43.1229,-20.4301],[-43.1248,-20.4487],[-43.1553,-20.46],[-43.1936,-20.4272],[-43.2193,-20.4543],[-43.2686,-20.4511],[-43.291,-20.4966],[-43.2609,-20.5179],[-43.2504,-20.5476],[-43.1573,-20.5116],[-43.138,-20.5618],[-43.1867,-20.5858],[-43.1644,-20.6602],[-43.1632,-20.7243],[-43.215,-20.7146],[-43.2487,-20.7268],[-43.2772,-20.7537],[-43.2664,-20.8035],[-43.3037,-20.8198],[-43.2952,-20.8533],[-43.2906,-20.9551],[-43.2391,-20.969],[-43.2557,-21.0108],[-43.233,-21.0478],[-43.2434,-21.0835],[-43.2717,-21.0583],[-43.3528,-21.0927],[-43.3639,-21.1518],[-43.4172,-21.1581],[-43.4514,-21.1939],[-43.4412,-21.2507],[-43.4767,-21.2806],[-43.5376,-21.3142],[-43.5808,-21.3188],[-43.6201,-21.3503],[-43.6311,-21.3757],[-43.6873,-21.3849],[-43.7096,-21.4133],[-43.6771,-21.4322],[-43.6731,-21.4635],[-43.6489,-21.4975],[-43.6854,-21.5293],[-43.6822,-21.5704],[-43.7061,-21.5853],[-43.7397,-21.5317],[-43.8146,-21.5262],[-43.8405,-21.5824],[-43.8272,-21.6068],[-43.873,-21.6788],[-43.8865,-21.6839],[-43.9571,-21.6351],[-43.9939,-21.6894],[-44.0264,-21.7143],[-44.0713,-21.7305],[-44.0773,-21.6629],[-44.1367,-21.6563],[-44.1647,-21.6117],[-44.1636,-21.5894],[-44.1879,-21.5644],[-44.2208,-21.5668],[-44.2435,-21.6125],[-44.2706,-21.5767],[-44.3285,-21.5971],[-44.3864,-21.5861],[-44.3992,-21.6213],[-44.3557,-21.6564],[-44.349,-21.6875],[-44.3846,-21.7142],[-44.4208,-21.7124],[-44.4588,-21.7321],[-44.497,-21.7726],[-44.4924,-21.7898],[-44.4563,-21.7961],[-44.4407,-21.873],[-44.3986,-21.8664],[-44.3793,-21.9408],[-44.409,-21.9741],[-44.4081,-22.0176],[-44.4368,-22.0672],[-44.4303,-22.1154],[-44.4756,-22.1201],[-44.4906,-22.1366],[-44.5408,-22.1286],[-44.5599,-22.1598],[-44.5717,-22.201],[-44.6066,-22.2255],[-44.5976,-22.2552],[-44.6134,-22.2873],[-44.6661,-22.3202],[-44.6659,-22.3727],[-44.6619,-22.3805],[-44.5926,-22.3229],[-44.5437,-22.3323],[-44.4969,-22.3037],[-44.4332,-22.2514],[-44.3596,-22.254],[-44.3172,-22.2595],[-44.2915,-22.2431],[-44.2599,-22.268],[-44.1892,-22.2404],[-44.1794,-22.2285],[-44.1544,-22.2272],[-44.1013,-22.1737],[-44.0335,-22.1523],[-43.9771,-22.1464],[-43.8416,-22.0991],[-43.7765,-22.066],[-43.7314,-22.0962],[-43.7089,-22.0758],[-43.6684,-22.0861],[-43.6457,-22.0649],[-43.6212,-22.0833],[-43.5914,-22.0558],[-43.5661,-22.0875],[-43.5257,-22.0727],[-43.4645,-22.0728],[-43.437,-22.06],[-43.3467,-22.0038],[-43.3266,-22.0078],[-43.2342,-22.0142],[-43.2277,-22.0288],[-43.202,-22.0375],[-43.1696,-22.0218],[-43.1312,-22.0292],[-43.1306,-22.035],[-43.1532,-22.0744],[-43.1423,-22.1044],[-43.1062,-22.0827],[-43.0755,-22.0929],[-43.0332,-22.0659],[-43.0022,-22.0328],[-42.9096,-21.9907],[-42.8814,-21.9593],[-42.7878,-21.9296],[-42.6653,-21.8733],[-42.606,-21.8464],[-42.4632,-21.7862],[-42.4597,-21.7848],[-42.3777,-21.7484],[-42.3335,-21.7458],[-42.2666,-21.7145],[-42.2733,-21.6779],[-42.3017,-21.655],[-42.3397,-21.6603],[-42.3652,-21.6465],[-42.3527,-21.5917],[-42.346,-21.5827],[-42.2856,-21.5281],[-42.2574,-21.4823],[-42.2921,-21.4592],[-42.2754,-21.4275],[-42.2782,-21.414],[-42.23,-21.3665],[-42.2356,-21.3429],[-42.2242,-21.3378],[-42.2378,-21.318],[-42.2287,-21.2825],[-42.1897,-21.2505],[-42.2026,-21.2212],[-42.2083,-21.179],[-42.1953,-21.1603],[-42.1745,-21.1318],[-42.1185,-21.0748],[-42.0801,-21.0302],[-42.0848,-21.023],[-42.141,-20.993],[-42.1509,-20.974],[-42.138,-20.96],[-42.0385,-20.9275],[-41.9786,-20.9349],[-41.9602,-20.883],[-41.9297,-20.8436],[-41.9282,-20.794],[-41.905,-20.7974],[-41.8747,-20.7659],[-41.8507,-20.6912],[-41.8132,-20.6533],[-41.8413,-20.6004],[-41.8284,-20.5573],[-41.8043,-20.5384],[-41.8254,-20.4833],[-41.7995,-20.477],[-41.8034,-20.4222],[-41.8366,-20.4091],[-41.8595,-20.3729],[-41.8221,-20.3109],[-41.7821,-20.2945],[-41.775,-20.2601],[-41.7568,-20.2069],[-41.666,-20.207],[-41.4156,-20.2074],[-41.4119,-20.2061],[-41.3824,-20.1891],[-41.3558,-20.1391],[-41.3327,-20.0577],[-41.3091,-20.0164],[-41.3118,-19.9724],[-41.2979,-19.9376],[-41.287,-19.8627],[-41.337,-19.8313],[-41.3294,-19.8167],[-41.3588,-19.7623],[-41.393,-19.7492],[-41.3807,-19.7125],[-41.3865,-19.6583],[-41.3639,-19.6318],[-41.3817,-19.588],[-41.4321,-19.5407],[-41.4615,-19.5131],[-41.482,-19.5199],[-41.5102,-19.4935],[-41.5361,-19.4882],[-41.586,-19.4429],[-41.6375,-19.4179],[-41.6636,-19.4547],[-41.6532,-19.5326],[-41.7213,-19.5819],[-41.7515,-19.5946],[-41.8045,-19.5777],[-41.8145,-19.5944],[-41.8044,-19.6229],[-41.8184,-19.708],[-41.7856,-19.7395],[-41.7962,-19.7751],[-41.7853,-19.8126],[-41.802,-19.8322],[-41.827,-19.829],[-41.8895,-19.8847],[-41.9734,-19.8818],[-41.976,-19.9191],[-42.0204,-19.9174],[-42.0558,-19.9503],[-42.1014,-19.9649],[-42.1256,-20.0191],[-42.1632,-19.9898],[-42.1974,-20.0035],[-42.2099,-20.0894],[-42.2478,-20.0838],[-42.3107,-20.1428],[-42.356,-20.1402],[-42.381,-20.1217],[-42.4197,-20.1438],[-42.4401,-20.1859],[-42.4965,-20.1948]]]},"properties":{"ibge_code":"3106","name":"Juíz de Fora","codarea":"3106","uf":"MG","uf_code":"31","macro_id":"3","macro_sigla":"SE"}},{"type":"Feature","geometry":{"type":"Polygon","coordinates":[[[-42.6164,-18.9906],[-42.6559,-18.9748],[-42.7043,-18.9181],[-42.7414,-18.925],[-42.7579,-18.9003],[-42.7939,-18.9046],[-42.777,-18.9779],[-42.8084,-19.0011],[-42.7883,-19.0387],[-42.8068,-19.0685],[-42.8004,-19.0961],[-42.7682,-19.1179],[-42.7474,-19.15],[-42.7486,-19.1524],[-42.781,-19.1603],[-42.7925,-19.1883],[-42.7756,-19.2152],[-42.7462,-19.2253],[-42.7439,-19.282],[-42.727,-19.3204],[-42.742,-19.3553],[-42.7921,-19.4079],[-42.8205,-19.4089],[-42.8767,-19.4322],[-42.9109,-19.4815],[-42.9116,-19.5139],[-42.9671,-19.5314],[-42.9814,-19.4987],[-43.0463,-19.4229],[-43.0641,-19.4673],[-43.0441,-19.5167],[-43.0445,-19.5648],[-43.0574,-19.5778],[-43.062,-19.6266],[-43.0828,-19.6531],[-43.1101,-19.7267],[-43.1656,-19.7478],[-43.1626,-19.7759],[-43.1957,-19.789],[-43.223,-19.7834],[-43.2713,-19.777],[-43.3292,-19.736],[-43.3338,-19.677],[-43.3996,-19.6717],[-43.3865,-19.7448],[-43.3906,-19.7724],[-43.3943,-19.8649],[-43.4335,-19.8762],[-43.4194,-19.9094],[-43.3741,-19.9088],[-43.3563,-19.9215],[-43.317,-19.8916],[-43.2845,-19.9019],[-43.2205,-19.8928],[-43.2335,-19.9207],[-43.2108,-19.9707],[-43.272,-20.0046],[-43.288,-20.0536],[-43.2644,-20.0641],[-43.2359,-20.0453],[-43.1832,-20.0411],[-43.1315,-20.0593],[-43.0858,-20.0353],[-43.0378,-20.0336],[-43.0225,-20.0137],[-42.9744,-20.0177],[-42.9513,-20.0065],[-42.9275,-20.0349],[-42.8737,-20.0366],[-42.8384,-20.0142],[-42.755,-20.0202],[-42.7288,-20.0081],[-42.6531,-19.9862],[-42.6309,-19.961],[-42.6369,-19.9273],[-42.5516,-19.886],[-42.5348,-19.9218],[-42.5367,-19.9534],[-42.502,-19.9671],[-42.5033,-20.0517],[-42.5288,-20.0801],[-42.5239,-20.1375],[-42.478,-20.1559],[-42.4965,-20.1948],[-42.4401,-20.1859],[-42.4197,-20.1438],[-42.381,-20.1217],[-42.356,-20.1402],[-42.3107,-20.1428],[-42.2478,-20.0838],[-42.2099,-20.0894],[-42.1974,-20.0035],[-42.1632,-19.9898],[-42.1256,-20.0191],[-42.1014,-19.9649],[-42.0558,-19.9503],[-42.0204,-19.9174],[-41.976,-19.9191],[-41.9734,-19.8818],[-41.8895,-19.8847],[-41.827,-19.829],[-41.802,-19.8322],[-41.7853,-19.8126],[-41.7962,-19.7751],[-41.7856,-19.7395],[-41.8184,-19.708],[-41.8044,-19.6229],[-41.8145,-19.5944],[-41.8045,-19.5777],[-41.7515,-19.5946],[-41.7213,-19.5819],[-41.6532,-19.5326],[-41.6636,-19.4547],[-41.6375,-19.4179],[-41.586,-19.4429],[-41.5725,-19.4342],[-41.5611,-19.3734],[-41.57,-19.3442],[-41.6778,-19.3801],[-41.7037,-19.3323],[-41.7459,-19.3579],[-41.7677,-19.4065],[-41.8228,-19.4273],[-41.8467,-19.4217],[-41.8876,-19.3865],[-41.9596,-19.3475],[-41.9913,-19.3804],[-42.0284,-19.3767],[-42.042,-19.357],[-42.0977,-19.3632],[-42.1168,-19.3452],[-42.1195,-19.3161],[-42.1527,-19.3255],[-42.1801,-19.2635],[-42.2105,-19.1702],[-42.2324,-19.156],[-42.1778,-19.1208],[-42.1329,-19.0586],[-42.1356,-19.0363],[-42.2084,-18.9844],[-42.2463,-18.9932],[-42.2771,-18.972],[-42.355,-18.9607],[-42.3621,-18.9257],[-42.3905,-18.9276],[-42.4449,-18.9386],[-42.4847,-18.9627],[-42.556,-18.9396],[-42.5954,-18.9622],[-42.6164,-18.9906]]]},"properties":{"ibge_code":"3105","name":"Ipatinga","codarea":"3105","uf":"MG","uf_code":"31","macro_id":"3","macro_sigla":"SE"}},{"type":"Feature","geometry":{"type":"Polygon","coordinates":[[[-42.4205,-18.0055],[-42.4092,-18.0256],[-42.4152,-18.1001],[-42.3869,-18.1222],[-42.3623,-18.1741],[-42.3011,-18.1735],[-42.2511,-18.2333],[-42.2086,-18.244],[-42.1994,-18.2197],[-42.1494,-18.2269],[-42.0878,-18.2613],[-42.0661,-18.2614],[-42.0635,-18.2913],[-42.0821,-18.3475],[-42.0506,-18.3812],[-42.0531,-18.4183],[-42.0276,-18.4546],[-42.012,-18.4582],[-41.9659,-18.3798],[-41.9258,-18.3797],[-41.8751,-18.3525],[-41.8041,-18.3702],[-41.7961,-18.41],[-41.7558,-18.4079],[-41.747,-18.3631],[-41.7237,-18.3471],[-41.6908,-18.3567],[-41.6852,-18.3878],[-41.629,-18.4333],[-41.6284,-18.5254],[-41.5833,-18.535],[-41.5733,-18.573],[-41.5397,-18.5815],[-41.5118,-18.5349],[-41.4599,-18.5141],[-41.3956,-18.5302],[-41.3649,-18.4989],[-41.3206,-18.5051],[-41.3118,-18.4767],[-41.2823,-18.5015],[-41.239,-18.4889],[-41.1831,-18.4424],[-41.1818,-18.4396],[-41.1442,-18.4053],[-41.1589,-18.3082],[-41.0965,-18.2556],[-41.1039,-18.2125],[-41.0519,-18.1651],[-41.0146,-18.1576],[-40.9093,-18.1148],[-40.8785,-18.12],[-40.8451,-18.1498],[-40.7715,-18.1559],[-40.7733,-18.1076],[-40.9024,-17.9862],[-40.8628,-17.9881],[-40.8306,-17.9542],[-40.7985,-17.9569],[-40.7528,-18.0096],[-40.7258,-18.0012],[-40.7037,-18.0237],[-40.662,-18.0127],[-40.6262,-17.9911],[-40.6095,-17.9377],[-40.5168,-17.8944],[-40.4627,-17.9282],[-40.3684,-17.9229],[-40.3455,-17.9238],[-40.2554,-17.9718],[-40.2224,-17.9804],[-40.2268,-17.9583],[-40.2635,-17.922],[-40.2119,-17.8949],[-40.1741,-17.8516],[-40.2181,-17.7957],[-40.2237,-17.7343],[-40.2402,-17.7349],[-40.2727,-17.7274],[-40.299,-17.6746],[-40.3228,-17.6613],[-40.3441,-17.6156],[-40.4182,-17.5991],[-40.4138,-17.5742],[-40.4592,-17.5695],[-40.4891,-17.5198],[-40.483,-17.4885],[-40.5195,-17.4474],[-40.5975,-17.4206],[-40.6047,-17.3562],[-40.5948,-17.3236],[-40.5478,-17.2837],[-40.5713,-17.253],[-40.5539,-17.189],[-40.5787,-17.1496],[-40.5568,-17.0896],[-40.5717,-17.0659],[-40.5435,-16.9828],[-40.5159,-16.9627],[-40.4802,-16.8768],[-40.4336,-16.8874],[-40.4077,-16.8987],[-40.4013,-16.8902],[-40.3649,-16.8746],[-40.3315,-16.908],[-40.2816,-16.9012],[-40.2508,-16.8312],[-40.2691,-16.7958],[-40.3236,-16.8013],[-40.3329,-16.7695],[-40.3098,-16.7333],[-40.307,-16.6968],[-40.3132,-16.6786],[-40.2755,-16.5734],[-40.2298,-16.5614],[-40.1729,-16.5774],[-40.1545,-16.5603],[-40.1704,-16.5248],[-40.1102,-16.4493],[-40.0658,-16.4575],[-40.0172,-16.3478],[-39.9901,-16.3122],[-39.9178,-16.2843],[-39.9357,-16.2439],[-39.8834,-16.1947],[-39.8843,-16.1449],[-39.8568,-16.1138],[-39.8839,-16.066],[-39.9222,-16.0286],[-39.9148,-16],[-39.9576,-15.992],[-40.0044,-16.0018],[-40.0458,-15.9624],[-40.0665,-15.9592],[-40.0748,-15.9201],[-40.1275,-15.9071],[-40.1598,-15.9085],[-40.174,-15.8705],[-40.2069,-15.8545],[-40.2357,-15.8035],[-40.2944,-15.8166],[-40.378,-15.8184],[-40.425,-15.8057],[-40.45,-15.7616],[-40.5198,-15.7976],[-40.5611,-15.8036],[-40.626,-15.7182],[-40.6449,-15.7289],[-40.6814,-15.6997],[-40.7006,-15.6673],[-40.7438,-15.684],[-40.7803,-15.6802],[-40.8168,-15.6476],[-40.8414,-15.6825],[-40.9026,-15.6918],[-40.9143,-15.661],[-40.9631,-15.6484],[-40.9781,-15.6881],[-41.0061,-15.7138],[-41.0787,-15.7199],[-41.1216,-15.743],[-41.1425,-15.772],[-41.2154,-15.7372],[-41.2686,-15.7487],[-41.3302,-15.7433],[-41.3422,-15.6386],[-41.3564,-15.5003],[-41.3619,-15.495],[-41.3643,-15.493],[-41.4207,-15.4823],[-41.4468,-15.4873],[-41.5026,-15.5265],[-41.5282,-15.5179],[-41.5879,-15.5209],[-41.6778,-15.5054],[-41.7044,-15.5089],[-41.6918,-15.5243],[-41.7134,-15.5761],[-41.7479,-15.5892],[-41.7127,-15.6112],[-41.669,-15.6169],[-41.6468,-15.6054],[-41.6032,-15.6347],[-41.6157,-15.6552],[-41.6726,-15.6675],[-41.6402,-15.7165],[-41.6435,-15.7468],[-41.667,-15.795],[-41.6966,-15.8007],[-41.6568,-15.8122],[-41.6039,-15.7934],[-41.5906,-15.8571],[-41.6427,-15.8806],[-41.6515,-15.9014],[-41.6195,-15.9368],[-41.6336,-15.9654],[-41.6627,-16.02],[-41.7002,-16.037],[-41.7064,-16.0852],[-41.6818,-16.1109],[-41.6959,-16.1649],[-41.7156,-16.179],[-41.7673,-16.1844],[-41.8027,-16.1679],[-41.8684,-16.1826],[-41.9325,-16.2814],[-41.9104,-16.3216],[-41.8976,-16.337],[-41.8954,-16.3633],[-41.9497,-16.4018],[-41.9872,-16.3827],[-42.0274,-16.3773],[-42.0937,-16.3883],[-42.1054,-16.4371],[-42.1211,-16.456],[-42.1817,-16.4787],[-42.2653,-16.4683],[-42.3033,-16.495],[-42.3779,-16.4738],[-42.4472,-16.4959],[-42.4679,-16.4885],[-42.4639,-16.5251],[-42.4253,-16.5895],[-42.4246,-16.6254],[-42.454,-16.6602],[-42.4687,-16.6727],[-42.5425,-16.7086],[-42.5581,-16.7341],[-42.6005,-16.7321],[-42.642,-16.7703],[-42.6815,-16.809],[-42.7331,-16.8268],[-42.737,-16.8516],[-42.7574,-16.8861],[-42.7444,-16.9084],[-42.7579,-16.9436],[-42.796,-17.0196],[-42.8353,-17.0424],[-42.8988,-17.0396],[-42.9698,-17.1056],[-42.9852,-17.1661],[-43.0255,-17.186],[-43.0696,-17.2244],[-43.0835,-17.2531],[-43.1337,-17.3044],[-43.1903,-17.2918],[-43.2285,-17.3445],[-43.2008,-17.3636],[-43.1983,-17.3988],[-43.2176,-17.4143],[-43.2415,-17.4205],[-43.2954,-17.3797],[-43.2799,-17.3957],[-43.319,-17.4731],[-43.371,-17.5225],[-43.4364,-17.5307],[-43.5031,-17.56],[-43.5493,-17.5398],[-43.5807,-17.5829],[-43.5678,-17.6108],[-43.6111,-17.6294],[-43.6027,-17.6707],[-43.6071,-17.7499],[-43.6771,-17.8311],[-43.6964,-17.8768],[-43.7506,-17.8901],[-43.7637,-17.9246],[-43.7911,-17.955],[-43.8199,-18.0259],[-43.9369,-18.0597],[-43.9177,-18.1189],[-43.9558,-18.141],[-43.9542,-18.1576],[-44.015,-18.2126],[-44.0441,-18.2003],[-44.0884,-18.2204],[-44.0549,-18.2748],[-44.0008,-18.289],[-43.9884,-18.3454],[-43.9303,-18.3775],[-43.8785,-18.3628],[-43.8586,-18.3686],[-43.8254,-18.399],[-43.8607,-18.4439],[-43.8686,-18.4819],[-43.987,-18.5466],[-44.0131,-18.541],[-44.0685,-18.5675],[-44.0483,-18.6468],[-43.9987,-18.6678],[-43.9796,-18.6399],[-43.9196,-18.6326],[-43.8935,-18.6641],[-43.8689,-18.6715],[-43.8197,-18.6534],[-43.8017,-18.6194],[-43.7657,-18.6387],[-43.736,-18.6242],[-43.7287,-18.6477],[-43.6783,-18.6454],[-43.6536,-18.6657],[-43.6118,-18.6716],[-43.564,-18.7044],[-43.4914,-18.7182],[-43.4938,-18.7465],[-43.5181,-18.7783],[-43.4846,-18.8104],[-43.4638,-18.8104],[-43.4535,-18.8635],[-43.4273,-18.881],[-43.3793,-18.8571],[-43.3078,-18.8678],[-43.3257,-18.814],[-43.2655,-18.7972],[-43.2466,-18.7722],[-43.2291,-18.7421],[-43.205,-18.7172],[-43.2152,-18.6611],[-43.2057,-18.6228],[-43.2152,-18.5977],[-43.1532,-18.5544],[-43.1689,-18.526],[-43.1678,-18.4821],[-43.1016,-18.4684],[-43.1126,-18.4295],[-43.1344,-18.4241],[-43.1392,-18.3695],[-43.1677,-18.3383],[-43.2022,-18.3403],[-43.2257,-18.2991],[-43.2636,-18.3061],[-43.2628,-18.3034],[-43.273,-18.2525],[-43.2386,-18.2749],[-43.221,-18.2406],[-43.2346,-18.2186],[-43.1859,-18.2004],[-43.1846,-18.1784],[-43.1373,-18.1088],[-43.1369,-18.1081],[-43.0884,-18.0992],[-43.0757,-18.068],[-43.0336,-18.0874],[-42.9897,-18.1491],[-42.9443,-18.1127],[-42.9094,-18.1098],[-42.8668,-18.1231],[-42.8289,-18.0978],[-42.7935,-18.1045],[-42.7621,-18.0829],[-42.7031,-18.0917],[-42.6939,-18.068],[-42.6451,-18.0463],[-42.6068,-17.9921],[-42.5708,-17.9871],[-42.5619,-17.9479],[-42.5221,-17.9489],[-42.4866,-17.9266],[-42.4616,-17.9233],[-42.4205,-18.0055]]]},"properties":{"ibge_code":"3103","name":"Teófilo Otoni","codarea":"3103","uf":"MG","uf_code":"31","macro_id":"3","macro_sigla":"SE"}},{"type":"Feature","geometry":{"type":"Polygon","coordinates":[[[-47.9812,-20.0364],[-47.946,-20.0605],[-47.9315,-20.1104],[-47.8994,-20.1257],[-47.8698,-20.0762],[-47.8615,-20.045],[-47.8752,-20.0186],[-47.8509,-19.9898],[-47.7626,-19.986],[-47.7127,-19.9781],[-47.6761,-20.0019],[-47.6397,-20.0472],[-47.5947,-20.0259],[-47.5838,-19.9967],[-47.5492,-19.9938],[-47.4896,-19.9693],[-47.4633,-19.9658],[-47.4244,-20.0153],[-47.4403,-20.0488],[-47.4081,-20.0802],[-47.3716,-20.0859],[-47.3292,-20.1153],[-47.2964,-20.1459],[-47.2618,-20.1599],[-47.2311,-20.2192],[-47.1804,-20.239],[-47.1518,-20.2329],[-47.1303,-20.2839],[-47.0771,-20.2765],[-47.111,-20.2624],[-47.1092,-20.2038],[-47.0468,-20.188],[-46.9845,-20.1958],[-46.9338,-20.1704],[-46.9069,-20.1815],[-46.927,-20.1592],[-46.8473,-20.1259],[-46.8305,-20.0496],[-46.8034,-20.0255],[-46.7507,-20.0271],[-46.6974,-20.0485],[-46.6294,-20.0404],[-46.6261,-19.9939],[-46.6286,-19.9414],[-46.6006,-19.9268],[-46.5861,-19.8983],[-46.5158,-19.8588],[-46.4572,-19.8841],[-46.4254,-19.8671],[-46.3586,-19.8747],[-46.3109,-19.8627],[-46.3215,-19.8156],[-46.2434,-19.7847],[-46.2256,-19.7964],[-46.208,-19.8039],[-46.1327,-19.8017],[-46.1033,-19.6955],[-46.1193,-19.6642],[-46.0694,-19.65],[-46.0098,-19.6557],[-45.9486,-19.6083],[-45.9026,-19.538],[-45.8917,-19.4802],[-45.9022,-19.4652],[-45.9775,-19.4596],[-46.0131,-19.5311],[-46.042,-19.5544],[-46.1276,-19.5426],[-46.1332,-19.4618],[-46.1555,-19.4102],[-46.1734,-19.4229],[-46.2662,-19.4317],[-46.307,-19.4109],[-46.3174,-19.3828],[-46.3905,-19.4017],[-46.4221,-19.3306],[-46.4503,-19.3114],[-46.4962,-19.3137],[-46.5462,-19.3374],[-46.5937,-19.3182],[-46.6904,-19.3184],[-46.7198,-19.2959],[-46.7981,-19.3057],[-46.8373,-19.3034],[-46.8985,-19.2709],[-46.9268,-19.2893],[-46.9568,-19.2691],[-47.0305,-19.2358],[-47.0868,-19.1827],[-47.1425,-19.1877],[-47.2202,-19.1413],[-47.2773,-19.1467],[-47.3163,-19.1277],[-47.3895,-19.1276],[-47.4409,-19.1387],[-47.4703,-19.1192],[-47.5584,-19.0975],[-47.5703,-19.106],[-47.595,-19.0451],[-47.573,-19.0129],[-47.6061,-19.0162],[-47.6705,-18.9416],[-47.7088,-18.9228],[-47.6662,-18.999],[-47.6704,-19.0353],[-47.6938,-19.0542],[-47.7347,-19.0514],[-47.7655,-19.0298],[-47.8006,-19.0385],[-47.8194,-19.0892],[-47.8526,-19.0939],[-47.8905,-19.1071],[-47.9135,-19.0966],[-47.9206,-19.1347],[-47.9034,-19.2106],[-47.903,-19.2642],[-47.9485,-19.2938],[-47.9592,-19.337],[-47.9887,-19.3112],[-48.0031,-19.2535],[-48.0889,-19.2394],[-48.0893,-19.2151],[-48.1495,-19.1584],[-48.2291,-19.1903],[-48.2253,-19.2169],[-48.2679,-19.2378],[-48.3092,-19.2843],[-48.3475,-19.3684],[-48.3552,-19.4118],[-48.3993,-19.4103],[-48.4174,-19.4598],[-48.4092,-19.4833],[-48.4438,-19.5161],[-48.4945,-19.5294],[-48.5152,-19.5198],[-48.5458,-19.5425],[-48.5918,-19.5508],[-48.6055,-19.5384],[-48.6901,-19.5341],[-48.749,-19.5555],[-48.745,-19.6],[-48.7933,-19.6044],[-48.844,-19.5905],[-48.8625,-19.619],[-48.9074,-19.583],[-48.9597,-19.574],[-49.0328,-19.582],[-49.0845,-19.5778],[-49.0995,-19.5981],[-49.1635,-19.6035],[-49.2834,-19.5507],[-49.2963,-19.5386],[-49.3651,-19.5391],[-49.3653,-19.5394],[-49.4323,-19.5333],[-49.4751,-19.5597],[-49.4837,-19.6356],[-49.5084,-19.6678],[-49.5728,-19.6799],[-49.6304,-19.6764],[-49.6785,-19.6606],[-49.7745,-19.6545],[-49.8343,-19.6026],[-49.8679,-19.6361],[-49.8689,-19.67],[-49.9205,-19.7266],[-49.946,-19.7288],[-49.9838,-19.6946],[-50.0144,-19.7266],[-50.0291,-19.7605],[-50.0909,-19.7695],[-50.1162,-19.7508],[-50.16,-19.6292],[-50.2145,-19.5593],[-50.1903,-19.5118],[-50.1708,-19.4191],[-50.1906,-19.3749],[-50.1733,-19.3048],[-50.2364,-19.2813],[-50.3212,-19.2336],[-50.4012,-19.2223],[-50.4282,-19.2364],[-50.4645,-19.2331],[-50.5168,-19.26],[-50.5147,-19.2737],[-50.5462,-19.245],[-50.5843,-19.2277],[-50.6136,-19.2317],[-50.6481,-19.2145],[-50.7404,-19.2132],[-50.7465,-19.2399],[-50.8171,-19.2893],[-50.828,-19.3108],[-50.8754,-19.4228],[-50.8256,-19.4733],[-50.8494,-19.4981],[-50.935,-19.4675],[-50.9629,-19.5006],[-50.9309,-19.5422],[-50.9244,-19.5809],[-50.9876,-19.5895],[-51.0382,-19.6918],[-51.0461,-19.7356],[-51.0279,-19.7566],[-51.0335,-19.7907],[-51.0236,-19.8039],[-51.0193,-19.8705],[-50.9995,-19.9064],[-51.0209,-19.9591],[-51.0055,-19.9961],[-51.0179,-20.0484],[-51.0005,-20.0854],[-50.9691,-20.0364],[-50.9455,-20.0297],[-50.9081,-19.9943],[-50.886,-19.9904],[-50.8441,-19.9676],[-50.7836,-19.9372],[-50.6864,-19.9162],[-50.6581,-19.9071],[-50.6142,-19.861],[-50.5779,-19.8164],[-50.562,-19.8136],[-50.4693,-19.7799],[-50.4541,-19.7862],[-50.4171,-19.8011],[-50.3374,-19.8695],[-50.2452,-19.8768],[-50.2157,-19.8666],[-50.1718,-19.8755],[-50.1062,-19.8743],[-50.0441,-19.9164],[-50.0031,-19.9264],[-49.9699,-19.92],[-49.9062,-19.9372],[-49.8537,-19.9465],[-49.8353,-19.9333],[-49.7494,-19.9247],[-49.6344,-19.9319],[-49.6132,-19.92],[-49.5515,-19.9058],[-49.514,-19.9143],[-49.4928,-19.9504],[-49.4538,-19.9781],[-49.3565,-19.9867],[-49.2975,-19.9605],[-49.2501,-19.9693],[-49.2483,-19.9996],[-49.2973,-20.0175],[-49.3073,-20.0603],[-49.3059,-20.1169],[-49.2992,-20.1671],[-49.2652,-20.2297],[-49.2597,-20.2588],[-49.2253,-20.3053],[-49.1836,-20.3147],[-49.1207,-20.2705],[-49.0659,-20.1535],[-49.0329,-20.1501],[-48.986,-20.1708],[-48.972,-20.2078],[-48.9658,-20.2793],[-48.963,-20.4031],[-48.9042,-20.4387],[-48.8865,-20.4369],[-48.8671,-20.3989],[-48.8784,-20.3561],[-48.8755,-20.3184],[-48.8871,-20.2753],[-48.8534,-20.215],[-48.8554,-20.1801],[-48.8221,-20.1615],[-48.7811,-20.1639],[-48.7296,-20.1503],[-48.6469,-20.167],[-48.5932,-20.1358],[-48.5374,-20.1336],[-48.4911,-20.1381],[-48.4516,-20.1259],[-48.4058,-20.1135],[-48.3749,-20.1231],[-48.3154,-20.1138],[-48.2651,-20.1438],[-48.2186,-20.1279],[-48.2534,-20.0779],[-48.2285,-20.0282],[-48.2034,-20.0455],[-48.1786,-20.0962],[-48.1055,-20.1464],[-48.0768,-20.1484],[-48.0202,-20.124],[-48.0011,-20.1013],[-47.9812,-20.0364]]]},"properties":{"ibge_code":"3110","name":"Uberaba","codarea":"3110","uf":"MG","uf_code":"31","macro_id":"3","macro_sigla":"SE"}},{"type":"Feature","geometry":{"type":"Polygon","coordinates":[[[-46.8846,-21.4072],[-46.8421,-21.3891],[-46.8361,-21.3707],[-46.7815,-21.3707],[-46.7647,-21.3601],[-46.739,-21.3926],[-46.6755,-21.3751],[-46.6476,-21.3796],[-46.6161,-21.4303],[-46.5765,-21.427],[-46.5191,-21.449],[-46.5089,-21.4891],[-46.523,-21.5299],[-46.5118,-21.5654],[-46.495,-21.5893],[-46.4545,-21.5529],[-46.4198,-21.5703],[-46.385,-21.5695],[-46.3616,-21.5865],[-46.3225,-21.5732],[-46.2956,-21.5718],[-46.2527,-21.5542],[-46.2299,-21.5908],[-46.1743,-21.5817],[-46.1256,-21.6397],[-46.084,-21.6525],[-46.1078,-21.7051],[-46.102,-21.7421],[-46.1438,-21.7679],[-46.1249,-21.8214],[-46.0805,-21.8582],[-46.0615,-21.8756],[-46.0321,-21.8863],[-45.9827,-21.8873],[-45.9612,-21.9167],[-45.9248,-21.9177],[-45.8592,-21.8938],[-45.8753,-21.8476],[-45.849,-21.8087],[-45.7875,-21.8229],[-45.7316,-21.8055],[-45.7389,-21.862],[-45.7293,-21.8835],[-45.7456,-21.9235],[-45.7308,-21.955],[-45.7168,-21.9941],[-45.6843,-21.9797],[-45.6434,-21.9854],[-45.6186,-22.0188],[-45.5319,-22.006],[-45.4769,-21.9898],[-45.4362,-21.9774],[-45.3544,-21.9444],[-45.2717,-21.9085],[-45.2704,-21.9487],[-45.2157,-21.9097],[-45.1417,-21.8677],[-45.1166,-21.8518],[-45.1171,-21.7837],[-45.0831,-21.7725],[-45.0432,-21.7778],[-45.0257,-21.8205],[-44.9823,-21.8322],[-44.9763,-21.8516],[-44.9396,-21.8295],[-44.8848,-21.8368],[-44.8662,-21.797],[-44.8875,-21.7573],[-44.8824,-21.7082],[-44.8931,-21.686],[-44.8781,-21.6277],[-44.868,-21.6078],[-44.8041,-21.5865],[-44.7916,-21.5965],[-44.7534,-21.605],[-44.6762,-21.6403],[-44.6456,-21.6209],[-44.4966,-21.5765],[-44.4563,-21.5183],[-44.4549,-21.471],[-44.4818,-21.4082],[-44.5209,-21.3929],[-44.5113,-21.3541],[-44.5565,-21.3127],[-44.5748,-21.3093],[-44.6024,-21.3466],[-44.5987,-21.3077],[-44.6573,-21.275],[-44.6904,-21.2176],[-44.7329,-21.2116],[-44.7073,-21.1956],[-44.7108,-21.1369],[-44.6343,-21.0872],[-44.6213,-21.0958],[-44.6488,-20.9925],[-44.6611,-20.99],[-44.6594,-20.8986],[-44.7091,-20.8489],[-44.7339,-20.8914],[-44.7555,-20.8746],[-44.7805,-20.9028],[-44.805,-20.8976],[-44.8362,-20.8642],[-44.8718,-20.808],[-44.9056,-20.7946],[-44.9613,-20.8092],[-45.0392,-20.8093],[-45.0565,-20.8169],[-45.0687,-20.7629],[-45.0852,-20.7443],[-45.1048,-20.7165],[-45.1454,-20.6996],[-45.1467,-20.6683],[-45.2226,-20.6672],[-45.2603,-20.6509],[-45.2935,-20.6705],[-45.3173,-20.6563],[-45.3572,-20.6739],[-45.4109,-20.6586],[-45.4857,-20.6714],[-45.5123,-20.6964],[-45.5861,-20.687],[-45.6137,-20.7031],[-45.7337,-20.7347],[-45.7589,-20.7118],[-45.7885,-20.7172],[-45.8318,-20.6667],[-45.8766,-20.6499],[-45.9284,-20.6042],[-45.9676,-20.5881],[-45.9222,-20.5379],[-45.8901,-20.5408],[-45.8889,-20.4548],[-45.8359,-20.4246],[-45.8346,-20.3583],[-45.8345,-20.3524],[-45.8011,-20.3081],[-45.8203,-20.2888],[-45.8665,-20.2315],[-45.8902,-20.2172],[-45.9504,-20.2548],[-45.9562,-20.2962],[-45.9399,-20.314],[-45.976,-20.3383],[-46.0119,-20.3368],[-46.0373,-20.356],[-46.0802,-20.3388],[-46.1222,-20.2851],[-46.154,-20.2892],[-46.1679,-20.2554],[-46.2227,-20.2213],[-46.2257,-20.1846],[-46.2756,-20.1421],[-46.3097,-20.1398],[-46.3588,-20.0579],[-46.405,-20.0002],[-46.4506,-19.9749],[-46.4885,-19.9763],[-46.499,-20.0047],[-46.5816,-20.0124],[-46.6261,-19.9939],[-46.6294,-20.0404],[-46.6974,-20.0485],[-46.7507,-20.0271],[-46.8034,-20.0255],[-46.8305,-20.0496],[-46.8473,-20.1259],[-46.927,-20.1592],[-46.9069,-20.1815],[-46.9338,-20.1704],[-46.9845,-20.1958],[-47.0468,-20.188],[-47.1092,-20.2038],[-47.111,-20.2624],[-47.0771,-20.2765],[-47.1303,-20.2839],[-47.1518,-20.2329],[-47.1804,-20.239],[-47.2311,-20.2192],[-47.2326,-20.2275],[-47.2767,-20.2916],[-47.2982,-20.3484],[-47.2855,-20.4057],[-47.2935,-20.4187],[-47.291,-20.4505],[-47.2235,-20.4911],[-47.1545,-20.5196],[-47.1442,-20.5408],[-47.1377,-20.5611],[-47.1428,-20.5656],[-47.1233,-20.6127],[-47.0975,-20.6439],[-47.101,-20.682],[-47.1267,-20.7093],[-47.1692,-20.7034],[-47.1862,-20.7314],[-47.1888,-20.7706],[-47.2249,-20.8009],[-47.2145,-20.8272],[-47.2269,-20.8555],[-47.2274,-20.8565],[-47.24,-20.8853],[-47.1813,-20.9538],[-47.1437,-20.9824],[-47.1479,-21.0355],[-47.1413,-21.0859],[-47.1148,-21.1047],[-47.133,-21.1332],[-47.1176,-21.1532],[-47.1185,-21.1859],[-47.0761,-21.2412],[-47.0442,-21.2674],[-47.0165,-21.3424],[-46.9967,-21.3573],[-47.013,-21.4191],[-46.9329,-21.425],[-46.8846,-21.4072]]]},"properties":{"ibge_code":"3108","name":"Varginha","codarea":"3108","uf":"MG","uf_code":"31","macro_id":"3","macro_sigla":"SE"}},{"type":"Feature","geometry":{"type":"Polygon","coordinates":[[[-40.9664,-19.4236],[-40.9304,-19.3842],[-40.9385,-19.3461],[-40.9245,-19.3025],[-40.9445,-19.2795],[-40.9323,-19.2512],[-40.9354,-19.2227],[-40.9411,-19.1806],[-40.9643,-19.1221],[-41.0071,-19.1005],[-41.0126,-19.0758],[-41.0608,-19.0565],[-41.0716,-19.0256],[-41.0322,-18.9908],[-41.065,-18.9448],[-41.1037,-18.9341],[-41.1371,-18.8906],[-41.1664,-18.8582],[-41.2148,-18.8776],[-41.2432,-18.8538],[-41.2324,-18.7973],[-41.1468,-18.798],[-41.1105,-18.8389],[-41.0254,-18.8372],[-40.9639,-18.8412],[-40.9168,-18.8155],[-40.94,-18.7703],[-40.9415,-18.6907],[-41.0052,-18.6673],[-41.0509,-18.6342],[-41.0258,-18.5276],[-41.023,-18.4573],[-41.1818,-18.4396],[-41.1831,-18.4424],[-41.239,-18.4889],[-41.2823,-18.5015],[-41.3118,-18.4767],[-41.3206,-18.5051],[-41.3649,-18.4989],[-41.3956,-18.5302],[-41.4599,-18.5141],[-41.5118,-18.5349],[-41.5397,-18.5815],[-41.5733,-18.573],[-41.5833,-18.535],[-41.6284,-18.5254],[-41.629,-18.4333],[-41.6852,-18.3878],[-41.6908,-18.3567],[-41.7237,-18.3471],[-41.747,-18.3631],[-41.7558,-18.4079],[-41.7961,-18.41],[-41.8041,-18.3702],[-41.8751,-18.3525],[-41.9258,-18.3797],[-41.9659,-18.3798],[-42.012,-18.4582],[-42.0276,-18.4546],[-42.0531,-18.4183],[-42.0506,-18.3812],[-42.0821,-18.3475],[-42.0635,-18.2913],[-42.0661,-18.2614],[-42.0878,-18.2613],[-42.1494,-18.2269],[-42.1994,-18.2197],[-42.2086,-18.244],[-42.2511,-18.2333],[-42.3011,-18.1735],[-42.3623,-18.1741],[-42.3869,-18.1222],[-42.4152,-18.1001],[-42.4092,-18.0256],[-42.4205,-18.0055],[-42.4616,-17.9233],[-42.4866,-17.9266],[-42.5221,-17.9489],[-42.5619,-17.9479],[-42.5708,-17.9871],[-42.6068,-17.9921],[-42.6451,-18.0463],[-42.6939,-18.068],[-42.7031,-18.0917],[-42.7621,-18.0829],[-42.7935,-18.1045],[-42.8289,-18.0978],[-42.8668,-18.1231],[-42.9094,-18.1098],[-42.9443,-18.1127],[-42.9897,-18.1491],[-43.0336,-18.0874],[-43.0757,-18.068],[-43.0884,-18.0992],[-43.1369,-18.1081],[-43.1373,-18.1088],[-43.1846,-18.1784],[-43.1859,-18.2004],[-43.2346,-18.2186],[-43.221,-18.2406],[-43.2386,-18.2749],[-43.273,-18.2525],[-43.2628,-18.3034],[-43.2636,-18.3061],[-43.2257,-18.2991],[-43.2022,-18.3403],[-43.1677,-18.3383],[-43.1392,-18.3695],[-43.1344,-18.4241],[-43.1126,-18.4295],[-43.1016,-18.4684],[-43.1678,-18.4821],[-43.1689,-18.526],[-43.1532,-18.5544],[-43.2152,-18.5977],[-43.2057,-18.6228],[-43.2152,-18.6611],[-43.205,-18.7172],[-43.2291,-18.7421],[-43.2466,-18.7722],[-43.2655,-18.7972],[-43.3257,-18.814],[-43.3078,-18.8678],[-43.3579,-18.9059],[-43.3516,-18.9309],[-43.3217,-18.9503],[-43.3118,-19.0123],[-43.2925,-19.0433],[-43.3215,-19.0673],[-43.295,-19.0977],[-43.2606,-19.0959],[-43.2205,-19.0046],[-43.156,-18.9709],[-43.0835,-19.0244],[-43.0783,-19.06],[-43.0427,-19.0681],[-42.9957,-19.103],[-42.9897,-19.1241],[-42.9468,-19.1517],[-42.9341,-19.1192],[-42.9036,-19.1096],[-42.873,-19.1212],[-42.823,-19.1592],[-42.7474,-19.15],[-42.7682,-19.1179],[-42.8004,-19.0961],[-42.8068,-19.0685],[-42.7883,-19.0387],[-42.8084,-19.0011],[-42.777,-18.9779],[-42.7939,-18.9046],[-42.7579,-18.9003],[-42.7414,-18.925],[-42.7043,-18.9181],[-42.6559,-18.9748],[-42.6164,-18.9906],[-42.5954,-18.9622],[-42.556,-18.9396],[-42.4847,-18.9627],[-42.4449,-18.9386],[-42.3905,-18.9276],[-42.3621,-18.9257],[-42.355,-18.9607],[-42.2771,-18.972],[-42.2463,-18.9932],[-42.2084,-18.9844],[-42.1356,-19.0363],[-42.1329,-19.0586],[-42.1778,-19.1208],[-42.2324,-19.156],[-42.2105,-19.1702],[-42.1801,-19.2635],[-42.1527,-19.3255],[-42.1195,-19.3161],[-42.1168,-19.3452],[-42.0977,-19.3632],[-42.042,-19.357],[-42.0284,-19.3767],[-41.9913,-19.3804],[-41.9596,-19.3475],[-41.8876,-19.3865],[-41.8467,-19.4217],[-41.8228,-19.4273],[-41.7677,-19.4065],[-41.7459,-19.3579],[-41.7037,-19.3323],[-41.6778,-19.3801],[-41.57,-19.3442],[-41.5611,-19.3734],[-41.5725,-19.4342],[-41.586,-19.4429],[-41.5361,-19.4882],[-41.5102,-19.4935],[-41.482,-19.5199],[-41.4615,-19.5131],[-41.4321,-19.5407],[-41.3817,-19.588],[-41.3639,-19.6318],[-41.3865,-19.6583],[-41.3807,-19.7125],[-41.393,-19.7492],[-41.3588,-19.7623],[-41.3294,-19.8167],[-41.337,-19.8313],[-41.287,-19.8627],[-41.2979,-19.9376],[-41.2714,-19.9422],[-41.2445,-19.9373],[-41.2296,-19.907],[-41.187,-19.8915],[-41.184,-19.8488],[-41.1641,-19.8064],[-41.1746,-19.7672],[-41.1911,-19.7459],[-41.1743,-19.7156],[-41.1685,-19.6722],[-41.1086,-19.6395],[-41.0993,-19.6042],[-41.0369,-19.5705],[-41.0409,-19.5159],[-40.9883,-19.5079],[-40.9447,-19.461],[-40.9664,-19.4236]]]},"properties":{"ibge_code":"3104","name":"Governador Valadares","codarea":"3104","uf":"MG","uf_code":"31","macro_id":"3","macro_sigla":"SE"}},{"type":"Feature","geometry":{"type":"Polygon","coordinates":[[[-44.5408,-22.1286],[-44.4906,-22.1366],[-44.4756,-22.1201],[-44.4303,-22.1154],[-44.4368,-22.0672],[-44.4081,-22.0176],[-44.409,-21.9741],[-44.3793,-21.9408],[-44.3986,-21.8664],[-44.4407,-21.873],[-44.4563,-21.7961],[-44.4924,-21.7898],[-44.5723,-21.7727],[-44.5813,-21.7514],[-44.5703,-21.6545],[-44.5154,-21.618],[-44.4966,-21.5765],[-44.6456,-21.6209],[-44.6762,-21.6403],[-44.7534,-21.605],[-44.7916,-21.5965],[-44.8041,-21.5865],[-44.868,-21.6078],[-44.8781,-21.6277],[-44.8931,-21.686],[-44.8824,-21.7082],[-44.8875,-21.7573],[-44.8662,-21.797],[-44.8848,-21.8368],[-44.9396,-21.8295],[-44.9763,-21.8516],[-44.9823,-21.8322],[-45.0257,-21.8205],[-45.0432,-21.7778],[-45.0831,-21.7725],[-45.1171,-21.7837],[-45.1166,-21.8518],[-45.1417,-21.8677],[-45.2157,-21.9097],[-45.2704,-21.9487],[-45.2717,-21.9085],[-45.3544,-21.9444],[-45.4362,-21.9774],[-45.4769,-21.9898],[-45.5319,-22.006],[-45.6186,-22.0188],[-45.6434,-21.9854],[-45.6843,-21.9797],[-45.7168,-21.9941],[-45.7308,-21.955],[-45.7456,-21.9235],[-45.7293,-21.8835],[-45.7389,-21.862],[-45.7316,-21.8055],[-45.7875,-21.8229],[-45.849,-21.8087],[-45.8753,-21.8476],[-45.8592,-21.8938],[-45.9248,-21.9177],[-45.9612,-21.9167],[-45.9827,-21.8873],[-46.0321,-21.8863],[-46.0615,-21.8756],[-46.0805,-21.8582],[-46.1249,-21.8214],[-46.1438,-21.7679],[-46.102,-21.7421],[-46.1078,-21.7051],[-46.084,-21.6525],[-46.1256,-21.6397],[-46.1743,-21.5817],[-46.2299,-21.5908],[-46.2527,-21.5542],[-46.2956,-21.5718],[-46.3225,-21.5732],[-46.3616,-21.5865],[-46.385,-21.5695],[-46.4198,-21.5703],[-46.4545,-21.5529],[-46.495,-21.5893],[-46.5118,-21.5654],[-46.5547,-21.6534],[-46.5646,-21.6787],[-46.6145,-21.6765],[-46.6307,-21.7686],[-46.6907,-21.8376],[-46.666,-21.8484],[-46.6475,-21.8805],[-46.6738,-21.9111],[-46.6428,-21.9766],[-46.6179,-21.995],[-46.6499,-22.0095],[-46.6854,-22.0374],[-46.6648,-22.0689],[-46.7195,-22.0833],[-46.7001,-22.0951],[-46.6468,-22.0919],[-46.6242,-22.1085],[-46.613,-22.1503],[-46.6456,-22.1806],[-46.6718,-22.1783],[-46.6803,-22.2165],[-46.7069,-22.2579],[-46.7233,-22.3066],[-46.6609,-22.366],[-46.6665,-22.4151],[-46.6163,-22.4386],[-46.5548,-22.4466],[-46.5499,-22.4695],[-46.5421,-22.4944],[-46.4565,-22.5217],[-46.4146,-22.5579],[-46.4243,-22.5994],[-46.3931,-22.663],[-46.4691,-22.6732],[-46.4731,-22.705],[-46.4527,-22.7276],[-46.3728,-22.7468],[-46.3326,-22.7661],[-46.3617,-22.7889],[-46.3745,-22.8202],[-46.3763,-22.8771],[-46.3449,-22.9052],[-46.279,-22.8783],[-46.2574,-22.8909],[-46.1922,-22.8652],[-46.1413,-22.8681],[-46.1391,-22.9228],[-46.0952,-22.8944],[-46.0507,-22.897],[-46.0085,-22.8895],[-45.9565,-22.8498],[-45.909,-22.8296],[-45.871,-22.8715],[-45.8481,-22.8378],[-45.768,-22.836],[-45.7709,-22.8059],[-45.7122,-22.7698],[-45.7326,-22.722],[-45.8051,-22.7373],[-45.8116,-22.6987],[-45.7879,-22.6934],[-45.7428,-22.6592],[-45.698,-22.6498],[-45.73,-22.6187],[-45.7268,-22.587],[-45.6787,-22.5733],[-45.6599,-22.599],[-45.6811,-22.6363],[-45.6662,-22.6512],[-45.6181,-22.6379],[-45.5765,-22.6017],[-45.5599,-22.6276],[-45.5804,-22.6529],[-45.5249,-22.6469],[-45.4888,-22.6288],[-45.4804,-22.5905],[-45.4204,-22.6212],[-45.4,-22.6537],[-45.333,-22.6176],[-45.2691,-22.6114],[-45.2545,-22.5816],[-45.1772,-22.5467],[-45.1668,-22.5307],[-45.1244,-22.4972],[-45.1028,-22.4899],[-45.0549,-22.4705],[-44.9907,-22.4665],[-44.9659,-22.4752],[-44.9396,-22.4526],[-44.8897,-22.4321],[-44.8439,-22.4278],[-44.8094,-22.4056],[-44.8094,-22.4043],[-44.8035,-22.3937],[-44.7296,-22.3608],[-44.6659,-22.3727],[-44.6661,-22.3202],[-44.6134,-22.2873],[-44.5976,-22.2552],[-44.6066,-22.2255],[-44.5717,-22.201],[-44.5599,-22.1598],[-44.5408,-22.1286]]]},"properties":{"ibge_code":"3109","name":"Pouso Alegre","codarea":"3109","uf":"MG","uf_code":"31","macro_id":"3","macro_sigla":"SE"}},{"type":"Feature","geometry":{"type":"Polygon","coordinates":[[[-43.2906,-20.9551],[-43.2952,-20.8533],[-43.3037,-20.8198],[-43.2664,-20.8035],[-43.2772,-20.7537],[-43.2487,-20.7268],[-43.215,-20.7146],[-43.1632,-20.7243],[-43.1644,-20.6602],[-43.1867,-20.5858],[-43.138,-20.5618],[-43.1573,-20.5116],[-43.2504,-20.5476],[-43.2609,-20.5179],[-43.291,-20.4966],[-43.3673,-20.5494],[-43.4033,-20.547],[-43.4425,-20.6234],[-43.4585,-20.6323],[-43.5006,-20.6227],[-43.5335,-20.5952],[-43.5647,-20.6058],[-43.6013,-20.5841],[-43.5976,-20.5406],[-43.5801,-20.5084],[-43.6617,-20.4334],[-43.6875,-20.4315],[-43.7122,-20.4615],[-43.748,-20.4605],[-43.7663,-20.4996],[-43.8021,-20.5029],[-43.7979,-20.4575],[-43.8875,-20.4197],[-43.9155,-20.4264],[-43.9271,-20.4049],[-43.999,-20.3786],[-44.0253,-20.3835],[-44.0694,-20.3521],[-44.0817,-20.3087],[-44.1217,-20.3078],[-44.1566,-20.3517],[-44.1516,-20.4219],[-44.1455,-20.4639],[-44.1738,-20.4927],[-44.1587,-20.5112],[-44.1802,-20.5229],[-44.2153,-20.5165],[-44.304,-20.5527],[-44.3156,-20.5855],[-44.3339,-20.6147],[-44.3572,-20.6081],[-44.3606,-20.6373],[-44.4029,-20.6674],[-44.3942,-20.6909],[-44.4213,-20.7125],[-44.4294,-20.7662],[-44.4477,-20.7863],[-44.4751,-20.7933],[-44.5151,-20.834],[-44.5685,-20.8047],[-44.6108,-20.8116],[-44.6411,-20.8563],[-44.7091,-20.8489],[-44.6594,-20.8986],[-44.6611,-20.99],[-44.6488,-20.9925],[-44.6213,-21.0958],[-44.6343,-21.0872],[-44.7108,-21.1369],[-44.7073,-21.1956],[-44.7329,-21.2116],[-44.6904,-21.2176],[-44.6573,-21.275],[-44.5987,-21.3077],[-44.6024,-21.3466],[-44.5748,-21.3093],[-44.5565,-21.3127],[-44.5113,-21.3541],[-44.5209,-21.3929],[-44.4818,-21.4082],[-44.4549,-21.471],[-44.4563,-21.5183],[-44.4966,-21.5765],[-44.5154,-21.618],[-44.5703,-21.6545],[-44.5813,-21.7514],[-44.5723,-21.7727],[-44.4924,-21.7898],[-44.497,-21.7726],[-44.4588,-21.7321],[-44.4208,-21.7124],[-44.3846,-21.7142],[-44.349,-21.6875],[-44.3557,-21.6564],[-44.3992,-21.6213],[-44.3864,-21.5861],[-44.3285,-21.5971],[-44.2706,-21.5767],[-44.2435,-21.6125],[-44.2208,-21.5668],[-44.1879,-21.5644],[-44.1636,-21.5894],[-44.1647,-21.6117],[-44.1367,-21.6563],[-44.0773,-21.6629],[-44.0713,-21.7305],[-44.0264,-21.7143],[-43.9939,-21.6894],[-43.9571,-21.6351],[-43.8865,-21.6839],[-43.873,-21.6788],[-43.8272,-21.6068],[-43.8405,-21.5824],[-43.8146,-21.5262],[-43.7397,-21.5317],[-43.7061,-21.5853],[-43.6822,-21.5704],[-43.6854,-21.5293],[-43.6489,-21.4975],[-43.6731,-21.4635],[-43.6771,-21.4322],[-43.7096,-21.4133],[-43.6873,-21.3849],[-43.6311,-21.3757],[-43.6201,-21.3503],[-43.5808,-21.3188],[-43.5376,-21.3142],[-43.4767,-21.2806],[-43.4412,-21.2507],[-43.4514,-21.1939],[-43.4172,-21.1581],[-43.3639,-21.1518],[-43.3528,-21.0927],[-43.2717,-21.0583],[-43.2434,-21.0835],[-43.233,-21.0478],[-43.2557,-21.0108],[-43.2391,-20.969],[-43.2906,-20.9551]]]},"properties":{"ibge_code":"3107","name":"Barbacena","codarea":"3107","uf":"MG","uf_code":"31","macro_id":"3","macro_sigla":"SE"}},{"type":"Feature","geometry":{"type":"Polygon","coordinates":[[[-44.4836,-18.0745],[-44.5383,-18.0488],[-44.5269,-17.9991],[-44.5439,-17.9837],[-44.5919,-17.9889],[-44.6209,-18.0557],[-44.6732,-18.0879],[-44.7078,-18.0867],[-44.7336,-18.1395],[-44.7495,-18.1518],[-44.801,-18.132],[-44.8476,-18.13],[-44.8741,-18.097],[-44.9318,-18.0815],[-44.9521,-18.0863],[-45.0099,-18.0602],[-45.0203,-18.0076],[-45.0733,-17.9684],[-45.0993,-17.9631],[-45.1164,-17.9308],[-45.1797,-17.9583],[-45.1984,-17.9878],[-45.18,-18.0293],[-45.2088,-18.0578],[-45.1834,-18.0902],[-45.1878,-18.1238],[-45.2318,-18.1082],[-45.2388,-18.1784],[-45.2673,-18.2209],[-45.2631,-18.2603],[-45.287,-18.27],[-45.3159,-18.3088],[-45.2837,-18.3535],[-45.3035,-18.4126],[-45.3582,-18.447],[-45.3523,-18.4742],[-45.295,-18.4915],[-45.2203,-18.542],[-45.2375,-18.5934],[-45.2457,-18.6359],[-45.1896,-18.7291],[-45.2021,-18.7817],[-45.1859,-18.8095],[-45.1605,-18.8076],[-45.1328,-18.838],[-45.0666,-18.8474],[-45.0557,-18.8217],[-44.9862,-18.8233],[-44.8914,-18.8622],[-44.8708,-18.8438],[-44.7799,-18.8734],[-44.7874,-18.9891],[-44.7512,-18.9858],[-44.7357,-19.0157],[-44.6828,-19.0576],[-44.7097,-19.1105],[-44.6782,-19.1412],[-44.6711,-19.166],[-44.6942,-19.2061],[-44.6517,-19.2267],[-44.6271,-19.2427],[-44.5656,-19.343],[-44.5285,-19.3683],[-44.5501,-19.4264],[-44.5541,-19.4307],[-44.5791,-19.5075],[-44.5579,-19.5367],[-44.5699,-19.5618],[-44.546,-19.5862],[-44.5652,-19.6042],[-44.5408,-19.6069],[-44.498,-19.639],[-44.4986,-19.705],[-44.4347,-19.7396],[-44.4441,-19.7655],[-44.4422,-19.7818],[-44.4817,-19.8356],[-44.5145,-19.8597],[-44.5271,-19.9531],[-44.5419,-19.9674],[-44.5163,-19.981],[-44.4987,-20.0133],[-44.5006,-20.0726],[-44.445,-20.1477],[-44.4047,-20.1276],[-44.3544,-20.1213],[-44.3378,-20.1196],[-44.3508,-20.1597],[-44.3162,-20.1799],[-44.2865,-20.1789],[-44.2668,-20.2506],[-44.218,-20.229],[-44.1951,-20.2368],[-44.164,-20.217],[-44.1404,-20.2485],[-44.1178,-20.2503],[-44.1217,-20.3078],[-44.0817,-20.3087],[-44.0694,-20.3521],[-44.0253,-20.3835],[-43.999,-20.3786],[-43.9271,-20.4049],[-43.9155,-20.4264],[-43.8875,-20.4197],[-43.7979,-20.4575],[-43.8021,-20.5029],[-43.7663,-20.4996],[-43.748,-20.4605],[-43.7122,-20.4615],[-43.6875,-20.4315],[-43.6617,-20.4334],[-43.5801,-20.5084],[-43.5976,-20.5406],[-43.6013,-20.5841],[-43.5647,-20.6058],[-43.5335,-20.5952],[-43.5006,-20.6227],[-43.4585,-20.6323],[-43.4425,-20.6234],[-43.4033,-20.547],[-43.3673,-20.5494],[-43.291,-20.4966],[-43.2686,-20.4511],[-43.2193,-20.4543],[-43.1936,-20.4272],[-43.1553,-20.46],[-43.1248,-20.4487],[-43.1229,-20.4301],[-43.1684,-20.4001],[-43.1639,-20.3626],[-43.1329,-20.3407],[-43.1812,-20.2874],[-43.1458,-20.2333],[-43.1628,-20.1772],[-43.1923,-20.1743],[-43.2275,-20.2017],[-43.2533,-20.189],[-43.292,-20.2142],[-43.3556,-20.1967],[-43.3451,-20.1397],[-43.3158,-20.0779],[-43.288,-20.0536],[-43.272,-20.0046],[-43.2108,-19.9707],[-43.2335,-19.9207],[-43.2205,-19.8928],[-43.2845,-19.9019],[-43.317,-19.8916],[-43.3563,-19.9215],[-43.3741,-19.9088],[-43.4194,-19.9094],[-43.4335,-19.8762],[-43.3943,-19.8649],[-43.3906,-19.7724],[-43.3865,-19.7448],[-43.3996,-19.6717],[-43.3338,-19.677],[-43.3292,-19.736],[-43.2713,-19.777],[-43.223,-19.7834],[-43.1957,-19.789],[-43.1626,-19.7759],[-43.1656,-19.7478],[-43.1101,-19.7267],[-43.0828,-19.6531],[-43.062,-19.6266],[-43.0574,-19.5778],[-43.0445,-19.5648],[-43.0441,-19.5167],[-43.0641,-19.4673],[-43.0463,-19.4229],[-42.9814,-19.4987],[-42.9671,-19.5314],[-42.9116,-19.5139],[-42.9109,-19.4815],[-42.8767,-19.4322],[-42.8205,-19.4089],[-42.7921,-19.4079],[-42.742,-19.3553],[-42.727,-19.3204],[-42.7439,-19.282],[-42.7462,-19.2253],[-42.7756,-19.2152],[-42.7925,-19.1883],[-42.781,-19.1603],[-42.7486,-19.1524],[-42.7474,-19.15],[-42.823,-19.1592],[-42.873,-19.1212],[-42.9036,-19.1096],[-42.9341,-19.1192],[-42.9468,-19.1517],[-42.9897,-19.1241],[-42.9957,-19.103],[-43.0427,-19.0681],[-43.0783,-19.06],[-43.0835,-19.0244],[-43.156,-18.9709],[-43.2205,-19.0046],[-43.2606,-19.0959],[-43.295,-19.0977],[-43.3215,-19.0673],[-43.2925,-19.0433],[-43.3118,-19.0123],[-43.3217,-18.9503],[-43.3516,-18.9309],[-43.3579,-18.9059],[-43.3078,-18.8678],[-43.3793,-18.8571],[-43.4273,-18.881],[-43.4535,-18.8635],[-43.4638,-18.8104],[-43.4846,-18.8104],[-43.5181,-18.7783],[-43.4938,-18.7465],[-43.4914,-18.7182],[-43.564,-18.7044],[-43.6118,-18.6716],[-43.6536,-18.6657],[-43.6783,-18.6454],[-43.7287,-18.6477],[-43.736,-18.6242],[-43.7657,-18.6387],[-43.8017,-18.6194],[-43.8197,-18.6534],[-43.8689,-18.6715],[-43.8935,-18.6641],[-43.9196,-18.6326],[-43.9796,-18.6399],[-43.9987,-18.6678],[-44.0483,-18.6468],[-44.0685,-18.5675],[-44.0131,-18.541],[-43.987,-18.5466],[-43.8686,-18.4819],[-43.8607,-18.4439],[-43.8254,-18.399],[-43.8586,-18.3686],[-43.8785,-18.3628],[-43.9303,-18.3775],[-43.9884,-18.3454],[-44.0008,-18.289],[-44.0549,-18.2748],[-44.0884,-18.2204],[-44.0441,-18.2003],[-44.015,-18.2126],[-43.9542,-18.1576],[-43.9558,-18.141],[-43.9177,-18.1189],[-43.9369,-18.0597],[-43.8199,-18.0259],[-43.7911,-17.955],[-43.7637,-17.9246],[-43.8034,-17.8897],[-43.8407,-17.8334],[-43.8654,-17.7615],[-43.9011,-17.7285],[-43.8875,-17.7102],[-43.8999,-17.6627],[-43.8902,-17.6286],[-43.9199,-17.5695],[-43.9564,-17.5553],[-43.9732,-17.5719],[-43.9721,-17.62],[-43.9892,-17.6382],[-43.9966,-17.719],[-44.0553,-17.7817],[-44.074,-17.8339],[-44.1731,-17.8129],[-44.2723,-17.8199],[-44.2979,-17.8109],[-44.3061,-17.852],[-44.3021,-17.9097],[-44.3514,-17.9131],[-44.3866,-17.9344],[-44.4046,-18.0196],[-44.4271,-18.0755],[-44.4836,-18.0745]]]},"properties":{"ibge_code":"3101","name":"Belo Horizonte","codarea":"3101","uf":"MG","uf_code":"31","macro_id":"3","macro_sigla":"SE"}},{"type":"Feature","geometry":{"type":"Polygon","coordinates":[[[-45.8183,-15.4051],[-45.7771,-15.3678],[-45.7099,-15.3404],[-45.6741,-15.3084],[-45.6081,-15.2349],[-45.6371,-15.2289],[-45.7199,-15.2415],[-45.7542,-15.2087],[-45.7682,-15.1793],[-45.7398,-15.1204],[-45.8117,-15.1128],[-45.8722,-15.1588],[-45.9187,-15.1334],[-45.9606,-15.1439],[-45.9845,-15.196],[-46.0295,-15.2018],[-46.0581,-15.2627],[-46.0971,-15.2431],[-46.1165,-15.2048],[-46.0478,-15.1637],[-46.0437,-15.1181],[-45.975,-15.0369],[-45.9661,-14.9656],[-46.0039,-14.9023],[-46.0376,-14.8747],[-46.0394,-14.8753],[-46.0881,-14.9364],[-46.1191,-14.9206],[-46.1721,-14.9473],[-46.2322,-14.9223],[-46.2869,-14.9281],[-46.3193,-14.9004],[-46.3005,-14.8581],[-46.3251,-14.8456],[-46.3222,-14.8146],[-46.4238,-14.756],[-46.4749,-14.7052],[-46.5034,-14.7041],[-46.5103,-14.7383],[-46.5442,-14.753],[-46.5638,-14.7834],[-46.5605,-14.815],[-46.5216,-14.8512],[-46.5399,-14.8919],[-46.5408,-14.9516],[-46.5181,-14.9705],[-46.5308,-15.0053],[-46.5027,-15.0509],[-46.5261,-15.0564],[-46.5775,-15.0841],[-46.6254,-15.0895],[-46.6817,-15.0586],[-46.7859,-15.0184],[-46.8569,-15.0103],[-46.9251,-15.0575],[-46.926,-15.0736],[-46.8883,-15.1125],[-46.9373,-15.205],[-46.9277,-15.2551],[-46.8915,-15.2353],[-46.8737,-15.2854],[-46.8359,-15.3265],[-46.8495,-15.3732],[-46.9119,-15.4115],[-46.9305,-15.4431],[-46.9461,-15.5633],[-46.8826,-15.6101],[-46.8549,-15.6183],[-46.8558,-15.6818],[-46.8278,-15.7287],[-46.8131,-15.7872],[-46.8232,-15.8246],[-46.8062,-15.8706],[-46.8249,-15.8857],[-46.9525,-15.9166],[-47.0565,-15.9378],[-47.1067,-15.9583],[-47.1366,-15.9274],[-47.2094,-15.9901],[-47.2264,-16.016],[-47.2869,-16.0093],[-47.31,-16.0363],[-47.3085,-16.05],[-47.3126,-16.0888],[-47.3523,-16.1338],[-47.3226,-16.2091],[-47.322,-16.2314],[-47.3516,-16.2754],[-47.3655,-16.3299],[-47.4272,-16.3989],[-47.4289,-16.437],[-47.455,-16.466],[-47.4595,-16.5041],[-47.431,-16.549],[-47.3738,-16.5932],[-47.3473,-16.5908],[-47.2877,-16.6423],[-47.2518,-16.6645],[-47.2462,-16.7005],[-47.2257,-16.7205],[-47.2365,-16.7553],[-47.2197,-16.7781],[-47.2064,-16.8384],[-47.2084,-16.8747],[-47.1807,-16.9018],[-47.1545,-16.9529],[-47.1295,-16.9752],[-47.1466,-17.0323],[-47.1781,-17.0408],[-47.1981,-17.0723],[-47.2252,-17.0775],[-47.2775,-17.111],[-47.2931,-17.1394],[-47.3485,-17.1762],[-47.3842,-17.2478],[-47.4111,-17.2492],[-47.4379,-17.3179],[-47.4868,-17.3495],[-47.5108,-17.3261],[-47.5246,-17.4119],[-47.5366,-17.4571],[-47.5133,-17.4632],[-47.5089,-17.5012],[-47.4669,-17.534],[-47.4004,-17.5118],[-47.3747,-17.5235],[-47.3254,-17.5238],[-47.3131,-17.5434],[-47.2648,-17.6114],[-47.279,-17.6427],[-47.2725,-17.674],[-47.314,-17.6998],[-47.317,-17.7252],[-47.3547,-17.8151],[-47.3567,-17.8941],[-47.3418,-17.9002],[-47.323,-17.9835],[-47.2834,-18.0408],[-47.3243,-18.0698],[-47.37,-18.116],[-47.4079,-18.1419],[-47.4298,-18.1652],[-47.4108,-18.2208],[-47.3706,-18.224],[-47.3812,-18.2617],[-47.347,-18.3175],[-47.3598,-18.3465],[-47.3129,-18.4227],[-47.3148,-18.4621],[-47.3326,-18.5048],[-47.3296,-18.5355],[-47.2967,-18.5532],[-47.3319,-18.5884],[-47.3485,-18.6436],[-47.3392,-18.6792],[-47.2775,-18.7268],[-47.3146,-18.7846],[-47.2792,-18.927],[-47.3133,-18.9322],[-47.3395,-18.9594],[-47.341,-19.0173],[-47.3601,-19.0328],[-47.3895,-19.1276],[-47.3163,-19.1277],[-47.2773,-19.1467],[-47.2202,-19.1413],[-47.1425,-19.1877],[-47.0868,-19.1827],[-47.0305,-19.2358],[-46.9568,-19.2691],[-46.9268,-19.2893],[-46.8985,-19.2709],[-46.8373,-19.3034],[-46.7981,-19.3057],[-46.7198,-19.2959],[-46.6904,-19.3184],[-46.5937,-19.3182],[-46.5462,-19.3374],[-46.4962,-19.3137],[-46.4503,-19.3114],[-46.4221,-19.3306],[-46.3905,-19.4017],[-46.3174,-19.3828],[-46.307,-19.4109],[-46.2662,-19.4317],[-46.1734,-19.4229],[-46.1555,-19.4102],[-46.1332,-19.4618],[-46.1276,-19.5426],[-46.042,-19.5544],[-46.0131,-19.5311],[-45.9775,-19.4596],[-45.9022,-19.4652],[-45.9007,-19.4379],[-45.8516,-19.3253],[-45.8097,-19.2419],[-45.8039,-19.196],[-45.7841,-19.1572],[-45.742,-19.0511],[-45.7156,-19.0315],[-45.6994,-18.9847],[-45.6692,-18.8452],[-45.6454,-18.8365],[-45.637,-18.7919],[-45.702,-18.7611],[-45.6922,-18.7085],[-45.6683,-18.7005],[-45.6391,-18.665],[-45.6372,-18.609],[-45.6155,-18.5724],[-45.6225,-18.522],[-45.6448,-18.482],[-45.6283,-18.4184],[-45.5765,-18.3714],[-45.5738,-18.3572],[-45.5082,-18.3163],[-45.407,-18.3174],[-45.3441,-18.259],[-45.3186,-18.2207],[-45.2673,-18.2209],[-45.2388,-18.1784],[-45.2318,-18.1082],[-45.1878,-18.1238],[-45.1834,-18.0902],[-45.2088,-18.0578],[-45.18,-18.0293],[-45.1984,-17.9878],[-45.2406,-17.9762],[-45.2636,-17.9917],[-45.2904,-17.9616],[-45.3378,-17.9387],[-45.3452,-17.9103],[-45.3879,-17.9016],[-45.4466,-17.9168],[-45.4676,-17.9054],[-45.4564,-17.8471],[-45.4664,-17.8314],[-45.4342,-17.7872],[-45.4286,-17.7557],[-45.445,-17.7369],[-45.4118,-17.7063],[-45.4036,-17.6684],[-45.4554,-17.6045],[-45.4346,-17.5829],[-45.3906,-17.5791],[-45.3845,-17.5214],[-45.4202,-17.4847],[-45.4415,-17.4871],[-45.504,-17.4508],[-45.5174,-17.4221],[-45.553,-17.4081],[-45.5618,-17.3817],[-45.5294,-17.3576],[-45.5053,-17.3226],[-45.507,-17.2708],[-45.4864,-17.1816],[-45.4533,-17.1547],[-45.4358,-17.1176],[-45.5293,-17.0985],[-45.5213,-17.0837],[-45.5611,-17.0443],[-45.5109,-17.0355],[-45.5049,-16.9609],[-45.5221,-16.9394],[-45.5643,-16.9414],[-45.5929,-16.8908],[-45.6197,-16.8754],[-45.6644,-16.8886],[-45.6965,-16.8829],[-45.7213,-16.8983],[-45.7737,-16.8563],[-45.7775,-16.8317],[-45.8277,-16.8309],[-45.8559,-16.8107],[-45.8581,-16.7642],[-45.8852,-16.7288],[-45.8887,-16.7028],[-45.9447,-16.7187],[-45.9583,-16.695],[-45.9915,-16.6941],[-46.0156,-16.6372],[-45.9708,-16.6077],[-45.9518,-16.554],[-45.9102,-16.5306],[-45.8464,-16.5035],[-45.8306,-16.5064],[-45.7837,-16.4615],[-45.7519,-16.4503],[-45.7127,-16.4126],[-45.7193,-16.3878],[-45.704,-16.3476],[-45.707,-16.3022],[-45.6805,-16.2499],[-45.6768,-16.2105],[-45.6552,-16.1827],[-45.6147,-16.1774],[-45.5682,-16.2229],[-45.5053,-16.2579],[-45.4838,-16.3008],[-45.4233,-16.2793],[-45.3659,-16.325],[-45.3039,-16.2679],[-45.3173,-16.2693],[-45.3616,-16.2232],[-45.3621,-16.1521],[-45.3942,-16.1238],[-45.3668,-16.0875],[-45.3863,-16.0461],[-45.4207,-16.0165],[-45.4376,-15.982],[-45.4151,-15.9267],[-45.366,-15.8894],[-45.3867,-15.8886],[-45.4655,-15.7805],[-45.5084,-15.7658],[-45.5861,-15.7184],[-45.56,-15.6895],[-45.5876,-15.6548],[-45.5836,-15.5803],[-45.6007,-15.5492],[-45.5843,-15.512],[-45.6004,-15.4414],[-45.66,-15.4168],[-45.7274,-15.4381],[-45.7559,-15.4107],[-45.7927,-15.4309],[-45.8183,-15.4051]]]},"properties":{"ibge_code":"3112","name":"Patos de Minas","codarea":"3112","uf":"MG","uf_code":"31","macro_id":"3","macro_sigla":"SE"}},{"type":"Feature","geometry":{"type":"Polygon","coordinates":[[[-41.7479,-15.5892],[-41.7134,-15.5761],[-41.6918,-15.5243],[-41.7044,-15.5089],[-41.6778,-15.5054],[-41.5879,-15.5209],[-41.5282,-15.5179],[-41.5026,-15.5265],[-41.4468,-15.4873],[-41.4207,-15.4823],[-41.3643,-15.493],[-41.4561,-15.4103],[-41.7599,-15.138],[-41.8023,-15.1003],[-41.8103,-15.1014],[-41.8725,-15.1165],[-41.897,-15.1519],[-41.9534,-15.1757],[-41.9947,-15.1589],[-42.0485,-15.1707],[-42.0961,-15.1824],[-42.1554,-15.0979],[-42.2231,-15.0996],[-42.2656,-15.125],[-42.2776,-15.1137],[-42.3237,-15.0936],[-42.3549,-15.0982],[-42.3719,-15.0736],[-42.4011,-15.0772],[-42.4429,-15.0613],[-42.4436,-15.0206],[-42.479,-15.0142],[-42.5157,-14.9829],[-42.5607,-14.9623],[-42.5856,-14.9316],[-42.6187,-14.9397],[-42.6486,-14.93],[-42.7069,-14.8812],[-42.7472,-14.8678],[-42.7551,-14.8464],[-42.7955,-14.8373],[-42.8724,-14.7754],[-42.8721,-14.7647],[-42.9112,-14.7457],[-42.9527,-14.7084],[-43.0109,-14.7017],[-43.0367,-14.6831],[-43.0915,-14.6833],[-43.175,-14.6511],[-43.2451,-14.6565],[-43.4242,-14.7201],[-43.4613,-14.7462],[-43.487,-14.7903],[-43.5308,-14.8155],[-43.531,-14.8154],[-43.5416,-14.7791],[-43.5863,-14.7501],[-43.615,-14.7599],[-43.7122,-14.7153],[-43.8469,-14.6721],[-43.8746,-14.6368],[-43.8812,-14.5624],[-43.8703,-14.5131],[-43.832,-14.443],[-43.8184,-14.3877],[-43.7832,-14.3392],[-43.8284,-14.3157],[-43.8809,-14.3118],[-43.8973,-14.299],[-43.9619,-14.291],[-43.9966,-14.2657],[-44.0457,-14.2838],[-44.1073,-14.2591],[-44.1704,-14.2687],[-44.2091,-14.2467],[-44.296,-14.2532],[-44.3406,-14.2494],[-44.3616,-14.2728],[-44.4118,-14.2816],[-44.4883,-14.3286],[-44.5108,-14.3227],[-44.5661,-14.3414],[-44.5992,-14.3681],[-44.6589,-14.3958],[-44.7414,-14.4671],[-44.8108,-14.5031],[-44.8692,-14.5934],[-44.981,-14.6456],[-44.9957,-14.6678],[-45.0477,-14.6905],[-45.0651,-14.7309],[-45.0958,-14.753],[-45.1665,-14.7353],[-45.2056,-14.7447],[-45.243,-14.7864],[-45.3057,-14.8337],[-45.364,-14.8717],[-45.3689,-14.8904],[-45.4103,-14.9234],[-45.4352,-14.9226],[-45.4553,-14.9491],[-45.4901,-14.9608],[-45.5361,-14.9381],[-45.5943,-14.9785],[-45.6169,-15.0141],[-45.65,-15.0238],[-45.6732,-15.0778],[-45.7398,-15.1204],[-45.7682,-15.1793],[-45.7542,-15.2087],[-45.7199,-15.2415],[-45.6371,-15.2289],[-45.6081,-15.2349],[-45.6741,-15.3084],[-45.7099,-15.3404],[-45.7771,-15.3678],[-45.8183,-15.4051],[-45.7927,-15.4309],[-45.7559,-15.4107],[-45.7274,-15.4381],[-45.66,-15.4168],[-45.6004,-15.4414],[-45.5843,-15.512],[-45.6007,-15.5492],[-45.5836,-15.5803],[-45.5876,-15.6548],[-45.56,-15.6895],[-45.5861,-15.7184],[-45.5084,-15.7658],[-45.4655,-15.7805],[-45.3867,-15.8886],[-45.366,-15.8894],[-45.4151,-15.9267],[-45.4376,-15.982],[-45.4207,-16.0165],[-45.3863,-16.0461],[-45.3668,-16.0875],[-45.3942,-16.1238],[-45.3621,-16.1521],[-45.3616,-16.2232],[-45.3173,-16.2693],[-45.3039,-16.2679],[-45.3659,-16.325],[-45.4233,-16.2793],[-45.4838,-16.3008],[-45.5053,-16.2579],[-45.5682,-16.2229],[-45.6147,-16.1774],[-45.6552,-16.1827],[-45.6768,-16.2105],[-45.6805,-16.2499],[-45.707,-16.3022],[-45.704,-16.3476],[-45.7193,-16.3878],[-45.7127,-16.4126],[-45.7519,-16.4503],[-45.7837,-16.4615],[-45.8306,-16.5064],[-45.8464,-16.5035],[-45.9102,-16.5306],[-45.9518,-16.554],[-45.9708,-16.6077],[-46.0156,-16.6372],[-45.9915,-16.6941],[-45.9583,-16.695],[-45.9447,-16.7187],[-45.8887,-16.7028],[-45.8852,-16.7288],[-45.8581,-16.7642],[-45.8559,-16.8107],[-45.8277,-16.8309],[-45.7775,-16.8317],[-45.7737,-16.8563],[-45.7213,-16.8983],[-45.6965,-16.8829],[-45.6644,-16.8886],[-45.6197,-16.8754],[-45.5929,-16.8908],[-45.5643,-16.9414],[-45.5221,-16.9394],[-45.5049,-16.9609],[-45.5109,-17.0355],[-45.5611,-17.0443],[-45.5213,-17.0837],[-45.5293,-17.0985],[-45.4358,-17.1176],[-45.4533,-17.1547],[-45.4864,-17.1816],[-45.507,-17.2708],[-45.5053,-17.3226],[-45.5294,-17.3576],[-45.5618,-17.3817],[-45.553,-17.4081],[-45.5174,-17.4221],[-45.504,-17.4508],[-45.4415,-17.4871],[-45.4202,-17.4847],[-45.3845,-17.5214],[-45.3906,-17.5791],[-45.4346,-17.5829],[-45.4554,-17.6045],[-45.4036,-17.6684],[-45.4118,-17.7063],[-45.445,-17.7369],[-45.4286,-17.7557],[-45.4342,-17.7872],[-45.4664,-17.8314],[-45.4564,-17.8471],[-45.4676,-17.9054],[-45.4466,-17.9168],[-45.3879,-17.9016],[-45.3452,-17.9103],[-45.3378,-17.9387],[-45.2904,-17.9616],[-45.2636,-17.9917],[-45.2406,-17.9762],[-45.1984,-17.9878],[-45.1797,-17.9583],[-45.1164,-17.9308],[-45.0993,-17.9631],[-45.0733,-17.9684],[-45.0203,-18.0076],[-45.0099,-18.0602],[-44.9521,-18.0863],[-44.9318,-18.0815],[-44.8741,-18.097],[-44.8476,-18.13],[-44.801,-18.132],[-44.7495,-18.1518],[-44.7336,-18.1395],[-44.7078,-18.0867],[-44.6732,-18.0879],[-44.6209,-18.0557],[-44.5919,-17.9889],[-44.5439,-17.9837],[-44.5269,-17.9991],[-44.5383,-18.0488],[-44.4836,-18.0745],[-44.4271,-18.0755],[-44.4046,-18.0196],[-44.3866,-17.9344],[-44.3514,-17.9131],[-44.3021,-17.9097],[-44.3061,-17.852],[-44.2979,-17.8109],[-44.2723,-17.8199],[-44.1731,-17.8129],[-44.074,-17.8339],[-44.0553,-17.7817],[-43.9966,-17.719],[-43.9892,-17.6382],[-43.9721,-17.62],[-43.9732,-17.5719],[-43.9564,-17.5553],[-43.9199,-17.5695],[-43.8902,-17.6286],[-43.8999,-17.6627],[-43.8875,-17.7102],[-43.9011,-17.7285],[-43.8654,-17.7615],[-43.8407,-17.8334],[-43.8034,-17.8897],[-43.7637,-17.9246],[-43.7506,-17.8901],[-43.6964,-17.8768],[-43.6771,-17.8311],[-43.6071,-17.7499],[-43.6027,-17.6707],[-43.6111,-17.6294],[-43.5678,-17.6108],[-43.5807,-17.5829],[-43.5493,-17.5398],[-43.5031,-17.56],[-43.4364,-17.5307],[-43.371,-17.5225],[-43.319,-17.4731],[-43.2799,-17.3957],[-43.2954,-17.3797],[-43.2415,-17.4205],[-43.2176,-17.4143],[-43.1983,-17.3988],[-43.2008,-17.3636],[-43.2285,-17.3445],[-43.1903,-17.2918],[-43.1337,-17.3044],[-43.0835,-17.2531],[-43.0696,-17.2244],[-43.0255,-17.186],[-42.9852,-17.1661],[-42.9698,-17.1056],[-42.8988,-17.0396],[-42.8353,-17.0424],[-42.796,-17.0196],[-42.7579,-16.9436],[-42.7444,-16.9084],[-42.7574,-16.8861],[-42.737,-16.8516],[-42.7331,-16.8268],[-42.6815,-16.809],[-42.642,-16.7703],[-42.6005,-16.7321],[-42.5581,-16.7341],[-42.5425,-16.7086],[-42.4687,-16.6727],[-42.454,-16.6602],[-42.4246,-16.6254],[-42.4253,-16.5895],[-42.4639,-16.5251],[-42.4679,-16.4885],[-42.4472,-16.4959],[-42.3779,-16.4738],[-42.3033,-16.495],[-42.2653,-16.4683],[-42.1817,-16.4787],[-42.1211,-16.456],[-42.1054,-16.4371],[-42.0937,-16.3883],[-42.0274,-16.3773],[-41.9872,-16.3827],[-41.9497,-16.4018],[-41.8954,-16.3633],[-41.8976,-16.337],[-41.9104,-16.3216],[-41.9325,-16.2814],[-41.8684,-16.1826],[-41.8027,-16.1679],[-41.7673,-16.1844],[-41.7156,-16.179],[-41.6959,-16.1649],[-41.6818,-16.1109],[-41.7064,-16.0852],[-41.7002,-16.037],[-41.6627,-16.02],[-41.6336,-15.9654],[-41.6195,-15.9368],[-41.6515,-15.9014],[-41.6427,-15.8806],[-41.5906,-15.8571],[-41.6039,-15.7934],[-41.6568,-15.8122],[-41.6966,-15.8007],[-41.667,-15.795],[-41.6435,-15.7468],[-41.6402,-15.7165],[-41.6726,-15.6675],[-41.6157,-15.6552],[-41.6032,-15.6347],[-41.6468,-15.6054],[-41.669,-15.6169],[-41.7127,-15.6112],[-41.7479,-15.5892]]]},"properties":{"ibge_code":"3102","name":"Montes Claros","codarea":"3102","uf":"MG","uf_code":"31","macro_id":"3","macro_sigla":"SE"}},{"type":"Feature","geometry":{"type":"Polygon","coordinates":[[[-41.2714,-19.9422],[-41.2979,-19.9376],[-41.3118,-19.9724],[-41.3091,-20.0164],[-41.3327,-20.0577],[-41.3558,-20.1391],[-41.3824,-20.1891],[-41.4119,-20.2061],[-41.4156,-20.2074],[-41.4102,-20.2303],[-41.3768,-20.2188],[-41.3105,-20.2694],[-41.315,-20.2975],[-41.3553,-20.3069],[-41.346,-20.3743],[-41.3151,-20.423],[-41.3277,-20.4975],[-41.2977,-20.5206],[-41.2709,-20.4923],[-41.21,-20.491],[-41.2254,-20.4613],[-41.1912,-20.4456],[-41.1011,-20.4338],[-41.0528,-20.4599],[-41.0395,-20.4838],[-41.005,-20.4705],[-40.9881,-20.4368],[-40.9689,-20.4626],[-40.9566,-20.5617],[-40.945,-20.6063],[-40.9102,-20.6185],[-40.9297,-20.6782],[-40.9099,-20.6859],[-40.8821,-20.6704],[-40.8386,-20.6876],[-40.7922,-20.7171],[-40.7708,-20.7873],[-40.828,-20.856],[-40.828,-20.8908],[-40.7589,-20.8657],[-40.7012,-20.8346],[-40.6533,-20.8059],[-40.6283,-20.8203],[-40.5829,-20.8009],[-40.5709,-20.7652],[-40.5332,-20.7368],[-40.4953,-20.6622],[-40.4641,-20.6238],[-40.4308,-20.6372],[-40.4046,-20.5993],[-40.3772,-20.5355],[-40.3601,-20.5168],[-40.3024,-20.3712],[-40.2744,-20.32],[-40.2891,-20.2838],[-40.2588,-20.2658],[-40.2344,-20.2763],[-40.2149,-20.2426],[-40.1985,-20.2161],[-40.172,-20.1082],[-40.1918,-20.0545],[-40.1589,-20.0359],[-40.1545,-20.0121],[-40.2083,-19.9882],[-40.2387,-20.0092],[-40.3242,-19.9481],[-40.3461,-19.9069],[-40.4247,-19.907],[-40.5051,-19.8537],[-40.5142,-19.8313],[-40.5303,-19.8064],[-40.5186,-19.7446],[-40.5523,-19.734],[-40.6265,-19.7708],[-40.7095,-19.7916],[-40.7279,-19.828],[-40.7748,-19.8139],[-40.8281,-19.8663],[-40.8141,-19.8882],[-40.8294,-19.8915],[-40.8848,-19.8346],[-40.9547,-19.8589],[-40.941,-19.805],[-40.9938,-19.801],[-41.0618,-19.7724],[-41.0972,-19.7876],[-41.1535,-19.7619],[-41.1746,-19.7672],[-41.1641,-19.8064],[-41.184,-19.8488],[-41.187,-19.8915],[-41.2296,-19.907],[-41.2445,-19.9373],[-41.2714,-19.9422]]]},"properties":{"ibge_code":"3201","name":"Vitória","codarea":"3201","uf":"ES","uf_code":"32","macro_id":"3","macro_sigla":"SE"}},{"type":"Feature","geometry":{"type":"Polygon","coordinates":[[[-41.0258,-18.5276],[-41.0509,-18.6342],[-41.0052,-18.6673],[-40.9415,-18.6907],[-40.94,-18.7703],[-40.9168,-18.8155],[-40.9639,-18.8412],[-41.0254,-18.8372],[-41.1105,-18.8389],[-41.1468,-18.798],[-41.2324,-18.7973],[-41.2432,-18.8538],[-41.2148,-18.8776],[-41.1664,-18.8582],[-41.1371,-18.8906],[-41.1037,-18.9341],[-41.065,-18.9448],[-41.0322,-18.9908],[-41.0716,-19.0256],[-41.0608,-19.0565],[-41.0126,-19.0758],[-41.0071,-19.1005],[-40.9643,-19.1221],[-40.9411,-19.1806],[-40.9354,-19.2227],[-40.9323,-19.2512],[-40.9445,-19.2795],[-40.9245,-19.3025],[-40.9385,-19.3461],[-40.9304,-19.3842],[-40.9664,-19.4236],[-40.9447,-19.461],[-40.9883,-19.5079],[-41.0409,-19.5159],[-41.0369,-19.5705],[-41.0993,-19.6042],[-41.1086,-19.6395],[-41.1685,-19.6722],[-41.1743,-19.7156],[-41.1911,-19.7459],[-41.1746,-19.7672],[-41.1535,-19.7619],[-41.0972,-19.7876],[-41.0618,-19.7724],[-40.9938,-19.801],[-40.941,-19.805],[-40.9547,-19.8589],[-40.8848,-19.8346],[-40.8294,-19.8915],[-40.8141,-19.8882],[-40.8281,-19.8663],[-40.7748,-19.8139],[-40.7279,-19.828],[-40.7095,-19.7916],[-40.6265,-19.7708],[-40.5523,-19.734],[-40.5186,-19.7446],[-40.5273,-19.7156],[-40.5082,-19.6655],[-40.4632,-19.6307],[-40.4187,-19.6413],[-40.3765,-19.6225],[-40.3892,-19.5742],[-40.3736,-19.5362],[-40.4166,-19.5088],[-40.4442,-19.4578],[-40.4554,-19.4018],[-40.5251,-19.3316],[-40.509,-19.313],[-40.4307,-19.258],[-40.4021,-19.1358],[-40.365,-19.0957],[-40.3748,-19.0793],[-40.3748,-19.0792],[-40.2883,-19.0754],[-40.2639,-19.0329],[-40.2063,-18.9066],[-40.2077,-18.8845],[-40.2509,-18.8641],[-40.2617,-18.8384],[-40.3238,-18.8506],[-40.373,-18.8497],[-40.4017,-18.8509],[-40.3945,-18.7818],[-40.3364,-18.7258],[-40.2843,-18.5768],[-40.3308,-18.5808],[-40.3484,-18.5477],[-40.4205,-18.5425],[-40.449,-18.4957],[-40.4644,-18.4363],[-40.4561,-18.412],[-40.4851,-18.4133],[-40.5295,-18.3652],[-40.5831,-18.3686],[-40.6049,-18.3406],[-40.6188,-18.2875],[-40.5588,-18.231],[-40.5458,-18.2033],[-40.5608,-18.1407],[-40.5789,-18.0961],[-40.6091,-18.1059],[-40.6405,-18.0338],[-40.662,-18.0127],[-40.7037,-18.0237],[-40.7258,-18.0012],[-40.7528,-18.0096],[-40.7985,-17.9569],[-40.8306,-17.9542],[-40.8628,-17.9881],[-40.9024,-17.9862],[-40.7733,-18.1076],[-40.7715,-18.1559],[-40.8451,-18.1498],[-40.8785,-18.12],[-40.9093,-18.1148],[-41.0146,-18.1576],[-41.0519,-18.1651],[-41.1039,-18.2125],[-41.0965,-18.2556],[-41.1589,-18.3082],[-41.1442,-18.4053],[-41.1818,-18.4396],[-41.023,-18.4573],[-41.0258,-18.5276]]]},"properties":{"ibge_code":"3203","name":"Colatina","codarea":"3203","uf":"ES","uf_code":"32","macro_id":"3","macro_sigla":"SE"}},{"type":"Feature","geometry":{"type":"Polygon","coordinates":[[[-41.5577,-21.1733],[-41.5201,-21.1873],[-41.4865,-21.1799],[-41.4696,-21.2028],[-41.4352,-21.2157],[-41.3885,-21.1991],[-41.3162,-21.2135],[-41.2762,-21.2401],[-41.2414,-21.2204],[-41.1904,-21.2486],[-41.1371,-21.2274],[-41.0895,-21.2196],[-41.0399,-21.2551],[-41.0049,-21.2528],[-40.995,-21.2864],[-40.961,-21.3011],[-40.962,-21.2654],[-40.9261,-21.1902],[-40.8584,-21.1276],[-40.8322,-21.0535],[-40.8125,-21.0319],[-40.8092,-20.9958],[-40.795,-20.9252],[-40.7589,-20.8657],[-40.828,-20.8908],[-40.828,-20.856],[-40.7708,-20.7873],[-40.7922,-20.7171],[-40.8386,-20.6876],[-40.8821,-20.6704],[-40.9099,-20.6859],[-40.9297,-20.6782],[-40.9102,-20.6185],[-40.945,-20.6063],[-40.9566,-20.5617],[-40.9689,-20.4626],[-40.9881,-20.4368],[-41.005,-20.4705],[-41.0395,-20.4838],[-41.0528,-20.4599],[-41.1011,-20.4338],[-41.1912,-20.4456],[-41.2254,-20.4613],[-41.21,-20.491],[-41.2709,-20.4923],[-41.2977,-20.5206],[-41.3277,-20.4975],[-41.3151,-20.423],[-41.346,-20.3743],[-41.3553,-20.3069],[-41.315,-20.2975],[-41.3105,-20.2694],[-41.3768,-20.2188],[-41.4102,-20.2303],[-41.4156,-20.2074],[-41.666,-20.207],[-41.7568,-20.2069],[-41.775,-20.2601],[-41.7821,-20.2945],[-41.8221,-20.3109],[-41.8595,-20.3729],[-41.8366,-20.4091],[-41.8034,-20.4222],[-41.7995,-20.477],[-41.8254,-20.4833],[-41.8043,-20.5384],[-41.8284,-20.5573],[-41.8413,-20.6004],[-41.8132,-20.6533],[-41.8507,-20.6912],[-41.8747,-20.7659],[-41.8446,-20.7773],[-41.817,-20.8013],[-41.7752,-20.7999],[-41.7399,-20.8175],[-41.7415,-20.8726],[-41.7221,-20.9201],[-41.7338,-20.9433],[-41.7101,-20.9908],[-41.7162,-21.0468],[-41.7359,-21.1026],[-41.7169,-21.1051],[-41.6455,-21.1434],[-41.5891,-21.1496],[-41.5577,-21.1733]]]},"properties":{"ibge_code":"3204","name":"Cachoeiro do Itapemirim","codarea":"3204","uf":"ES","uf_code":"32","macro_id":"3","macro_sigla":"SE"}},{"type":"Feature","geometry":{"type":"Polygon","coordinates":[[[-39.9117,-19.687],[-39.8108,-19.6496],[-39.7305,-19.4684],[-39.6965,-19.3669],[-39.6891,-19.3049],[-39.7193,-19.097],[-39.7428,-18.9361],[-39.7498,-18.8381],[-39.7465,-18.7062],[-39.7284,-18.6111],[-39.7282,-18.5183],[-39.7148,-18.4619],[-39.6678,-18.3372],[-39.6889,-18.3208],[-39.9118,-18.179],[-40.2204,-17.9816],[-40.2224,-17.9804],[-40.2554,-17.9718],[-40.3455,-17.9238],[-40.3684,-17.9229],[-40.4627,-17.9282],[-40.5168,-17.8944],[-40.6095,-17.9377],[-40.6262,-17.9911],[-40.662,-18.0127],[-40.6405,-18.0338],[-40.6091,-18.1059],[-40.5789,-18.0961],[-40.5608,-18.1407],[-40.5458,-18.2033],[-40.5588,-18.231],[-40.6188,-18.2875],[-40.6049,-18.3406],[-40.5831,-18.3686],[-40.5295,-18.3652],[-40.4851,-18.4133],[-40.4561,-18.412],[-40.4644,-18.4363],[-40.449,-18.4957],[-40.4205,-18.5425],[-40.3484,-18.5477],[-40.3308,-18.5808],[-40.2843,-18.5768],[-40.3364,-18.7258],[-40.3945,-18.7818],[-40.4017,-18.8509],[-40.373,-18.8497],[-40.3238,-18.8506],[-40.2617,-18.8384],[-40.2509,-18.8641],[-40.2077,-18.8845],[-40.2063,-18.9066],[-40.2639,-19.0329],[-40.2883,-19.0754],[-40.3748,-19.0792],[-40.3748,-19.0793],[-40.365,-19.0957],[-40.4021,-19.1358],[-40.4307,-19.258],[-40.509,-19.313],[-40.5251,-19.3316],[-40.4554,-19.4018],[-40.4442,-19.4578],[-40.4166,-19.5088],[-40.3736,-19.5362],[-40.3892,-19.5742],[-40.3765,-19.6225],[-40.4187,-19.6413],[-40.4632,-19.6307],[-40.5082,-19.6655],[-40.5273,-19.7156],[-40.5186,-19.7446],[-40.5303,-19.8064],[-40.5142,-19.8313],[-40.5051,-19.8537],[-40.4247,-19.907],[-40.3461,-19.9069],[-40.3242,-19.9481],[-40.2387,-20.0092],[-40.2083,-19.9882],[-40.1545,-20.0121],[-40.1326,-19.9662],[-40.1496,-19.946],[-40.102,-19.9212],[-40.0583,-19.8397],[-40.0548,-19.8148],[-39.9681,-19.7258],[-39.9117,-19.687]]]},"properties":{"ibge_code":"3202","name":"São Mateus","codarea":"3202","uf":"ES","uf_code":"32","macro_id":"3","macro_sigla":"SE"}},{"type":"Feature","geometry":{"type":"MultiPolygon","coordinates":[[[[-44.6387,-22.9142],[-44.7435,-22.947],[-44.7648,-22.9833],[-44.7919,-22.9819],[-44.8022,-23.0488],[-44.8188,-23.0915],[-44.8106,-23.1148],[-44.8244,-23.1627],[-44.8747,-23.1847],[-44.8826,-23.2027],[-44.8893,-23.2266],[-44.828,-23.2706],[-44.8247,-23.2916],[-44.7874,-23.2991],[-44.7777,-23.3377],[-44.7242,-23.3676],[-44.7012,-23.3402],[-44.6713,-23.3456],[-44.6395,-23.3311],[-44.5909,-23.3622],[-44.5272,-23.2728],[-44.5801,-23.2708],[-44.5874,-23.2322],[-44.6948,-23.2326],[-44.7212,-23.2018],[-44.6983,-23.1745],[-44.6989,-23.1212],[-44.6845,-23.0717],[-44.6453,-23.0468],[-44.5929,-23.0465],[-44.5211,-23.0273],[-44.4841,-23.0085],[-44.4396,-23.0028],[-44.423,-22.9506],[-44.3664,-22.96],[-44.3381,-22.9233],[-44.3207,-22.936],[-44.3032,-23.0024],[-44.2509,-22.9978],[-44.2014,-23.0383],[-44.1657,-23.0339],[-44.1133,-23.0232],[-44.0852,-22.9923],[-44.0743,-22.952],[-43.9496,-22.9269],[-43.9105,-22.931],[-43.8806,-22.9158],[-43.832,-22.9312],[-43.796,-22.9171],[-43.7453,-22.9465],[-43.691,-22.9893],[-43.6278,-23.0066],[-43.5489,-23.0607],[-43.4928,-23.0353],[-43.4198,-23.0176],[-43.3359,-23.0114],[-43.3028,-23.0163],[-43.2457,-23.001],[-43.1502,-22.9507],[-43.1811,-22.8954],[-43.2108,-22.8976],[-43.2728,-22.8098],[-43.2774,-22.78],[-43.2146,-22.7277],[-43.161,-22.7099],[-43.1347,-22.7145],[-43.0809,-22.6797],[-43.0389,-22.6926],[-43.0259,-22.7261],[-43.0266,-22.7431],[-43.0643,-22.7651],[-43.0651,-22.8029],[-43.1034,-22.8559],[-43.1342,-22.8813],[-43.0948,-22.9206],[-43.1104,-22.9536],[-43.0725,-22.9568],[-43.0138,-22.9768],[-43.0015,-22.9696],[-42.9211,-22.9749],[-42.8812,-22.967],[-42.7275,-22.9562],[-42.6412,-22.9375],[-42.5788,-22.9328],[-42.3816,-22.9357],[-42.3866,-22.8951],[-42.3699,-22.8354],[-42.4468,-22.8228],[-42.4418,-22.7303],[-42.42,-22.7364],[-42.3319,-22.7043],[-42.3145,-22.648],[-42.2754,-22.6056],[-42.247,-22.6128],[-42.1869,-22.5555],[-42.212,-22.539],[-42.2503,-22.5464],[-42.2708,-22.4856],[-42.3042,-22.4579],[-42.2776,-22.4017],[-42.3149,-22.4246],[-42.387,-22.4218],[-42.4814,-22.4416],[-42.5119,-22.4348],[-42.5506,-22.4558],[-42.5523,-22.3782],[-42.5846,-22.3553],[-42.6345,-22.3933],[-42.6837,-22.3931],[-42.7276,-22.3556],[-42.7672,-22.3843],[-42.7935,-22.3754],[-42.8105,-22.4052],[-42.8509,-22.4163],[-42.8851,-22.4534],[-42.9182,-22.451],[-42.9761,-22.471],[-43.0288,-22.4613],[-43.0623,-22.4846],[-43.0787,-22.5129],[-43.1826,-22.5532],[-43.225,-22.5636],[-43.2607,-22.5554],[-43.2385,-22.5115],[-43.2964,-22.4757],[-43.3308,-22.5182],[-43.4014,-22.5334],[-43.4458,-22.526],[-43.4983,-22.5544],[-43.5856,-22.5831],[-43.6288,-22.6257],[-43.6227,-22.6422],[-43.6606,-22.6196],[-43.5974,-22.5681],[-43.6236,-22.5393],[-43.7115,-22.5495],[-43.7722,-22.6059],[-43.8406,-22.6488],[-43.8199,-22.6797],[-43.7851,-22.6927],[-43.8325,-22.7297],[-43.833,-22.7938],[-43.8738,-22.8091],[-43.939,-22.8812],[-43.9649,-22.8864],[-43.9902,-22.8438],[-44.0449,-22.8831],[-44.0885,-22.8836],[-44.1119,-22.8646],[-44.1926,-22.9289],[-44.2416,-22.913],[-44.2377,-22.872],[-44.2609,-22.8476],[-44.3181,-22.8451],[-44.3812,-22.8584],[-44.4231,-22.8505],[-44.4669,-22.885],[-44.4946,-22.8468],[-44.5552,-22.8881],[-44.6071,-22.8853],[-44.6295,-22.9049],[-44.6387,-22.9142]]],[[[-44.3498,-23.2155],[-44.3113,-23.1805],[-44.2717,-23.1798],[-44.2468,-23.2011],[-44.1591,-23.172],[-44.0945,-23.1748],[-44.148,-23.1249],[-44.2017,-23.1197],[-44.2163,-23.0898],[-44.2528,-23.0974],[-44.282,-23.1348],[-44.3062,-23.1212],[-44.3498,-23.2155]]],[[[-43.6678,-23.0531],[-43.6118,-23.0503],[-43.614,-23.031],[-43.6666,-23.0426],[-43.706,-23.0529],[-43.7931,-23.0615],[-43.881,-23.0421],[-43.8995,-23.0688],[-43.9733,-23.0453],[-44.011,-23.0784],[-43.988,-23.1024],[-43.9543,-23.087],[-43.793,-23.0639],[-43.6678,-23.0531]]],[[[-43.1752,-22.8012],[-43.2207,-22.7846],[-43.2657,-22.8112],[-43.2392,-22.8338],[-43.1752,-22.8012]]]]},"properties":{"ibge_code":"3301","name":"Rio de Janeiro","codarea":"3301","uf":"RJ","uf_code":"33","macro_id":"3","macro_sigla":"SE"}},{"type":"Feature","geometry":{"type":"Polygon","coordinates":[[[-41.7415,-20.8726],[-41.7399,-20.8175],[-41.7752,-20.7999],[-41.817,-20.8013],[-41.8446,-20.7773],[-41.8747,-20.7659],[-41.905,-20.7974],[-41.9282,-20.794],[-41.9297,-20.8436],[-41.9602,-20.883],[-41.9786,-20.9349],[-42.0385,-20.9275],[-42.138,-20.96],[-42.1509,-20.974],[-42.141,-20.993],[-42.0848,-21.023],[-42.0801,-21.0302],[-42.1185,-21.0748],[-42.1745,-21.1318],[-42.1953,-21.1603],[-42.2083,-21.179],[-42.2026,-21.2212],[-42.1897,-21.2505],[-42.2287,-21.2825],[-42.2378,-21.318],[-42.2242,-21.3378],[-42.2356,-21.3429],[-42.23,-21.3665],[-42.2782,-21.414],[-42.2754,-21.4275],[-42.2921,-21.4592],[-42.2574,-21.4823],[-42.2856,-21.5281],[-42.346,-21.5827],[-42.3527,-21.5917],[-42.3652,-21.6465],[-42.3397,-21.6603],[-42.3017,-21.655],[-42.2733,-21.6779],[-42.2666,-21.7145],[-42.2371,-21.6972],[-42.2069,-21.7838],[-42.1672,-21.8587],[-42.1226,-21.8478],[-42.0882,-21.8019],[-42.0438,-21.7808],[-41.9853,-21.733],[-41.9371,-21.7412],[-41.9711,-21.8031],[-41.9365,-21.8723],[-41.8839,-21.8723],[-41.8493,-21.8874],[-41.7965,-21.879],[-41.7757,-21.8903],[-41.7096,-21.8945],[-41.721,-21.9449],[-41.7169,-21.9815],[-41.7674,-22.0304],[-41.7505,-22.0864],[-41.7018,-22.0511],[-41.6597,-22.0558],[-41.6178,-22.046],[-41.5513,-22.0555],[-41.5132,-22.0147],[-41.4376,-21.9866],[-41.2777,-22.0653],[-41.2573,-22.099],[-41.1338,-22.0955],[-41.0769,-22.0578],[-41.004,-22.0211],[-40.9804,-21.9906],[-40.9818,-21.9111],[-41.0183,-21.7614],[-41.0248,-21.7186],[-41.0131,-21.6235],[-41.0481,-21.6178],[-41.0726,-21.5256],[-41.0573,-21.4789],[-41.0206,-21.4418],[-41.0008,-21.4041],[-40.9614,-21.3605],[-40.961,-21.3011],[-40.995,-21.2864],[-41.0049,-21.2528],[-41.0399,-21.2551],[-41.0895,-21.2196],[-41.1371,-21.2274],[-41.1904,-21.2486],[-41.2414,-21.2204],[-41.2762,-21.2401],[-41.3162,-21.2135],[-41.3885,-21.1991],[-41.4352,-21.2157],[-41.4696,-21.2028],[-41.4865,-21.1799],[-41.5201,-21.1873],[-41.5577,-21.1733],[-41.5891,-21.1496],[-41.6455,-21.1434],[-41.7169,-21.1051],[-41.7359,-21.1026],[-41.7162,-21.0468],[-41.7101,-20.9908],[-41.7338,-20.9433],[-41.7221,-20.9201],[-41.7415,-20.8726]]]},"properties":{"ibge_code":"3304","name":"Campos dos Goytacazes","codarea":"3304","uf":"RJ","uf_code":"33","macro_id":"3","macro_sigla":"SE"}},{"type":"Feature","geometry":{"type":"Polygon","coordinates":[[[-42.3816,-22.9357],[-42.2812,-22.9395],[-42.0739,-22.9555],[-42.0379,-22.9672],[-42.0373,-22.9331],[-42.0204,-22.8888],[-41.9898,-22.8827],[-41.9694,-22.8228],[-41.9332,-22.8098],[-41.908,-22.7782],[-41.9735,-22.7296],[-41.9975,-22.6678],[-41.9914,-22.5981],[-41.9792,-22.5625],[-41.9617,-22.5345],[-41.9327,-22.5375],[-41.8896,-22.4861],[-41.8178,-22.417],[-41.7744,-22.3911],[-41.7735,-22.3641],[-41.6891,-22.3],[-41.5424,-22.2346],[-41.4513,-22.2024],[-41.2646,-22.1537],[-41.2158,-22.1374],[-41.1338,-22.0955],[-41.2573,-22.099],[-41.2777,-22.0653],[-41.4376,-21.9866],[-41.5132,-22.0147],[-41.5513,-22.0555],[-41.6178,-22.046],[-41.6597,-22.0558],[-41.7018,-22.0511],[-41.7505,-22.0864],[-41.8217,-22.0985],[-41.8375,-22.072],[-41.8875,-22.049],[-41.9087,-22.0683],[-41.9359,-22.0569],[-41.9618,-22.0779],[-41.9578,-22.1163],[-41.9738,-22.1336],[-42.0254,-22.1567],[-42.0766,-22.1644],[-42.0924,-22.2016],[-42.1482,-22.2111],[-42.249,-22.2952],[-42.2509,-22.3061],[-42.2162,-22.3411],[-42.2053,-22.3691],[-42.2399,-22.3615],[-42.2776,-22.4017],[-42.3042,-22.4579],[-42.2708,-22.4856],[-42.2503,-22.5464],[-42.212,-22.539],[-42.1869,-22.5555],[-42.247,-22.6128],[-42.2754,-22.6056],[-42.3145,-22.648],[-42.3319,-22.7043],[-42.42,-22.7364],[-42.4418,-22.7303],[-42.4468,-22.8228],[-42.3699,-22.8354],[-42.3866,-22.8951],[-42.3816,-22.9357]]]},"properties":{"ibge_code":"3305","name":"Macaé - Rio das Ostras - Cabo Frio","codarea":"3305","uf":"RJ","uf_code":"33","macro_id":"3","macro_sigla":"SE"}},{"type":"Feature","geometry":{"type":"Polygon","coordinates":[[[-43.3467,-22.0038],[-43.437,-22.06],[-43.4004,-22.2163],[-43.3254,-22.2787],[-43.2887,-22.3707],[-43.361,-22.4196],[-43.3703,-22.4517],[-43.3203,-22.459],[-43.2964,-22.4757],[-43.2385,-22.5115],[-43.2607,-22.5554],[-43.225,-22.5636],[-43.1826,-22.5532],[-43.0787,-22.5129],[-43.0623,-22.4846],[-43.0288,-22.4613],[-42.9761,-22.471],[-42.9182,-22.451],[-42.8851,-22.4534],[-42.8509,-22.4163],[-42.8105,-22.4052],[-42.7935,-22.3754],[-42.7672,-22.3843],[-42.7276,-22.3556],[-42.6837,-22.3931],[-42.6345,-22.3933],[-42.5846,-22.3553],[-42.5523,-22.3782],[-42.5506,-22.4558],[-42.5119,-22.4348],[-42.4814,-22.4416],[-42.387,-22.4218],[-42.3149,-22.4246],[-42.2776,-22.4017],[-42.2399,-22.3615],[-42.2053,-22.3691],[-42.2162,-22.3411],[-42.2509,-22.3061],[-42.249,-22.2952],[-42.1482,-22.2111],[-42.0924,-22.2016],[-42.0766,-22.1644],[-42.0254,-22.1567],[-41.9738,-22.1336],[-41.9578,-22.1163],[-41.9618,-22.0779],[-41.9359,-22.0569],[-41.9087,-22.0683],[-41.8875,-22.049],[-41.8375,-22.072],[-41.8217,-22.0985],[-41.7505,-22.0864],[-41.7674,-22.0304],[-41.7169,-21.9815],[-41.721,-21.9449],[-41.7096,-21.8945],[-41.7757,-21.8903],[-41.7965,-21.879],[-41.8493,-21.8874],[-41.8839,-21.8723],[-41.9365,-21.8723],[-41.9711,-21.8031],[-41.9371,-21.7412],[-41.9853,-21.733],[-42.0438,-21.7808],[-42.0882,-21.8019],[-42.1226,-21.8478],[-42.1672,-21.8587],[-42.2069,-21.7838],[-42.2371,-21.6972],[-42.2666,-21.7145],[-42.3335,-21.7458],[-42.3777,-21.7484],[-42.4597,-21.7848],[-42.4632,-21.7862],[-42.606,-21.8464],[-42.6653,-21.8733],[-42.7878,-21.9296],[-42.8814,-21.9593],[-42.9096,-21.9907],[-43.0022,-22.0328],[-43.0332,-22.0659],[-43.0755,-22.0929],[-43.1062,-22.0827],[-43.1423,-22.1044],[-43.1532,-22.0744],[-43.1306,-22.035],[-43.1312,-22.0292],[-43.1696,-22.0218],[-43.202,-22.0375],[-43.2277,-22.0288],[-43.2342,-22.0142],[-43.3266,-22.0078],[-43.3467,-22.0038]]]},"properties":{"ibge_code":"3303","name":"Petrópolis","codarea":"3303","uf":"RJ","uf_code":"33","macro_id":"3","macro_sigla":"SE"}},{"type":"Feature","geometry":{"type":"Polygon","coordinates":[[[-44.1656,-22.6734],[-44.1739,-22.7021],[-44.227,-22.7337],[-44.2576,-22.767],[-44.2402,-22.7914],[-44.2676,-22.829],[-44.3181,-22.8451],[-44.2609,-22.8476],[-44.2377,-22.872],[-44.2416,-22.913],[-44.1926,-22.9289],[-44.1119,-22.8646],[-44.0885,-22.8836],[-44.0449,-22.8831],[-43.9902,-22.8438],[-43.9649,-22.8864],[-43.939,-22.8812],[-43.8738,-22.8091],[-43.833,-22.7938],[-43.8325,-22.7297],[-43.7851,-22.6927],[-43.8199,-22.6797],[-43.8406,-22.6488],[-43.7722,-22.6059],[-43.7115,-22.5495],[-43.6236,-22.5393],[-43.5974,-22.5681],[-43.6606,-22.6196],[-43.6227,-22.6422],[-43.6288,-22.6257],[-43.5856,-22.5831],[-43.4983,-22.5544],[-43.4458,-22.526],[-43.4014,-22.5334],[-43.3308,-22.5182],[-43.2964,-22.4757],[-43.3203,-22.459],[-43.3703,-22.4517],[-43.361,-22.4196],[-43.2887,-22.3707],[-43.3254,-22.2787],[-43.4004,-22.2163],[-43.437,-22.06],[-43.4645,-22.0728],[-43.5257,-22.0727],[-43.5661,-22.0875],[-43.5914,-22.0558],[-43.6212,-22.0833],[-43.6457,-22.0649],[-43.6684,-22.0861],[-43.7089,-22.0758],[-43.7314,-22.0962],[-43.7765,-22.066],[-43.8416,-22.0991],[-43.9771,-22.1464],[-44.0335,-22.1523],[-44.1013,-22.1737],[-44.1544,-22.2272],[-44.1794,-22.2285],[-44.1892,-22.2404],[-44.2599,-22.268],[-44.2915,-22.2431],[-44.3172,-22.2595],[-44.3596,-22.254],[-44.4332,-22.2514],[-44.4969,-22.3037],[-44.5437,-22.3323],[-44.5926,-22.3229],[-44.6619,-22.3805],[-44.6659,-22.3727],[-44.7296,-22.3608],[-44.8035,-22.3937],[-44.8094,-22.4043],[-44.8094,-22.4056],[-44.7553,-22.4153],[-44.7192,-22.4634],[-44.6882,-22.5215],[-44.6679,-22.5541],[-44.6444,-22.5556],[-44.6459,-22.6039],[-44.546,-22.607],[-44.5107,-22.6401],[-44.4662,-22.6157],[-44.4058,-22.5991],[-44.3824,-22.5735],[-44.3609,-22.6118],[-44.3421,-22.5893],[-44.2456,-22.6064],[-44.1843,-22.6373],[-44.1656,-22.6734]]]},"properties":{"ibge_code":"3302","name":"Volta Redonda - Barra Mansa","codarea":"3302","uf":"RJ","uf_code":"33","macro_id":"3","macro_sigla":"SE"}},{"type":"Feature","geometry":{"type":"Polygon","coordinates":[[[-51.0588,-21.3986],[-51.0999,-21.3699],[-51.145,-21.3744],[-51.1641,-21.384],[-51.2141,-21.3548],[-51.2254,-21.342],[-51.2378,-21.3268],[-51.2863,-21.3193],[-51.3288,-21.2925],[-51.3853,-21.2844],[-51.434,-21.2464],[-51.4855,-21.2325],[-51.5018,-21.2211],[-51.5234,-21.1996],[-51.5738,-21.1873],[-51.6137,-21.1417],[-51.6396,-21.1628],[-51.64,-21.1632],[-51.682,-21.1491],[-51.698,-21.0917],[-51.7725,-21.0511],[-51.7897,-21.1021],[-51.8236,-21.1268],[-51.8655,-21.1305],[-51.879,-21.1481],[-51.8797,-21.1979],[-51.8485,-21.2666],[-51.8611,-21.3367],[-51.8999,-21.3776],[-51.9287,-21.4558],[-51.9622,-21.4933],[-52.0004,-21.5166],[-52.0571,-21.5036],[-52.0778,-21.5152],[-52.1022,-21.5698],[-52.0689,-21.5981],[-52.0495,-21.6431],[-52.0558,-21.6772],[-52.1038,-21.7461],[-52.1613,-21.7708],[-52.1894,-21.8443],[-52.2484,-21.9023],[-52.275,-21.9149],[-52.319,-21.9721],[-52.3392,-22.0478],[-52.3919,-22.1147],[-52.4082,-22.1416],[-52.4562,-22.1853],[-52.4877,-22.2172],[-52.5869,-22.2568],[-52.6553,-22.3031],[-52.6951,-22.3146],[-52.7983,-22.3783],[-52.8548,-22.4391],[-52.9482,-22.4734],[-52.9986,-22.4932],[-53.0144,-22.5207],[-53.0738,-22.5489],[-53.1079,-22.5955],[-53.1052,-22.6219],[-53.0915,-22.6448],[-53.0385,-22.6184],[-53.0117,-22.5988],[-52.9724,-22.5705],[-52.9247,-22.5656],[-52.8584,-22.608],[-52.8154,-22.597],[-52.7829,-22.6021],[-52.7643,-22.6086],[-52.6971,-22.627],[-52.5893,-22.5661],[-52.5378,-22.616],[-52.4988,-22.6342],[-52.4457,-22.6083],[-52.4214,-22.6106],[-52.3805,-22.6265],[-52.3004,-22.6354],[-52.29,-22.6282],[-52.2504,-22.6154],[-52.2281,-22.6425],[-52.2226,-22.6755],[-52.1828,-22.6554],[-52.1567,-22.6447],[-52.1523,-22.5692],[-52.1356,-22.5269],[-52.1092,-22.5163],[-52.0329,-22.5392],[-52.0284,-22.5395],[-51.9405,-22.5673],[-51.9015,-22.6019],[-51.8902,-22.6132],[-51.8558,-22.6317],[-51.7716,-22.6141],[-51.733,-22.6286],[-51.7182,-22.669],[-51.6305,-22.6579],[-51.6279,-22.6582],[-51.5596,-22.6972],[-51.5172,-22.69],[-51.475,-22.6792],[-51.4464,-22.653],[-51.402,-22.6679],[-51.3736,-22.6581],[-51.3331,-22.6671],[-51.2982,-22.6735],[-51.2652,-22.6677],[-51.2137,-22.7237],[-51.176,-22.7388],[-51.1279,-22.76],[-51.0576,-22.7661],[-51.0044,-22.7937],[-50.9787,-22.7826],[-50.934,-22.7263],[-50.945,-22.675],[-50.9059,-22.6378],[-50.8878,-22.6561],[-50.8276,-22.6453],[-50.8461,-22.618],[-50.842,-22.5504],[-50.8574,-22.5299],[-50.8313,-22.4841],[-50.8437,-22.4469],[-50.8296,-22.4283],[-50.7835,-22.4352],[-50.7526,-22.4325],[-50.695,-22.3999],[-50.6963,-22.3708],[-50.6806,-22.2945],[-50.6456,-22.3123],[-50.6214,-22.2942],[-50.5585,-22.2953],[-50.5516,-22.2333],[-50.5239,-22.2204],[-50.4852,-22.1522],[-50.5211,-22.111],[-50.547,-22.0873],[-50.6552,-22.0353],[-50.7051,-22.0216],[-50.7102,-22.0152],[-50.7804,-22.0025],[-50.8647,-21.969],[-50.9379,-21.951],[-50.9659,-21.9258],[-50.9043,-21.87],[-50.8672,-21.8366],[-50.8391,-21.8293],[-50.8237,-21.8008],[-50.8571,-21.7776],[-50.8269,-21.689],[-50.7773,-21.588],[-50.7798,-21.5678],[-50.7735,-21.5446],[-50.8092,-21.5601],[-50.8159,-21.5399],[-50.8681,-21.5263],[-50.8736,-21.4892],[-50.8978,-21.4907],[-50.9241,-21.4419],[-50.9849,-21.4328],[-50.993,-21.4371],[-51.0588,-21.3986]]]},"properties":{"ibge_code":"3505","name":"Presidente Prudente","codarea":"3505","uf":"SP","uf_code":"35","macro_id":"3","macro_sigla":"SE"}},{"type":"Feature","geometry":{"type":"Polygon","coordinates":[[[-49.6284,-21.3544],[-49.5834,-21.3795],[-49.5471,-21.4227],[-49.4845,-21.5035],[-49.4455,-21.5241],[-49.4117,-21.5444],[-49.379,-21.5348],[-49.3285,-21.559],[-49.3115,-21.6172],[-49.2733,-21.659],[-49.2386,-21.6708],[-49.2133,-21.6711],[-49.2412,-21.6242],[-49.1875,-21.5959],[-49.1559,-21.5559],[-49.1502,-21.5302],[-49.0822,-21.4645],[-49.0548,-21.4885],[-49.0194,-21.4823],[-48.9914,-21.4562],[-48.9792,-21.4161],[-48.9002,-21.3706],[-48.873,-21.3943],[-48.8484,-21.3913],[-48.7735,-21.4276],[-48.7543,-21.4207],[-48.7257,-21.42],[-48.6846,-21.383],[-48.6697,-21.3377],[-48.6193,-21.2869],[-48.6536,-21.2311],[-48.6955,-21.2209],[-48.707,-21.2068],[-48.6517,-21.211],[-48.6259,-21.1964],[-48.5848,-21.2131],[-48.5812,-21.1657],[-48.5977,-21.1431],[-48.5677,-21.0755],[-48.6155,-21.0408],[-48.6578,-21.0309],[-48.686,-21.0102],[-48.6938,-21.0069],[-48.7183,-20.9777],[-48.7856,-20.934],[-48.7956,-20.9356],[-48.8419,-20.9131],[-48.8833,-20.9127],[-48.9071,-20.8923],[-48.9491,-20.8693],[-48.9841,-20.8485],[-49.0223,-20.8512],[-49.079,-20.8118],[-49.0988,-20.783],[-49.1183,-20.7398],[-49.1292,-20.6757],[-49.1189,-20.6044],[-49.05,-20.6284],[-49.0148,-20.6498],[-48.9901,-20.5817],[-49.0147,-20.5698],[-49.0109,-20.512],[-49.089,-20.419],[-49.0755,-20.356],[-49.0903,-20.3382],[-49.0936,-20.2896],[-49.1207,-20.2705],[-49.1836,-20.3147],[-49.2253,-20.3053],[-49.2597,-20.2588],[-49.2652,-20.2297],[-49.2992,-20.1671],[-49.3059,-20.1169],[-49.3073,-20.0603],[-49.2973,-20.0175],[-49.2483,-19.9996],[-49.2501,-19.9693],[-49.2975,-19.9605],[-49.3565,-19.9867],[-49.4538,-19.9781],[-49.4928,-19.9504],[-49.514,-19.9143],[-49.5515,-19.9058],[-49.6132,-19.92],[-49.6344,-19.9319],[-49.7494,-19.9247],[-49.8353,-19.9333],[-49.8537,-19.9465],[-49.9062,-19.9372],[-49.9699,-19.92],[-50.0031,-19.9264],[-50.0441,-19.9164],[-50.1062,-19.8743],[-50.1718,-19.8755],[-50.2157,-19.8666],[-50.2452,-19.8768],[-50.3374,-19.8695],[-50.4171,-19.8011],[-50.4541,-19.7862],[-50.4693,-19.7799],[-50.562,-19.8136],[-50.5779,-19.8164],[-50.6142,-19.861],[-50.6581,-19.9071],[-50.6864,-19.9162],[-50.7836,-19.9372],[-50.8441,-19.9676],[-50.886,-19.9904],[-50.9081,-19.9943],[-50.9455,-20.0297],[-50.9691,-20.0364],[-51.0005,-20.0854],[-51.0012,-20.0963],[-51.0216,-20.1333],[-51.0692,-20.25],[-51.1094,-20.2801],[-51.0789,-20.3282],[-51.0386,-20.3709],[-51.1568,-20.4353],[-51.2038,-20.4398],[-51.2314,-20.4572],[-51.2032,-20.4891],[-51.1488,-20.5196],[-51.068,-20.5546],[-51.0329,-20.5589],[-50.9862,-20.5486],[-50.9781,-20.5651],[-50.9663,-20.5492],[-50.8731,-20.5424],[-50.8121,-20.5312],[-50.7687,-20.5447],[-50.725,-20.5269],[-50.6793,-20.5301],[-50.6555,-20.5169],[-50.6249,-20.5081],[-50.5541,-20.5283],[-50.528,-20.5089],[-50.4485,-20.4862],[-50.4509,-20.5202],[-50.3959,-20.5683],[-50.3152,-20.5714],[-50.2859,-20.586],[-50.2715,-20.5224],[-50.2852,-20.4698],[-50.2258,-20.4951],[-50.2029,-20.4814],[-50.1544,-20.5049],[-50.1383,-20.5211],[-50.1596,-20.5608],[-50.1708,-20.6157],[-50.2119,-20.68],[-50.2134,-20.7053],[-50.2505,-20.7367],[-50.1657,-20.7545],[-50.1429,-20.78],[-50.1141,-20.7635],[-50.1213,-20.8311],[-50.0928,-20.811],[-50.0241,-20.824],[-50.0312,-20.8903],[-50.0507,-20.9315],[-50.0224,-20.9436],[-50.0329,-20.9784],[-50.055,-20.9973],[-49.9848,-21.0458],[-49.981,-21.0883],[-49.9601,-21.1331],[-49.9916,-21.2267],[-49.9146,-21.2382],[-49.8565,-21.2603],[-49.8316,-21.275],[-49.7687,-21.3063],[-49.7461,-21.2968],[-49.7278,-21.3449],[-49.697,-21.3627],[-49.6284,-21.3544]]]},"properties":{"ibge_code":"3507","name":"São José do Rio Preto","codarea":"3507","uf":"SP","uf_code":"35","macro_id":"3","macro_sigla":"SE"}},{"type":"Feature","geometry":{"type":"Polygon","coordinates":[[[-47.1975,-22.0987],[-47.2554,-22.0913],[-47.3009,-22.1029],[-47.328,-22.0902],[-47.3781,-22.0956],[-47.3997,-22.0849],[-47.442,-22.0636],[-47.4589,-22.0832],[-47.5784,-22.0889],[-47.6265,-22.0436],[-47.6581,-22.0518],[-47.6758,-22.0135],[-47.7264,-22.0415],[-47.7523,-22.0894],[-47.7895,-22.0976],[-47.7998,-22.1282],[-47.7603,-22.1634],[-47.7132,-22.2401],[-47.7232,-22.2727],[-47.7137,-22.3019],[-47.7307,-22.2987],[-47.7603,-22.3404],[-47.7879,-22.3945],[-47.7941,-22.4343],[-47.7767,-22.4441],[-47.7929,-22.4482],[-47.8126,-22.4568],[-47.857,-22.4306],[-47.9158,-22.4247],[-48.0408,-22.5059],[-48.0595,-22.5134],[-48.1039,-22.5089],[-48.1728,-22.4761],[-48.1987,-22.5086],[-48.2349,-22.5204],[-48.2601,-22.5404],[-48.2477,-22.5785],[-48.2615,-22.6054],[-48.2464,-22.619],[-48.2138,-22.6152],[-48.1563,-22.6378],[-48.0964,-22.6234],[-48.0885,-22.6519],[-48.0986,-22.6884],[-48.0717,-22.7363],[-48.0315,-22.7192],[-48.032,-22.8257],[-48.0475,-22.8319],[-48.0144,-22.8523],[-47.9878,-22.8879],[-47.9308,-22.8833],[-47.9515,-22.9245],[-47.9338,-22.9451],[-47.9369,-23.0146],[-47.9151,-23.055],[-47.91,-23.1609],[-47.8391,-23.174],[-47.8171,-23.1526],[-47.8189,-23.1325],[-47.8094,-23.0981],[-47.8213,-23.0724],[-47.7919,-23.049],[-47.7572,-22.9978],[-47.7725,-22.9755],[-47.8058,-22.9826],[-47.8267,-22.9422],[-47.8089,-22.8777],[-47.8069,-22.8769],[-47.7633,-22.904],[-47.7459,-22.9328],[-47.7115,-22.9121],[-47.7012,-22.9187],[-47.6603,-22.9973],[-47.66,-23.0312],[-47.6291,-23.0437],[-47.6087,-23.0993],[-47.5086,-23.0916],[-47.4888,-23.1075],[-47.4282,-23.1011],[-47.4119,-23.1195],[-47.4185,-23.1687],[-47.3896,-23.1547],[-47.3007,-23.1128],[-47.2455,-23.1827],[-47.1959,-23.187],[-47.1293,-23.204],[-47.116,-23.2251],[-47.146,-23.2556],[-47.1914,-23.2701],[-47.1688,-23.2938],[-47.1737,-23.3264],[-47.143,-23.3483],[-47.1335,-23.3806],[-47.0429,-23.3523],[-46.9591,-23.3268],[-46.9379,-23.3219],[-46.9019,-23.3076],[-46.8675,-23.2779],[-46.8381,-23.2878],[-46.8026,-23.2571],[-46.7837,-23.2654],[-46.7438,-23.2503],[-46.7041,-23.2521],[-46.6384,-23.2577],[-46.6371,-23.2581],[-46.6151,-23.2273],[-46.5454,-23.2414],[-46.5154,-23.2375],[-46.4698,-23.2828],[-46.4484,-23.2701],[-46.4185,-23.3163],[-46.3642,-23.2741],[-46.3113,-23.2271],[-46.31,-23.205],[-46.2622,-23.1864],[-46.2151,-23.1084],[-46.2052,-23.0849],[-46.1614,-23.0661],[-46.1178,-23.0055],[-46.0866,-22.985],[-46.0826,-22.9855],[-46.052,-22.9683],[-46.0412,-22.9138],[-46.0507,-22.897],[-46.0952,-22.8944],[-46.1391,-22.9228],[-46.1413,-22.8681],[-46.1922,-22.8652],[-46.2574,-22.8909],[-46.279,-22.8783],[-46.3449,-22.9052],[-46.3763,-22.8771],[-46.3745,-22.8202],[-46.3617,-22.7889],[-46.3326,-22.7661],[-46.3728,-22.7468],[-46.4527,-22.7276],[-46.4731,-22.705],[-46.4691,-22.6732],[-46.3931,-22.663],[-46.4243,-22.5994],[-46.4146,-22.5579],[-46.4565,-22.5217],[-46.5421,-22.4944],[-46.5499,-22.4695],[-46.5548,-22.4466],[-46.6163,-22.4386],[-46.6665,-22.4151],[-46.6609,-22.366],[-46.7233,-22.3066],[-46.7069,-22.2579],[-46.6803,-22.2165],[-46.6718,-22.1783],[-46.6456,-22.1806],[-46.613,-22.1503],[-46.6242,-22.1085],[-46.6468,-22.0919],[-46.7001,-22.0951],[-46.7195,-22.0833],[-46.6648,-22.0689],[-46.6854,-22.0374],[-46.6499,-22.0095],[-46.6179,-21.995],[-46.6428,-21.9766],[-46.6738,-21.9111],[-46.6475,-21.8805],[-46.666,-21.8484],[-46.6907,-21.8376],[-46.6307,-21.7686],[-46.6145,-21.6765],[-46.5646,-21.6787],[-46.5547,-21.6534],[-46.5118,-21.5654],[-46.523,-21.5299],[-46.5089,-21.4891],[-46.5191,-21.449],[-46.5765,-21.427],[-46.6161,-21.4303],[-46.6476,-21.3796],[-46.6755,-21.3751],[-46.739,-21.3926],[-46.7647,-21.3601],[-46.7815,-21.3707],[-46.8361,-21.3707],[-46.8421,-21.3891],[-46.8846,-21.4072],[-46.9329,-21.425],[-47.013,-21.4191],[-46.9967,-21.3573],[-47.0165,-21.3424],[-47.0442,-21.2674],[-47.0655,-21.2694],[-47.1296,-21.3285],[-47.1573,-21.3023],[-47.1919,-21.348],[-47.2149,-21.427],[-47.2413,-21.4433],[-47.2642,-21.4513],[-47.2787,-21.4684],[-47.2775,-21.5277],[-47.3055,-21.5508],[-47.357,-21.5699],[-47.3642,-21.5932],[-47.3992,-21.6137],[-47.3724,-21.6498],[-47.3288,-21.6445],[-47.3383,-21.6812],[-47.2934,-21.7523],[-47.3469,-21.8065],[-47.3431,-21.8399],[-47.3104,-21.8727],[-47.2777,-21.8826],[-47.2822,-21.9208],[-47.2499,-21.9656],[-47.2162,-21.976],[-47.2017,-22.0342],[-47.2338,-22.0567],[-47.1975,-22.0987]]]},"properties":{"ibge_code":"3510","name":"Campinas","codarea":"3510","uf":"SP","uf_code":"35","macro_id":"3","macro_sigla":"SE"}},{"type":"Feature","geometry":{"type":"Polygon","coordinates":[[[-49.3696,-22.8834],[-49.3967,-22.8823],[-49.4586,-22.9133],[-49.4573,-22.975],[-49.4121,-23.0515],[-49.3876,-23.0537],[-49.3297,-23.1131],[-49.2454,-23.1448],[-49.2431,-23.2073],[-49.2108,-23.2455],[-49.1995,-23.2914],[-49.2173,-23.2985],[-49.2131,-23.4175],[-49.2583,-23.408],[-49.2921,-23.4174],[-49.3173,-23.4006],[-49.3605,-23.4351],[-49.395,-23.3955],[-49.4484,-23.4213],[-49.4521,-23.4736],[-49.44,-23.4889],[-49.4764,-23.5409],[-49.5136,-23.5077],[-49.5667,-23.4942],[-49.5981,-23.4582],[-49.6214,-23.4933],[-49.6242,-23.5233],[-49.6002,-23.5356],[-49.6028,-23.584],[-49.621,-23.6111],[-49.6021,-23.6521],[-49.5747,-23.676],[-49.5492,-23.704],[-49.5673,-23.7368],[-49.5597,-23.7936],[-49.5727,-23.827],[-49.608,-23.8394],[-49.587,-23.8889],[-49.5358,-23.9282],[-49.5223,-23.9166],[-49.4923,-23.9934],[-49.4575,-24.0495],[-49.4298,-24.0687],[-49.4087,-24.1069],[-49.3366,-24.1376],[-49.3507,-24.2208],[-49.3054,-24.2514],[-49.2869,-24.3026],[-49.2542,-24.3179],[-49.2011,-24.3451],[-49.2535,-24.405],[-49.2524,-24.4339],[-49.2505,-24.4454],[-49.2453,-24.4651],[-49.2957,-24.5003],[-49.2799,-24.5359],[-49.316,-24.5555],[-49.3036,-24.5969],[-49.312,-24.6635],[-49.2781,-24.693],[-49.2079,-24.7009],[-49.1857,-24.6728],[-49.1579,-24.6719],[-49.1298,-24.6819],[-49.1116,-24.6884],[-49.0103,-24.6544],[-48.9622,-24.6742],[-48.9123,-24.674],[-48.8404,-24.665],[-48.8108,-24.675],[-48.7771,-24.6957],[-48.7038,-24.6804],[-48.675,-24.7018],[-48.6166,-24.6687],[-48.5722,-24.6906],[-48.5381,-24.7262],[-48.5019,-24.746],[-48.5183,-24.781],[-48.5558,-24.8062],[-48.5677,-24.8488],[-48.5497,-24.8675],[-48.5664,-24.9168],[-48.5674,-24.9723],[-48.5981,-25.0033],[-48.5796,-25.0531],[-48.5563,-25.0843],[-48.5302,-25.1008],[-48.4809,-25.037],[-48.474,-25.0126],[-48.4119,-24.9804],[-48.3799,-24.9959],[-48.3512,-25.0365],[-48.2846,-25.0392],[-48.2696,-24.9975],[-48.2397,-24.9914],[-48.2086,-25.0319],[-48.2161,-25.0767],[-48.1816,-25.1338],[-48.1585,-25.1499],[-48.1825,-25.205],[-48.113,-25.2509],[-48.0235,-25.2309],[-48.0968,-25.2972],[-48.0961,-25.3089],[-48.0469,-25.2585],[-47.9238,-25.1605],[-47.908,-25.1181],[-47.9095,-25.0529],[-47.8429,-24.9766],[-47.7315,-24.8806],[-47.623,-24.7991],[-47.561,-24.7579],[-47.4248,-24.6851],[-47.4153,-24.6756],[-47.245,-24.574],[-47.1447,-24.4923],[-47.0779,-24.4482],[-47.1177,-24.4176],[-47.1208,-24.3648],[-47.1878,-24.3662],[-47.2344,-24.3765],[-47.2474,-24.3618],[-47.3003,-24.3599],[-47.3195,-24.3395],[-47.3324,-24.2881],[-47.2869,-24.2778],[-47.2955,-24.2223],[-47.2728,-24.1827],[-47.2883,-24.1621],[-47.2674,-24.115],[-47.2273,-24.0822],[-47.1605,-24.0526],[-47.1628,-24.0237],[-47.1271,-24.0087],[-47.2,-24.0006],[-47.2055,-23.9608],[-47.1843,-23.9299],[-47.1424,-23.9113],[-47.1291,-23.8606],[-47.0836,-23.8447],[-47.0288,-23.8462],[-47.0174,-23.8176],[-46.9889,-23.8008],[-47.0193,-23.7885],[-47.0761,-23.6807],[-47.0815,-23.6532],[-47.059,-23.6283],[-47.0281,-23.5813],[-46.9916,-23.5294],[-46.995,-23.507],[-47.0375,-23.4356],[-47.0306,-23.3717],[-47.0429,-23.3523],[-47.1335,-23.3806],[-47.143,-23.3483],[-47.1737,-23.3264],[-47.1688,-23.2938],[-47.1914,-23.2701],[-47.146,-23.2556],[-47.116,-23.2251],[-47.1293,-23.204],[-47.1959,-23.187],[-47.2455,-23.1827],[-47.3007,-23.1128],[-47.3896,-23.1547],[-47.4185,-23.1687],[-47.4119,-23.1195],[-47.4282,-23.1011],[-47.4888,-23.1075],[-47.5086,-23.0916],[-47.6087,-23.0993],[-47.6291,-23.0437],[-47.66,-23.0312],[-47.6603,-22.9973],[-47.7012,-22.9187],[-47.7115,-22.9121],[-47.7459,-22.9328],[-47.7633,-22.904],[-47.8069,-22.8769],[-47.8089,-22.8777],[-47.8267,-22.9422],[-47.8058,-22.9826],[-47.7725,-22.9755],[-47.7572,-22.9978],[-47.7919,-23.049],[-47.8213,-23.0724],[-47.8094,-23.0981],[-47.8189,-23.1325],[-47.8171,-23.1526],[-47.8391,-23.174],[-47.91,-23.1609],[-47.9151,-23.055],[-47.9369,-23.0146],[-47.9676,-23.0302],[-48.0061,-23.0697],[-48.0338,-23.0689],[-48.057,-23.1038],[-48.0917,-23.0865],[-48.1595,-23.0867],[-48.1921,-23.1241],[-48.1901,-23.1752],[-48.2249,-23.1962],[-48.2608,-23.2299],[-48.2414,-23.2802],[-48.3004,-23.2579],[-48.3364,-23.268],[-48.3601,-23.303],[-48.4915,-23.2611],[-48.5541,-23.2794],[-48.5927,-23.3154],[-48.6475,-23.3291],[-48.7042,-23.3416],[-48.774,-23.3024],[-48.7724,-23.2658],[-48.7456,-23.2514],[-48.7339,-23.1478],[-48.7509,-23.1141],[-48.7413,-23.0899],[-48.7775,-23.0465],[-48.7614,-22.993],[-48.7776,-22.9655],[-48.8522,-22.9317],[-48.8289,-22.8922],[-48.7994,-22.8734],[-48.8026,-22.8453],[-48.8797,-22.852],[-48.9483,-22.8255],[-48.9834,-22.8405],[-49.0309,-22.8338],[-49.0305,-22.7632],[-49.0949,-22.6979],[-49.0953,-22.6669],[-49.1515,-22.6843],[-49.183,-22.7242],[-49.2275,-22.7601],[-49.2489,-22.7494],[-49.2803,-22.7723],[-49.325,-22.7643],[-49.3759,-22.7775],[-49.3696,-22.8834]]]},"properties":{"ibge_code":"3502","name":"Sorocaba","codarea":"3502","uf":"SP","uf_code":"35","macro_id":"3","macro_sigla":"SE"}},{"type":"Feature","geometry":{"type":"Polygon","coordinates":[[[-49.0953,-22.6669],[-49.0949,-22.6979],[-49.0305,-22.7632],[-49.0309,-22.8338],[-48.9834,-22.8405],[-48.9483,-22.8255],[-48.8797,-22.852],[-48.8026,-22.8453],[-48.7994,-22.8734],[-48.8289,-22.8922],[-48.8522,-22.9317],[-48.7776,-22.9655],[-48.7614,-22.993],[-48.7775,-23.0465],[-48.7413,-23.0899],[-48.7509,-23.1141],[-48.7339,-23.1478],[-48.7456,-23.2514],[-48.7724,-23.2658],[-48.774,-23.3024],[-48.7042,-23.3416],[-48.6475,-23.3291],[-48.5927,-23.3154],[-48.5541,-23.2794],[-48.4915,-23.2611],[-48.3601,-23.303],[-48.3364,-23.268],[-48.3004,-23.2579],[-48.2414,-23.2802],[-48.2608,-23.2299],[-48.2249,-23.1962],[-48.1901,-23.1752],[-48.1921,-23.1241],[-48.1595,-23.0867],[-48.0917,-23.0865],[-48.057,-23.1038],[-48.0338,-23.0689],[-48.0061,-23.0697],[-47.9676,-23.0302],[-47.9369,-23.0146],[-47.9338,-22.9451],[-47.9515,-22.9245],[-47.9308,-22.8833],[-47.9878,-22.8879],[-48.0144,-22.8523],[-48.0475,-22.8319],[-48.032,-22.8257],[-48.0315,-22.7192],[-48.0717,-22.7363],[-48.0986,-22.6884],[-48.0885,-22.6519],[-48.0964,-22.6234],[-48.1563,-22.6378],[-48.2138,-22.6152],[-48.2464,-22.619],[-48.2615,-22.6054],[-48.2477,-22.5785],[-48.2601,-22.5404],[-48.2349,-22.5204],[-48.1987,-22.5086],[-48.1728,-22.4761],[-48.1039,-22.5089],[-48.0595,-22.5134],[-48.0408,-22.5059],[-47.9158,-22.4247],[-47.954,-22.3981],[-47.9494,-22.3207],[-47.9268,-22.3054],[-47.9055,-22.2307],[-47.882,-22.2007],[-47.8999,-22.1576],[-47.9479,-22.1111],[-47.9931,-22.116],[-48.0449,-22.0732],[-48.0437,-22.1289],[-48.1076,-22.1802],[-48.1347,-22.1832],[-48.198,-22.148],[-48.256,-22.1546],[-48.2564,-22.1774],[-48.3143,-22.1987],[-48.3423,-22.181],[-48.3879,-22.1591],[-48.3962,-22.1218],[-48.4449,-22.0632],[-48.5033,-22.0194],[-48.5443,-22.0345],[-48.5644,-22.0048],[-48.6069,-21.9877],[-48.6424,-21.9701],[-48.6794,-21.9288],[-48.6789,-21.9278],[-48.7267,-21.891],[-48.8326,-21.8949],[-48.8776,-21.921],[-48.8922,-21.9067],[-48.9061,-21.8682],[-48.9648,-21.8498],[-48.9898,-21.8274],[-48.9636,-21.7887],[-48.9731,-21.7586],[-49.0401,-21.7739],[-49.084,-21.7556],[-49.1045,-21.751],[-49.1381,-21.7084],[-49.1642,-21.6474],[-49.2133,-21.6711],[-49.2386,-21.6708],[-49.2733,-21.659],[-49.3115,-21.6172],[-49.3285,-21.559],[-49.379,-21.5348],[-49.4117,-21.5444],[-49.4455,-21.5241],[-49.4845,-21.5035],[-49.5471,-21.4227],[-49.5834,-21.3795],[-49.6284,-21.3544],[-49.697,-21.3627],[-49.7278,-21.3449],[-49.7461,-21.2968],[-49.7687,-21.3063],[-49.8316,-21.275],[-49.8181,-21.3031],[-49.8432,-21.3553],[-49.8686,-21.3926],[-49.8611,-21.4305],[-49.8722,-21.4689],[-49.9086,-21.5045],[-49.9158,-21.5575],[-49.9939,-21.5909],[-50.0609,-21.5839],[-50.0999,-21.6206],[-50.1077,-21.6839],[-50.0728,-21.6842],[-50.024,-21.7006],[-49.9435,-21.6979],[-49.9132,-21.7064],[-49.8691,-21.7405],[-49.8389,-21.7605],[-49.7721,-21.8044],[-49.8094,-21.8903],[-49.7718,-21.927],[-49.7342,-21.9406],[-49.7553,-22.0089],[-49.7407,-22.0262],[-49.6955,-22.0445],[-49.6336,-22.076],[-49.5694,-22.1394],[-49.5564,-22.1298],[-49.5276,-22.1519],[-49.53,-22.1816],[-49.5122,-22.1887],[-49.4889,-22.2348],[-49.459,-22.2411],[-49.4228,-22.2942],[-49.4592,-22.3375],[-49.5128,-22.3957],[-49.5564,-22.392],[-49.6039,-22.4431],[-49.6285,-22.4692],[-49.6507,-22.44],[-49.6837,-22.4661],[-49.7038,-22.4393],[-49.772,-22.5006],[-49.748,-22.5401],[-49.7365,-22.5884],[-49.7071,-22.6187],[-49.6879,-22.6011],[-49.6312,-22.624],[-49.5989,-22.6649],[-49.5851,-22.6056],[-49.5662,-22.575],[-49.503,-22.5138],[-49.4897,-22.5419],[-49.4519,-22.5764],[-49.4536,-22.584],[-49.4189,-22.6212],[-49.351,-22.6426],[-49.3397,-22.6659],[-49.3798,-22.7339],[-49.3759,-22.7775],[-49.325,-22.7643],[-49.2803,-22.7723],[-49.2489,-22.7494],[-49.2275,-22.7601],[-49.183,-22.7242],[-49.1515,-22.6843],[-49.0953,-22.6669]]]},"properties":{"ibge_code":"3503","name":"Bauru","codarea":"3503","uf":"SP","uf_code":"35","macro_id":"3","macro_sigla":"SE"}},{"type":"Feature","geometry":{"type":"Polygon","coordinates":[[[-47.2274,-20.8565],[-47.2269,-20.8555],[-47.2145,-20.8272],[-47.2249,-20.8009],[-47.1888,-20.7706],[-47.1862,-20.7314],[-47.1692,-20.7034],[-47.1267,-20.7093],[-47.101,-20.682],[-47.0975,-20.6439],[-47.1233,-20.6127],[-47.1428,-20.5656],[-47.1377,-20.5611],[-47.1442,-20.5408],[-47.1545,-20.5196],[-47.2235,-20.4911],[-47.291,-20.4505],[-47.2935,-20.4187],[-47.2855,-20.4057],[-47.2982,-20.3484],[-47.2767,-20.2916],[-47.2326,-20.2275],[-47.2311,-20.2192],[-47.2618,-20.1599],[-47.2964,-20.1459],[-47.3292,-20.1153],[-47.3716,-20.0859],[-47.4081,-20.0802],[-47.4403,-20.0488],[-47.4244,-20.0153],[-47.4633,-19.9658],[-47.4896,-19.9693],[-47.5492,-19.9938],[-47.5838,-19.9967],[-47.5947,-20.0259],[-47.6397,-20.0472],[-47.6761,-20.0019],[-47.7127,-19.9781],[-47.7626,-19.986],[-47.8509,-19.9898],[-47.8752,-20.0186],[-47.8615,-20.045],[-47.8698,-20.0762],[-47.8994,-20.1257],[-47.9315,-20.1104],[-47.946,-20.0605],[-47.9812,-20.0364],[-48.0011,-20.1013],[-48.0202,-20.124],[-48.0768,-20.1484],[-48.1055,-20.1464],[-48.1786,-20.0962],[-48.2034,-20.0455],[-48.2285,-20.0282],[-48.2534,-20.0779],[-48.2186,-20.1279],[-48.2651,-20.1438],[-48.3154,-20.1138],[-48.3749,-20.1231],[-48.4058,-20.1135],[-48.4516,-20.1259],[-48.4911,-20.1381],[-48.5374,-20.1336],[-48.5932,-20.1358],[-48.6469,-20.167],[-48.7296,-20.1503],[-48.7811,-20.1639],[-48.8221,-20.1615],[-48.8554,-20.1801],[-48.8534,-20.215],[-48.8871,-20.2753],[-48.8755,-20.3184],[-48.8784,-20.3561],[-48.8671,-20.3989],[-48.8865,-20.4369],[-48.9042,-20.4387],[-48.963,-20.4031],[-48.9658,-20.2793],[-48.972,-20.2078],[-48.986,-20.1708],[-49.0329,-20.1501],[-49.0659,-20.1535],[-49.1207,-20.2705],[-49.0936,-20.2896],[-49.0903,-20.3382],[-49.0755,-20.356],[-49.089,-20.419],[-49.0109,-20.512],[-49.0147,-20.5698],[-48.9901,-20.5817],[-49.0148,-20.6498],[-49.05,-20.6284],[-49.1189,-20.6044],[-49.1292,-20.6757],[-49.1183,-20.7398],[-49.0988,-20.783],[-49.079,-20.8118],[-49.0223,-20.8512],[-48.9841,-20.8485],[-48.9491,-20.8693],[-48.9071,-20.8923],[-48.8833,-20.9127],[-48.8419,-20.9131],[-48.7956,-20.9356],[-48.7856,-20.934],[-48.7183,-20.9777],[-48.6938,-21.0069],[-48.686,-21.0102],[-48.6578,-21.0309],[-48.6155,-21.0408],[-48.5677,-21.0755],[-48.5977,-21.1431],[-48.5812,-21.1657],[-48.5848,-21.2131],[-48.6259,-21.1964],[-48.6517,-21.211],[-48.707,-21.2068],[-48.6955,-21.2209],[-48.6536,-21.2311],[-48.6193,-21.2869],[-48.5773,-21.3397],[-48.5455,-21.3517],[-48.4848,-21.3344],[-48.451,-21.3466],[-48.4268,-21.3187],[-48.3517,-21.3212],[-48.3118,-21.3607],[-48.3358,-21.3852],[-48.4278,-21.4354],[-48.4639,-21.4898],[-48.3941,-21.4922],[-48.3693,-21.5045],[-48.324,-21.4844],[-48.2826,-21.4813],[-48.2347,-21.4738],[-48.1135,-21.4206],[-48.1089,-21.4293],[-48.0743,-21.4792],[-48.0312,-21.5149],[-48.0273,-21.5389],[-47.9642,-21.5983],[-47.9272,-21.576],[-47.8631,-21.6116],[-47.818,-21.6156],[-47.8112,-21.6477],[-47.8301,-21.6685],[-47.8119,-21.6991],[-47.7677,-21.6917],[-47.7368,-21.7119],[-47.7241,-21.7062],[-47.679,-21.6571],[-47.671,-21.6031],[-47.6426,-21.5922],[-47.5707,-21.5589],[-47.4497,-21.5775],[-47.4461,-21.5842],[-47.3992,-21.6137],[-47.3642,-21.5932],[-47.357,-21.5699],[-47.3055,-21.5508],[-47.2775,-21.5277],[-47.2787,-21.4684],[-47.2642,-21.4513],[-47.2413,-21.4433],[-47.2149,-21.427],[-47.1919,-21.348],[-47.1573,-21.3023],[-47.1296,-21.3285],[-47.0655,-21.2694],[-47.0442,-21.2674],[-47.0761,-21.2412],[-47.1185,-21.1859],[-47.1176,-21.1532],[-47.133,-21.1332],[-47.1148,-21.1047],[-47.1413,-21.0859],[-47.1479,-21.0355],[-47.1437,-20.9824],[-47.1813,-20.9538],[-47.24,-20.8853],[-47.2274,-20.8565]]]},"properties":{"ibge_code":"3508","name":"Ribeirão Preto","codarea":"3508","uf":"SP","uf_code":"35","macro_id":"3","macro_sigla":"SE"}},{"type":"Feature","geometry":{"type":"Polygon","coordinates":[[[-50.0609,-21.5839],[-49.9939,-21.5909],[-49.9158,-21.5575],[-49.9086,-21.5045],[-49.8722,-21.4689],[-49.8611,-21.4305],[-49.8686,-21.3926],[-49.8432,-21.3553],[-49.8181,-21.3031],[-49.8316,-21.275],[-49.8565,-21.2603],[-49.9146,-21.2382],[-49.9916,-21.2267],[-49.9601,-21.1331],[-49.981,-21.0883],[-49.9848,-21.0458],[-50.055,-20.9973],[-50.0329,-20.9784],[-50.0224,-20.9436],[-50.0507,-20.9315],[-50.0312,-20.8903],[-50.0241,-20.824],[-50.0928,-20.811],[-50.1213,-20.8311],[-50.1141,-20.7635],[-50.1429,-20.78],[-50.1657,-20.7545],[-50.2505,-20.7367],[-50.2134,-20.7053],[-50.2119,-20.68],[-50.1708,-20.6157],[-50.1596,-20.5608],[-50.1383,-20.5211],[-50.1544,-20.5049],[-50.2029,-20.4814],[-50.2258,-20.4951],[-50.2852,-20.4698],[-50.2715,-20.5224],[-50.2859,-20.586],[-50.3152,-20.5714],[-50.3959,-20.5683],[-50.4509,-20.5202],[-50.4485,-20.4862],[-50.528,-20.5089],[-50.5541,-20.5283],[-50.6249,-20.5081],[-50.6555,-20.5169],[-50.6793,-20.5301],[-50.725,-20.5269],[-50.7687,-20.5447],[-50.8121,-20.5312],[-50.8731,-20.5424],[-50.9663,-20.5492],[-50.9781,-20.5651],[-50.9862,-20.5486],[-51.0329,-20.5589],[-51.068,-20.5546],[-51.1488,-20.5196],[-51.2032,-20.4891],[-51.2314,-20.4572],[-51.2038,-20.4398],[-51.1568,-20.4353],[-51.0386,-20.3709],[-51.0789,-20.3282],[-51.1094,-20.2801],[-51.1608,-20.3052],[-51.2957,-20.3285],[-51.3435,-20.3556],[-51.4188,-20.465],[-51.4492,-20.4828],[-51.5002,-20.5682],[-51.5676,-20.6183],[-51.5752,-20.6234],[-51.6033,-20.6617],[-51.6349,-20.7548],[-51.6224,-20.7769],[-51.633,-20.8216],[-51.6151,-20.8861],[-51.6236,-20.9444],[-51.6667,-20.9708],[-51.7137,-20.9715],[-51.7596,-21.0222],[-51.7725,-21.0511],[-51.698,-21.0917],[-51.682,-21.1491],[-51.64,-21.1632],[-51.6396,-21.1628],[-51.6137,-21.1417],[-51.5738,-21.1873],[-51.5234,-21.1996],[-51.5018,-21.2211],[-51.4855,-21.2325],[-51.434,-21.2464],[-51.3853,-21.2844],[-51.3288,-21.2925],[-51.2863,-21.3193],[-51.2378,-21.3268],[-51.2254,-21.342],[-51.2141,-21.3548],[-51.1641,-21.384],[-51.145,-21.3744],[-51.0999,-21.3699],[-51.0588,-21.3986],[-50.993,-21.4371],[-50.9849,-21.4328],[-50.9241,-21.4419],[-50.8978,-21.4907],[-50.8736,-21.4892],[-50.8681,-21.5263],[-50.8159,-21.5399],[-50.8092,-21.5601],[-50.7735,-21.5446],[-50.7798,-21.5678],[-50.7343,-21.572],[-50.6696,-21.6058],[-50.6474,-21.6499],[-50.6152,-21.6589],[-50.6096,-21.6569],[-50.5706,-21.6919],[-50.5171,-21.7099],[-50.496,-21.7153],[-50.4541,-21.6882],[-50.3997,-21.7166],[-50.3606,-21.7242],[-50.3085,-21.7145],[-50.2733,-21.7093],[-50.2459,-21.6967],[-50.1592,-21.6824],[-50.1077,-21.6839],[-50.0999,-21.6206],[-50.0609,-21.5839]]]},"properties":{"ibge_code":"3506","name":"Araçatuba","codarea":"3506","uf":"SP","uf_code":"35","macro_id":"3","macro_sigla":"SE"}},{"type":"Feature","geometry":{"type":"Polygon","coordinates":[[[-49.7407,-22.0262],[-49.7553,-22.0089],[-49.7342,-21.9406],[-49.7718,-21.927],[-49.8094,-21.8903],[-49.7721,-21.8044],[-49.8389,-21.7605],[-49.8691,-21.7405],[-49.9132,-21.7064],[-49.9435,-21.6979],[-50.024,-21.7006],[-50.0728,-21.6842],[-50.1077,-21.6839],[-50.1592,-21.6824],[-50.2459,-21.6967],[-50.2733,-21.7093],[-50.3085,-21.7145],[-50.3606,-21.7242],[-50.3997,-21.7166],[-50.4541,-21.6882],[-50.496,-21.7153],[-50.5171,-21.7099],[-50.5706,-21.6919],[-50.6096,-21.6569],[-50.6152,-21.6589],[-50.6474,-21.6499],[-50.6696,-21.6058],[-50.7343,-21.572],[-50.7798,-21.5678],[-50.7773,-21.588],[-50.8269,-21.689],[-50.8571,-21.7776],[-50.8237,-21.8008],[-50.8391,-21.8293],[-50.8672,-21.8366],[-50.9043,-21.87],[-50.9659,-21.9258],[-50.9379,-21.951],[-50.8647,-21.969],[-50.7804,-22.0025],[-50.7102,-22.0152],[-50.7051,-22.0216],[-50.6552,-22.0353],[-50.547,-22.0873],[-50.5211,-22.111],[-50.4852,-22.1522],[-50.5239,-22.2204],[-50.5516,-22.2333],[-50.5585,-22.2953],[-50.6214,-22.2942],[-50.6456,-22.3123],[-50.6806,-22.2945],[-50.6963,-22.3708],[-50.695,-22.3999],[-50.7526,-22.4325],[-50.7835,-22.4352],[-50.8296,-22.4283],[-50.8437,-22.4469],[-50.8313,-22.4841],[-50.8574,-22.5299],[-50.842,-22.5504],[-50.8461,-22.618],[-50.8276,-22.6453],[-50.8878,-22.6561],[-50.9059,-22.6378],[-50.945,-22.675],[-50.934,-22.7263],[-50.9787,-22.7826],[-50.9277,-22.7977],[-50.8953,-22.7943],[-50.8424,-22.8314],[-50.8236,-22.8661],[-50.7931,-22.9051],[-50.7959,-22.9512],[-50.7098,-22.9534],[-50.6821,-22.9062],[-50.6373,-22.9069],[-50.6038,-22.9232],[-50.5772,-22.904],[-50.53,-22.9191],[-50.5268,-22.9348],[-50.4257,-22.9442],[-50.4164,-22.9128],[-50.3592,-22.9161],[-50.3402,-22.9481],[-50.2756,-22.9316],[-50.2432,-22.951],[-50.2039,-22.9528],[-50.1331,-22.9399],[-50.0528,-22.9055],[-50.0146,-22.9113],[-49.9862,-22.8975],[-49.9614,-22.9309],[-49.9742,-22.9545],[-49.9725,-22.9585],[-49.9545,-22.9784],[-49.9017,-22.9993],[-49.9116,-23.0511],[-49.8674,-23.0717],[-49.8337,-23.0659],[-49.8194,-23.077],[-49.8095,-23.0892],[-49.7892,-23.1033],[-49.7256,-23.1094],[-49.7165,-23.1484],[-49.6777,-23.1749],[-49.6538,-23.212],[-49.6271,-23.2818],[-49.6217,-23.3319],[-49.6379,-23.3495],[-49.5954,-23.3671],[-49.6025,-23.4085],[-49.5818,-23.429],[-49.5981,-23.4582],[-49.5667,-23.4942],[-49.5136,-23.5077],[-49.4764,-23.5409],[-49.44,-23.4889],[-49.4521,-23.4736],[-49.4484,-23.4213],[-49.395,-23.3955],[-49.3605,-23.4351],[-49.3173,-23.4006],[-49.2921,-23.4174],[-49.2583,-23.408],[-49.2131,-23.4175],[-49.2173,-23.2985],[-49.1995,-23.2914],[-49.2108,-23.2455],[-49.2431,-23.2073],[-49.2454,-23.1448],[-49.3297,-23.1131],[-49.3876,-23.0537],[-49.4121,-23.0515],[-49.4573,-22.975],[-49.4586,-22.9133],[-49.3967,-22.8823],[-49.3696,-22.8834],[-49.3759,-22.7775],[-49.3798,-22.7339],[-49.3397,-22.6659],[-49.351,-22.6426],[-49.4189,-22.6212],[-49.4536,-22.584],[-49.4519,-22.5764],[-49.4897,-22.5419],[-49.503,-22.5138],[-49.5662,-22.575],[-49.5851,-22.6056],[-49.5989,-22.6649],[-49.6312,-22.624],[-49.6879,-22.6011],[-49.7071,-22.6187],[-49.7365,-22.5884],[-49.748,-22.5401],[-49.772,-22.5006],[-49.7038,-22.4393],[-49.6837,-22.4661],[-49.6507,-22.44],[-49.6285,-22.4692],[-49.6039,-22.4431],[-49.5564,-22.392],[-49.5128,-22.3957],[-49.4592,-22.3375],[-49.4228,-22.2942],[-49.459,-22.2411],[-49.4889,-22.2348],[-49.5122,-22.1887],[-49.53,-22.1816],[-49.5276,-22.1519],[-49.5564,-22.1298],[-49.5694,-22.1394],[-49.6336,-22.076],[-49.6955,-22.0445],[-49.7407,-22.0262]]]},"properties":{"ibge_code":"3504","name":"Marília","codarea":"3504","uf":"SP","uf_code":"35","macro_id":"3","macro_sigla":"SE"}},{"type":"Feature","geometry":{"type":"Polygon","coordinates":[[[-48.4449,-22.0632],[-48.3962,-22.1218],[-48.3879,-22.1591],[-48.3423,-22.181],[-48.3143,-22.1987],[-48.2564,-22.1774],[-48.256,-22.1546],[-48.198,-22.148],[-48.1347,-22.1832],[-48.1076,-22.1802],[-48.0437,-22.1289],[-48.0449,-22.0732],[-47.9931,-22.116],[-47.9479,-22.1111],[-47.8999,-22.1576],[-47.882,-22.2007],[-47.9055,-22.2307],[-47.9268,-22.3054],[-47.9494,-22.3207],[-47.954,-22.3981],[-47.9158,-22.4247],[-47.857,-22.4306],[-47.8126,-22.4568],[-47.7929,-22.4482],[-47.7767,-22.4441],[-47.7941,-22.4343],[-47.7879,-22.3945],[-47.7603,-22.3404],[-47.7307,-22.2987],[-47.7137,-22.3019],[-47.7232,-22.2727],[-47.7132,-22.2401],[-47.7603,-22.1634],[-47.7998,-22.1282],[-47.7895,-22.0976],[-47.7523,-22.0894],[-47.7264,-22.0415],[-47.6758,-22.0135],[-47.6581,-22.0518],[-47.6265,-22.0436],[-47.5784,-22.0889],[-47.4589,-22.0832],[-47.442,-22.0636],[-47.3997,-22.0849],[-47.3781,-22.0956],[-47.328,-22.0902],[-47.3009,-22.1029],[-47.2554,-22.0913],[-47.1975,-22.0987],[-47.2338,-22.0567],[-47.2017,-22.0342],[-47.2162,-21.976],[-47.2499,-21.9656],[-47.2822,-21.9208],[-47.2777,-21.8826],[-47.3104,-21.8727],[-47.3431,-21.8399],[-47.3469,-21.8065],[-47.2934,-21.7523],[-47.3383,-21.6812],[-47.3288,-21.6445],[-47.3724,-21.6498],[-47.3992,-21.6137],[-47.4461,-21.5842],[-47.4497,-21.5775],[-47.5707,-21.5589],[-47.6426,-21.5922],[-47.671,-21.6031],[-47.679,-21.6571],[-47.7241,-21.7062],[-47.7368,-21.7119],[-47.7677,-21.6917],[-47.8119,-21.6991],[-47.8301,-21.6685],[-47.8112,-21.6477],[-47.818,-21.6156],[-47.8631,-21.6116],[-47.9272,-21.576],[-47.9642,-21.5983],[-48.0273,-21.5389],[-48.0312,-21.5149],[-48.0743,-21.4792],[-48.1089,-21.4293],[-48.1135,-21.4206],[-48.2347,-21.4738],[-48.2826,-21.4813],[-48.324,-21.4844],[-48.3693,-21.5045],[-48.3941,-21.4922],[-48.4639,-21.4898],[-48.4278,-21.4354],[-48.3358,-21.3852],[-48.3118,-21.3607],[-48.3517,-21.3212],[-48.4268,-21.3187],[-48.451,-21.3466],[-48.4848,-21.3344],[-48.5455,-21.3517],[-48.5773,-21.3397],[-48.6193,-21.2869],[-48.6697,-21.3377],[-48.6846,-21.383],[-48.7257,-21.42],[-48.7543,-21.4207],[-48.7735,-21.4276],[-48.8484,-21.3913],[-48.873,-21.3943],[-48.9002,-21.3706],[-48.9792,-21.4161],[-48.9914,-21.4562],[-49.0194,-21.4823],[-49.0548,-21.4885],[-49.0822,-21.4645],[-49.1502,-21.5302],[-49.1559,-21.5559],[-49.1875,-21.5959],[-49.2412,-21.6242],[-49.2133,-21.6711],[-49.1642,-21.6474],[-49.1381,-21.7084],[-49.1045,-21.751],[-49.084,-21.7556],[-49.0401,-21.7739],[-48.9731,-21.7586],[-48.9636,-21.7887],[-48.9898,-21.8274],[-48.9648,-21.8498],[-48.9061,-21.8682],[-48.8922,-21.9067],[-48.8776,-21.921],[-48.8326,-21.8949],[-48.7267,-21.891],[-48.6789,-21.9278],[-48.6794,-21.9288],[-48.6424,-21.9701],[-48.6069,-21.9877],[-48.5644,-22.0048],[-48.5443,-22.0345],[-48.5033,-22.0194],[-48.4449,-22.0632]]]},"properties":{"ibge_code":"3509","name":"Araraquara","codarea":"3509","uf":"SP","uf_code":"35","macro_id":"3","macro_sigla":"SE"}},{"type":"Feature","geometry":{"type":"MultiPolygon","coordinates":[[[[-44.4662,-22.6157],[-44.5107,-22.6401],[-44.546,-22.607],[-44.6459,-22.6039],[-44.6444,-22.5556],[-44.6679,-22.5541],[-44.6882,-22.5215],[-44.7192,-22.4634],[-44.7553,-22.4153],[-44.8094,-22.4056],[-44.8439,-22.4278],[-44.8897,-22.4321],[-44.9396,-22.4526],[-44.9659,-22.4752],[-44.9907,-22.4665],[-45.0549,-22.4705],[-45.1028,-22.4899],[-45.1244,-22.4972],[-45.1668,-22.5307],[-45.1772,-22.5467],[-45.2545,-22.5816],[-45.2691,-22.6114],[-45.333,-22.6176],[-45.4,-22.6537],[-45.4204,-22.6212],[-45.4804,-22.5905],[-45.4888,-22.6288],[-45.5249,-22.6469],[-45.5804,-22.6529],[-45.5599,-22.6276],[-45.5765,-22.6017],[-45.6181,-22.6379],[-45.6662,-22.6512],[-45.6811,-22.6363],[-45.6599,-22.599],[-45.6787,-22.5733],[-45.7268,-22.587],[-45.73,-22.6187],[-45.698,-22.6498],[-45.7428,-22.6592],[-45.7879,-22.6934],[-45.8116,-22.6987],[-45.8051,-22.7373],[-45.7326,-22.722],[-45.7122,-22.7698],[-45.7709,-22.8059],[-45.768,-22.836],[-45.8481,-22.8378],[-45.871,-22.8715],[-45.909,-22.8296],[-45.9565,-22.8498],[-46.0085,-22.8895],[-46.0507,-22.897],[-46.0412,-22.9138],[-46.052,-22.9683],[-46.0826,-22.9855],[-46.0866,-22.985],[-46.1178,-23.0055],[-46.1614,-23.0661],[-46.2052,-23.0849],[-46.2151,-23.1084],[-46.2622,-23.1864],[-46.2274,-23.1898],[-46.1621,-23.2346],[-46.1457,-23.2568],[-46.1349,-23.2879],[-46.1015,-23.3086],[-46.0295,-23.3918],[-46.0025,-23.3853],[-45.9874,-23.4198],[-45.9519,-23.4514],[-45.9619,-23.4971],[-45.9041,-23.5053],[-45.8406,-23.4723],[-45.8136,-23.4993],[-45.7888,-23.4929],[-45.7465,-23.5389],[-45.7396,-23.5833],[-45.7025,-23.6369],[-45.7196,-23.6489],[-45.7417,-23.6682],[-45.7961,-23.683],[-45.7948,-23.7156],[-45.8424,-23.7582],[-45.7925,-23.7693],[-45.7633,-23.763],[-45.6641,-23.779],[-45.624,-23.7958],[-45.5551,-23.795],[-45.5024,-23.8412],[-45.4651,-23.8192],[-45.4309,-23.8325],[-45.3963,-23.8081],[-45.3969,-23.7806],[-45.427,-23.7084],[-45.4283,-23.6579],[-45.4066,-23.6239],[-45.3569,-23.6227],[-45.3114,-23.5757],[-45.2767,-23.5783],[-45.2442,-23.5937],[-45.2125,-23.5662],[-45.2194,-23.5289],[-45.1592,-23.5385],[-45.1739,-23.4963],[-45.0715,-23.4972],[-45.0539,-23.4167],[-45.015,-23.4187],[-44.9771,-23.4003],[-44.9416,-23.357],[-44.9057,-23.334],[-44.8369,-23.3696],[-44.8402,-23.3882],[-44.7506,-23.366],[-44.7242,-23.3676],[-44.7777,-23.3377],[-44.7874,-23.2991],[-44.8247,-23.2916],[-44.828,-23.2706],[-44.8893,-23.2266],[-44.8826,-23.2027],[-44.8747,-23.1847],[-44.8244,-23.1627],[-44.8106,-23.1148],[-44.8188,-23.0915],[-44.8022,-23.0488],[-44.7919,-22.9819],[-44.7648,-22.9833],[-44.7435,-22.947],[-44.6387,-22.9142],[-44.6295,-22.9049],[-44.6071,-22.8853],[-44.5552,-22.8881],[-44.4946,-22.8468],[-44.4669,-22.885],[-44.4231,-22.8505],[-44.3812,-22.8584],[-44.3181,-22.8451],[-44.2676,-22.829],[-44.2402,-22.7914],[-44.2576,-22.767],[-44.227,-22.7337],[-44.1739,-22.7021],[-44.1656,-22.6734],[-44.1843,-22.6373],[-44.2456,-22.6064],[-44.3421,-22.5893],[-44.3609,-22.6118],[-44.3824,-22.5735],[-44.4058,-22.5991],[-44.4662,-22.6157]]],[[[-45.2904,-23.8691],[-45.2423,-23.8108],[-45.2327,-23.785],[-45.2633,-23.7415],[-45.34,-23.7275],[-45.3657,-23.809],[-45.4604,-23.8902],[-45.4443,-23.9341],[-45.4079,-23.9385],[-45.303,-23.9089],[-45.269,-23.965],[-45.2334,-23.948],[-45.2376,-23.9091],[-45.2904,-23.8691]]]]},"properties":{"ibge_code":"3511","name":"São José dos Campos","codarea":"3511","uf":"SP","uf_code":"35","macro_id":"3","macro_sigla":"SE"}},{"type":"Feature","geometry":{"type":"Polygon","coordinates":[[[-45.7961,-23.683],[-45.7417,-23.6682],[-45.7196,-23.6489],[-45.7025,-23.6369],[-45.7396,-23.5833],[-45.7465,-23.5389],[-45.7888,-23.4929],[-45.8136,-23.4993],[-45.8406,-23.4723],[-45.9041,-23.5053],[-45.9619,-23.4971],[-45.9519,-23.4514],[-45.9874,-23.4198],[-46.0025,-23.3853],[-46.0295,-23.3918],[-46.1015,-23.3086],[-46.1349,-23.2879],[-46.1457,-23.2568],[-46.1621,-23.2346],[-46.2274,-23.1898],[-46.2622,-23.1864],[-46.31,-23.205],[-46.3113,-23.2271],[-46.3642,-23.2741],[-46.4185,-23.3163],[-46.4484,-23.2701],[-46.4698,-23.2828],[-46.5154,-23.2375],[-46.5454,-23.2414],[-46.6151,-23.2273],[-46.6371,-23.2581],[-46.6384,-23.2577],[-46.7041,-23.2521],[-46.7438,-23.2503],[-46.7837,-23.2654],[-46.8026,-23.2571],[-46.8381,-23.2878],[-46.8675,-23.2779],[-46.9019,-23.3076],[-46.9379,-23.3219],[-46.9591,-23.3268],[-47.0429,-23.3523],[-47.0306,-23.3717],[-47.0375,-23.4356],[-46.995,-23.507],[-46.9916,-23.5294],[-47.0281,-23.5813],[-47.059,-23.6283],[-47.0815,-23.6532],[-47.0761,-23.6807],[-47.0193,-23.7885],[-46.9889,-23.8008],[-47.0174,-23.8176],[-47.0288,-23.8462],[-47.0836,-23.8447],[-47.1291,-23.8606],[-47.1424,-23.9113],[-47.1843,-23.9299],[-47.2055,-23.9608],[-47.2,-24.0006],[-47.1271,-24.0087],[-47.1628,-24.0237],[-47.1605,-24.0526],[-47.2273,-24.0822],[-47.2674,-24.115],[-47.2883,-24.1621],[-47.2728,-24.1827],[-47.2955,-24.2223],[-47.2869,-24.2778],[-47.3324,-24.2881],[-47.3195,-24.3395],[-47.3003,-24.3599],[-47.2474,-24.3618],[-47.2344,-24.3765],[-47.1878,-24.3662],[-47.1208,-24.3648],[-47.1177,-24.4176],[-47.0779,-24.4482],[-47.0036,-24.409],[-47.0182,-24.3788],[-46.9939,-24.3254],[-46.8976,-24.2529],[-46.8446,-24.2184],[-46.7094,-24.1441],[-46.6044,-24.0897],[-46.493,-24.0385],[-46.4156,-24.0157],[-46.3919,-23.9986],[-46.3551,-23.9711],[-46.3063,-23.9931],[-46.3201,-24.0243],[-46.2397,-23.9908],[-46.1978,-23.9948],[-46.1656,-23.9442],[-46.1332,-23.8565],[-46.0887,-23.8221],[-46.0388,-23.8155],[-45.9726,-23.7854],[-45.8983,-23.7654],[-45.8424,-23.7582],[-45.7948,-23.7156],[-45.7961,-23.683]]]},"properties":{"ibge_code":"3501","name":"São Paulo","codarea":"3501","uf":"SP","uf_code":"35","macro_id":"3","macro_sigla":"SE"}},{"type":"Feature","geometry":{"type":"Polygon","coordinates":[[[-51.3331,-22.6671],[-51.3736,-22.6581],[-51.402,-22.6679],[-51.4464,-22.653],[-51.475,-22.6792],[-51.5172,-22.69],[-51.5596,-22.6972],[-51.6279,-22.6582],[-51.6305,-22.6579],[-51.7182,-22.669],[-51.7251,-22.7011],[-51.7595,-22.7393],[-51.7704,-22.7776],[-51.7592,-22.8305],[-51.8002,-22.831],[-51.7637,-22.8491],[-51.7253,-22.8909],[-51.7173,-22.9308],[-51.7482,-22.9443],[-51.7947,-23.0058],[-51.7504,-23.0281],[-51.7494,-23.0392],[-51.6723,-23.0869],[-51.595,-23.1162],[-51.593,-23.1306],[-51.6094,-23.1518],[-51.6223,-23.2289],[-51.5916,-23.283],[-51.6767,-23.3739],[-51.6902,-23.3777],[-51.6276,-23.4087],[-51.626,-23.4263],[-51.6115,-23.4837],[-51.6288,-23.5102],[-51.6254,-23.5503],[-51.6448,-23.5759],[-51.7067,-23.5728],[-51.7561,-23.6001],[-51.7936,-23.607],[-51.7957,-23.6309],[-51.8358,-23.632],[-51.8882,-23.6451],[-51.9399,-23.673],[-51.9636,-23.6945],[-51.9192,-23.726],[-51.9485,-23.774],[-51.9963,-23.7906],[-52.0051,-23.8226],[-51.9587,-23.8573],[-51.9395,-23.9082],[-51.968,-23.9493],[-51.9461,-23.9742],[-51.9463,-24.0418],[-51.9178,-24.1038],[-51.9408,-24.1558],[-51.9927,-24.2027],[-51.9581,-24.2409],[-51.9538,-24.2468],[-51.9329,-24.2642],[-51.9341,-24.3018],[-51.916,-24.3259],[-51.8887,-24.4],[-51.8457,-24.4195],[-51.8245,-24.4498],[-51.7571,-24.5294],[-51.7249,-24.5961],[-51.6621,-24.5846],[-51.6046,-24.5559],[-51.5602,-24.575],[-51.5337,-24.554],[-51.5022,-24.5748],[-51.4684,-24.555],[-51.4549,-24.5811],[-51.4891,-24.6259],[-51.4719,-24.6475],[-51.4167,-24.7222],[-51.4101,-24.7563],[-51.3742,-24.7733],[-51.3328,-24.7596],[-51.2824,-24.7746],[-51.2227,-24.7727],[-51.1943,-24.7982],[-51.1564,-24.808],[-51.1168,-24.8665],[-51.1188,-24.901],[-51.0866,-24.9368],[-51.0569,-24.9385],[-51.0176,-24.9691],[-50.988,-24.964],[-50.9629,-24.933],[-51.0018,-24.8628],[-51.0288,-24.8551],[-51.0669,-24.8159],[-51.064,-24.6914],[-51.0795,-24.6443],[-51.1319,-24.6161],[-51.1315,-24.5808],[-51.1592,-24.5682],[-51.1661,-24.4885],[-51.139,-24.4681],[-51.1436,-24.4406],[-51.1044,-24.4147],[-51.0779,-24.3523],[-51.098,-24.3258],[-51.0983,-24.2996],[-51.1316,-24.2681],[-51.2039,-24.2459],[-51.2073,-24.223],[-51.2598,-24.2124],[-51.3338,-24.1589],[-51.3725,-24.1426],[-51.3129,-24.1295],[-51.2805,-24.0982],[-51.2344,-24.0865],[-51.2111,-24.1057],[-51.178,-24.1004],[-51.1332,-24.0696],[-51.0854,-24.0744],[-51.0955,-23.988],[-51.1126,-23.9427],[-51.0819,-23.906],[-51.0165,-23.9187],[-50.9515,-23.8839],[-50.9609,-23.867],[-50.8991,-23.7956],[-50.8958,-23.8402],[-50.8574,-23.8684],[-50.8437,-23.8944],[-50.8049,-23.8764],[-50.7871,-23.9056],[-50.732,-23.9477],[-50.7545,-23.9773],[-50.7218,-24.0279],[-50.7028,-24.0249],[-50.6886,-24.0029],[-50.649,-23.9888],[-50.59,-23.9904],[-50.5473,-23.9606],[-50.5342,-23.9327],[-50.4833,-23.9515],[-50.4261,-23.9578],[-50.3984,-23.9208],[-50.3836,-23.8592],[-50.3563,-23.8783],[-50.3219,-23.9444],[-50.2903,-23.959],[-50.2325,-23.9713],[-50.2208,-23.9975],[-50.1617,-23.9421],[-50.1183,-23.9621],[-50.0815,-23.9611],[-50.0421,-23.9897],[-49.9934,-23.9762],[-49.9704,-23.9564],[-49.9731,-23.9021],[-49.9648,-23.8697],[-49.9235,-23.8438],[-49.8303,-23.9363],[-49.8293,-23.9789],[-49.793,-24.0038],[-49.7553,-24.0656],[-49.7594,-24.0841],[-49.6975,-24.0654],[-49.6804,-24.0782],[-49.6344,-24.0707],[-49.6238,-24.0019],[-49.5358,-23.9282],[-49.587,-23.8889],[-49.608,-23.8394],[-49.5727,-23.827],[-49.5597,-23.7936],[-49.5673,-23.7368],[-49.5492,-23.704],[-49.5747,-23.676],[-49.6021,-23.6521],[-49.621,-23.6111],[-49.6028,-23.584],[-49.6002,-23.5356],[-49.6242,-23.5233],[-49.6214,-23.4933],[-49.5981,-23.4582],[-49.5818,-23.429],[-49.6025,-23.4085],[-49.5954,-23.3671],[-49.6379,-23.3495],[-49.6217,-23.3319],[-49.6271,-23.2818],[-49.6538,-23.212],[-49.6777,-23.1749],[-49.7165,-23.1484],[-49.7256,-23.1094],[-49.7892,-23.1033],[-49.8095,-23.0892],[-49.8194,-23.077],[-49.8337,-23.0659],[-49.8674,-23.0717],[-49.9116,-23.0511],[-49.9017,-22.9993],[-49.9545,-22.9784],[-49.9725,-22.9585],[-49.9742,-22.9545],[-49.9614,-22.9309],[-49.9862,-22.8975],[-50.0146,-22.9113],[-50.0528,-22.9055],[-50.1331,-22.9399],[-50.2039,-22.9528],[-50.2432,-22.951],[-50.2756,-22.9316],[-50.3402,-22.9481],[-50.3592,-22.9161],[-50.4164,-22.9128],[-50.4257,-22.9442],[-50.5268,-22.9348],[-50.53,-22.9191],[-50.5772,-22.904],[-50.6038,-22.9232],[-50.6373,-22.9069],[-50.6821,-22.9062],[-50.7098,-22.9534],[-50.7959,-22.9512],[-50.7931,-22.9051],[-50.8236,-22.8661],[-50.8424,-22.8314],[-50.8953,-22.7943],[-50.9277,-22.7977],[-50.9787,-22.7826],[-51.0044,-22.7937],[-51.0576,-22.7661],[-51.1279,-22.76],[-51.176,-22.7388],[-51.2137,-22.7237],[-51.2652,-22.6677],[-51.2982,-22.6735],[-51.3331,-22.6671]]]},"properties":{"ibge_code":"4105","name":"Londrina","codarea":"4105","uf":"PR","uf_code":"41","macro_id":"4","macro_sigla":"S"}},{"type":"Feature","geometry":{"type":"Polygon","coordinates":[[[-49.1298,-24.6819],[-49.1579,-24.6719],[-49.1857,-24.6728],[-49.2079,-24.7009],[-49.2781,-24.693],[-49.312,-24.6635],[-49.3036,-24.5969],[-49.316,-24.5555],[-49.2799,-24.5359],[-49.2957,-24.5003],[-49.2453,-24.4651],[-49.2505,-24.4454],[-49.2524,-24.4339],[-49.2757,-24.4169],[-49.3468,-24.4585],[-49.3592,-24.4777],[-49.4912,-24.5518],[-49.5107,-24.6142],[-49.5392,-24.572],[-49.5736,-24.6137],[-49.5917,-24.6363],[-49.6415,-24.642],[-49.6204,-24.6827],[-49.5735,-24.668],[-49.5298,-24.7156],[-49.5674,-24.7955],[-49.5389,-24.8188],[-49.5284,-24.8621],[-49.4988,-24.9053],[-49.5395,-24.9165],[-49.5749,-24.9594],[-49.6042,-24.9865],[-49.6402,-25.0075],[-49.6657,-25.0006],[-49.7049,-25.0291],[-49.7428,-25.0792],[-49.7316,-25.1272],[-49.6827,-25.1653],[-49.6929,-25.1945],[-49.7308,-25.2244],[-49.773,-25.1954],[-49.8159,-25.2253],[-49.8492,-25.2339],[-49.8197,-25.2701],[-49.7566,-25.3606],[-49.7412,-25.4084],[-49.7672,-25.4667],[-49.799,-25.4974],[-49.8094,-25.5538],[-49.877,-25.5444],[-49.8792,-25.5717],[-49.9385,-25.6069],[-49.986,-25.5997],[-50.0268,-25.6043],[-50.0653,-25.651],[-50.0952,-25.6354],[-50.1307,-25.6604],[-50.1356,-25.6956],[-50.1632,-25.7593],[-50.1898,-25.7647],[-50.2282,-25.8128],[-50.2635,-25.8396],[-50.2686,-25.8051],[-50.3102,-25.7596],[-50.3615,-25.7294],[-50.3981,-25.7498],[-50.4158,-25.72],[-50.49,-25.7346],[-50.5385,-25.7581],[-50.5932,-25.7598],[-50.6008,-25.7842],[-50.6266,-25.8483],[-50.677,-25.8736],[-50.657,-25.9173],[-50.6706,-25.9688],[-50.707,-25.9952],[-50.7436,-25.9876],[-50.8543,-25.9949],[-50.8871,-26.0078],[-50.8975,-26.0572],[-50.9302,-26.0274],[-50.9528,-25.9766],[-50.9375,-25.9406],[-50.9722,-25.9329],[-51.0064,-25.9075],[-51.0059,-25.8665],[-51.0399,-25.8075],[-50.9824,-25.7844],[-50.9759,-25.7566],[-50.943,-25.7399],[-50.9564,-25.6866],[-50.9634,-25.6826],[-51.0097,-25.6746],[-51.0201,-25.7058],[-51.0532,-25.6991],[-51.1165,-25.7203],[-51.1321,-25.7632],[-51.1714,-25.7458],[-51.2578,-25.8066],[-51.2817,-25.7916],[-51.303,-25.8331],[-51.3806,-25.8945],[-51.3815,-25.9341],[-51.4127,-25.9247],[-51.4492,-25.9514],[-51.5029,-25.9427],[-51.5505,-25.9869],[-51.6192,-26.0037],[-51.6677,-26.0103],[-51.7096,-25.9781],[-51.6808,-25.9328],[-51.7142,-25.9217],[-51.743,-25.9707],[-51.7395,-25.9946],[-51.723,-26.0069],[-51.7383,-26.0493],[-51.6962,-26.1042],[-51.7308,-26.1976],[-51.7796,-26.2221],[-51.7718,-26.2508],[-51.7254,-26.2589],[-51.6936,-26.2461],[-51.629,-26.2902],[-51.5778,-26.2934],[-51.5913,-26.328],[-51.5638,-26.3669],[-51.5727,-26.389],[-51.5332,-26.4386],[-51.5164,-26.4755],[-51.5291,-26.5132],[-51.5121,-26.5817],[-51.4954,-26.5874],[-51.4549,-26.6407],[-51.4115,-26.7171],[-51.3911,-26.6632],[-51.347,-26.6486],[-51.2834,-26.6536],[-51.2389,-26.6279],[-51.2221,-26.5937],[-51.2281,-26.5546],[-51.2732,-26.4983],[-51.2532,-26.4621],[-51.2929,-26.4341],[-51.2704,-26.3869],[-51.2522,-26.3515],[-51.2029,-26.2982],[-51.1484,-26.2788],[-51.1018,-26.2727],[-51.0774,-26.2312],[-51.0568,-26.2439],[-50.9915,-26.235],[-50.9713,-26.2613],[-50.9436,-26.2438],[-50.9095,-26.2494],[-50.8997,-26.2893],[-50.8469,-26.2664],[-50.7999,-26.2313],[-50.7627,-26.222],[-50.7459,-26.2468],[-50.7156,-26.2446],[-50.7299,-26.2034],[-50.7033,-26.188],[-50.6975,-26.1818],[-50.6828,-26.1536],[-50.6502,-26.1325],[-50.6562,-26.1008],[-50.6285,-26.0628],[-50.5948,-26.0704],[-50.5535,-26.0594],[-50.5509,-26.0383],[-50.5133,-26.0261],[-50.4609,-26.0263],[-50.4295,-26.063],[-50.3717,-26.0792],[-50.3657,-26.1121],[-50.3217,-26.1339],[-50.332,-26.0854],[-50.2685,-26.0428],[-50.2475,-26.0304],[-50.2223,-26.0602],[-50.1898,-26.07],[-50.1402,-26.0266],[-50.1242,-26.0508],[-49.9934,-26.0114],[-49.9341,-26.0189],[-49.8694,-26.0335],[-49.8638,-26.0547],[-49.8242,-26.0939],[-49.7486,-26.1246],[-49.6728,-26.1898],[-49.654,-26.1869],[-49.6031,-26.2267],[-49.5498,-26.2334],[-49.5017,-26.2199],[-49.4872,-26.1942],[-49.486,-26.1852],[-49.4292,-26.17],[-49.3807,-26.1567],[-49.3608,-26.1374],[-49.3217,-26.11],[-49.3002,-26.1113],[-49.2345,-26.0307],[-49.1675,-26.0007],[-49.0738,-26.0011],[-49.043,-26.0045],[-49.0295,-26.0046],[-49.0202,-26.0157],[-48.9683,-25.9867],[-48.9504,-25.99],[-48.9605,-25.9808],[-48.6821,-25.9837],[-48.5953,-25.9768],[-48.5496,-25.8523],[-48.4771,-25.7137],[-48.4362,-25.6494],[-48.4042,-25.614],[-48.3583,-25.5859],[-48.3199,-25.5866],[-48.2769,-25.5141],[-48.3097,-25.4933],[-48.2393,-25.4653],[-48.214,-25.473],[-48.1921,-25.4176],[-48.1623,-25.375],[-48.0961,-25.3089],[-48.0968,-25.2972],[-48.0235,-25.2309],[-48.113,-25.2509],[-48.1825,-25.205],[-48.1585,-25.1499],[-48.1816,-25.1338],[-48.2161,-25.0767],[-48.2086,-25.0319],[-48.2397,-24.9914],[-48.2696,-24.9975],[-48.2846,-25.0392],[-48.3512,-25.0365],[-48.3799,-24.9959],[-48.4119,-24.9804],[-48.474,-25.0126],[-48.4809,-25.037],[-48.5302,-25.1008],[-48.5563,-25.0843],[-48.5796,-25.0531],[-48.5981,-25.0033],[-48.5674,-24.9723],[-48.5664,-24.9168],[-48.5497,-24.8675],[-48.5677,-24.8488],[-48.5558,-24.8062],[-48.5183,-24.781],[-48.5019,-24.746],[-48.5381,-24.7262],[-48.5722,-24.6906],[-48.6166,-24.6687],[-48.675,-24.7018],[-48.7038,-24.6804],[-48.7771,-24.6957],[-48.8108,-24.675],[-48.8404,-24.665],[-48.9123,-24.674],[-48.9622,-24.6742],[-49.0103,-24.6544],[-49.1116,-24.6884],[-49.1298,-24.6819]]]},"properties":{"ibge_code":"4101","name":"Curitiba","codarea":"4101","uf":"PR","uf_code":"41","macro_id":"4","macro_sigla":"S"}},{"type":"Feature","geometry":{"type":"MultiPolygon","coordinates":[[[[-52.7471,-24.8753],[-52.7028,-24.8773],[-52.662,-24.8942],[-52.6558,-24.9294],[-52.6017,-24.8786],[-52.5372,-24.8401],[-52.5409,-24.7698],[-52.4896,-24.7398],[-52.4531,-24.7463],[-52.4252,-24.7127],[-52.3941,-24.7166],[-52.3706,-24.6955],[-52.3259,-24.6807],[-52.2732,-24.643],[-52.2074,-24.6177],[-52.1341,-24.6253],[-52.0946,-24.5968],[-52.0475,-24.5667],[-52.0447,-24.5338],[-52.0166,-24.4718],[-52.034,-24.4141],[-52.0221,-24.4119],[-52.0065,-24.3442],[-51.9885,-24.3207],[-51.9974,-24.2861],[-51.9538,-24.2468],[-51.9581,-24.2409],[-51.9927,-24.2027],[-51.9408,-24.1558],[-51.9178,-24.1038],[-51.9463,-24.0418],[-51.9461,-23.9742],[-51.968,-23.9493],[-51.9395,-23.9082],[-51.9587,-23.8573],[-52.0051,-23.8226],[-51.9963,-23.7906],[-51.9485,-23.774],[-51.9192,-23.726],[-51.9636,-23.6945],[-51.9399,-23.673],[-51.8882,-23.6451],[-51.8358,-23.632],[-51.7957,-23.6309],[-51.7936,-23.607],[-51.7561,-23.6001],[-51.7067,-23.5728],[-51.6448,-23.5759],[-51.6254,-23.5503],[-51.6288,-23.5102],[-51.6115,-23.4837],[-51.626,-23.4263],[-51.6276,-23.4087],[-51.6902,-23.3777],[-51.6767,-23.3739],[-51.5916,-23.283],[-51.6223,-23.2289],[-51.6094,-23.1518],[-51.593,-23.1306],[-51.595,-23.1162],[-51.6723,-23.0869],[-51.7494,-23.0392],[-51.7504,-23.0281],[-51.7947,-23.0058],[-51.7482,-22.9443],[-51.7173,-22.9308],[-51.7253,-22.8909],[-51.7637,-22.8491],[-51.8002,-22.831],[-51.7592,-22.8305],[-51.7704,-22.7776],[-51.7595,-22.7393],[-51.7251,-22.7011],[-51.7182,-22.669],[-51.733,-22.6286],[-51.7716,-22.6141],[-51.8558,-22.6317],[-51.8902,-22.6132],[-51.9015,-22.6019],[-51.9405,-22.5673],[-52.0284,-22.5395],[-52.0329,-22.5392],[-52.1092,-22.5163],[-52.1356,-22.5269],[-52.1523,-22.5692],[-52.1567,-22.6447],[-52.1828,-22.6554],[-52.2226,-22.6755],[-52.2281,-22.6425],[-52.2504,-22.6154],[-52.29,-22.6282],[-52.3004,-22.6354],[-52.3805,-22.6265],[-52.4214,-22.6106],[-52.4457,-22.6083],[-52.4988,-22.6342],[-52.5378,-22.616],[-52.5893,-22.5661],[-52.6971,-22.627],[-52.7643,-22.6086],[-52.7829,-22.6021],[-52.8154,-22.597],[-52.8584,-22.608],[-52.9247,-22.5656],[-52.9724,-22.5705],[-53.0117,-22.5988],[-53.0385,-22.6184],[-53.0915,-22.6448],[-53.1052,-22.6219],[-53.1279,-22.6523],[-53.1854,-22.7187],[-53.24,-22.7335],[-53.3274,-22.7646],[-53.3798,-22.8044],[-53.4104,-22.8139],[-53.4848,-22.8639],[-53.5468,-22.8901],[-53.5708,-22.9285],[-53.6074,-22.9513],[-53.634,-23.0034],[-53.6366,-23.125],[-53.6993,-23.2349],[-53.7149,-23.2834],[-53.7622,-23.3593],[-53.9321,-23.4459],[-53.9602,-23.4434],[-53.9874,-23.4666],[-54.0306,-23.6282],[-54.0511,-23.6872],[-54.0519,-23.7211],[-54.0757,-23.7645],[-54.0836,-23.8055],[-54.084,-23.865],[-54.0805,-23.8913],[-54.1018,-23.952],[-54.1403,-23.9884],[-54.169,-23.999],[-54.0985,-24.025],[-54.0558,-24.0365],[-54.0172,-24.0153],[-53.9984,-23.9857],[-53.9662,-24.0024],[-53.9681,-24.0236],[-53.9896,-24.0654],[-53.9886,-24.1267],[-53.9586,-24.1204],[-53.9104,-24.1382],[-53.9015,-24.1786],[-53.8592,-24.1912],[-53.8355,-24.1679],[-53.7657,-24.1599],[-53.709,-24.1791],[-53.6924,-24.2023],[-53.6666,-24.2088],[-53.6419,-24.2394],[-53.5918,-24.2415],[-53.5556,-24.2585],[-53.4811,-24.2181],[-53.4681,-24.2212],[-53.4368,-24.2381],[-53.3621,-24.2517],[-53.3208,-24.1984],[-53.2402,-24.1664],[-53.2645,-24.2181],[-53.2574,-24.2325],[-53.2784,-24.2536],[-53.2897,-24.3063],[-53.2748,-24.3377],[-53.2472,-24.329],[-53.1671,-24.3639],[-53.1593,-24.3947],[-53.152,-24.4173],[-53.1635,-24.4904],[-53.1792,-24.5206],[-53.1364,-24.5374],[-53.1071,-24.5696],[-53.0854,-24.6111],[-53.0438,-24.6103],[-53.0444,-24.6504],[-53.0248,-24.667],[-52.979,-24.6699],[-52.9635,-24.7048],[-52.9134,-24.7166],[-52.9197,-24.7621],[-52.8601,-24.7586],[-52.8505,-24.7926],[-52.7684,-24.8648],[-52.7471,-24.8753]]],[[[-53.3778,-23.2407],[-53.3781,-23.2409],[-53.3763,-23.2398],[-53.3778,-23.2407]]]]},"properties":{"ibge_code":"4104","name":"Maringá","codarea":"4104","uf":"PR","uf_code":"41","macro_id":"4","macro_sigla":"S"}},{"type":"Feature","geometry":{"type":"MultiPolygon","coordinates":[[[[-53.1071,-24.5696],[-53.1364,-24.5374],[-53.1792,-24.5206],[-53.1635,-24.4904],[-53.152,-24.4173],[-53.1593,-24.3947],[-53.1671,-24.3639],[-53.2472,-24.329],[-53.2748,-24.3377],[-53.2897,-24.3063],[-53.2784,-24.2536],[-53.2574,-24.2325],[-53.2645,-24.2181],[-53.2402,-24.1664],[-53.3208,-24.1984],[-53.3621,-24.2517],[-53.4368,-24.2381],[-53.4681,-24.2212],[-53.4811,-24.2181],[-53.5556,-24.2585],[-53.5918,-24.2415],[-53.6419,-24.2394],[-53.6666,-24.2088],[-53.6924,-24.2023],[-53.709,-24.1791],[-53.7657,-24.1599],[-53.8355,-24.1679],[-53.8592,-24.1912],[-53.9015,-24.1786],[-53.9104,-24.1382],[-53.9586,-24.1204],[-53.9886,-24.1267],[-53.9896,-24.0654],[-53.9681,-24.0236],[-53.9662,-24.0024],[-53.9984,-23.9857],[-54.0172,-24.0153],[-54.0558,-24.0365],[-54.0985,-24.025],[-54.169,-23.999],[-54.2495,-24.0559],[-54.2862,-24.0682],[-54.3342,-24.1164],[-54.3456,-24.157],[-54.3275,-24.1964],[-54.3226,-24.2517],[-54.2774,-24.2914],[-54.2578,-24.3553],[-54.2616,-24.375],[-54.2956,-24.4276],[-54.3265,-24.4652],[-54.3361,-24.508],[-54.3185,-24.5907],[-54.3269,-24.6595],[-54.3323,-24.6945],[-54.3899,-24.7773],[-54.395,-24.8113],[-54.437,-24.9414],[-54.4572,-25.0393],[-54.4595,-25.1021],[-54.4249,-25.1533],[-54.4478,-25.1688],[-54.4736,-25.2115],[-54.4912,-25.278],[-54.5254,-25.3315],[-54.5864,-25.3966],[-54.6191,-25.4507],[-54.6037,-25.4825],[-54.5935,-25.5922],[-54.5529,-25.5882],[-54.5361,-25.6207],[-54.5025,-25.6144],[-54.4253,-25.6589],[-54.3971,-25.6397],[-54.3888,-25.5999],[-54.3455,-25.6049],[-54.3289,-25.5719],[-54.2963,-25.5576],[-54.2579,-25.5936],[-54.2031,-25.5805],[-54.1971,-25.5351],[-54.1631,-25.5426],[-54.144,-25.521],[-54.1157,-25.4985],[-54.0966,-25.5214],[-54.1198,-25.5533],[-54.0453,-25.5852],[-54.0108,-25.5665],[-53.9912,-25.5861],[-53.9609,-25.6291],[-53.9318,-25.6226],[-53.8625,-25.6586],[-53.8498,-25.6908],[-53.8785,-25.7069],[-53.8488,-25.7412],[-53.8427,-25.7707],[-53.8219,-25.7993],[-53.8492,-25.8351],[-53.8336,-25.8954],[-53.8189,-25.9123],[-53.8422,-25.9322],[-53.819,-25.9764],[-53.7716,-26.0315],[-53.7342,-26.0428],[-53.7406,-26.1178],[-53.7103,-26.1306],[-53.6721,-26.1762],[-53.6514,-26.2068],[-53.639,-26.2508],[-53.5843,-26.2591],[-53.5573,-26.2871],[-53.4958,-26.3028],[-53.4309,-26.2821],[-53.4308,-26.282],[-53.4304,-26.2819],[-53.3761,-26.2416],[-53.3423,-26.2491],[-53.3044,-26.2584],[-53.2836,-26.2458],[-53.2644,-26.2893],[-53.1693,-26.3481],[-53.1602,-26.3506],[-53.0932,-26.392],[-53.028,-26.3702],[-52.9935,-26.3477],[-52.9377,-26.3622],[-52.9083,-26.3594],[-52.8469,-26.3444],[-52.7628,-26.3536],[-52.7378,-26.3422],[-52.7006,-26.358],[-52.6802,-26.3527],[-52.645,-26.3809],[-52.5958,-26.4161],[-52.557,-26.4078],[-52.5232,-26.3996],[-52.4636,-26.4396],[-52.4426,-26.4381],[-52.4031,-26.4282],[-52.3796,-26.4386],[-52.3044,-26.4407],[-52.277,-26.4612],[-52.2298,-26.467],[-52.1863,-26.4451],[-52.1588,-26.4662],[-52.1116,-26.475],[-52.0814,-26.5251],[-52.0291,-26.5469],[-52.0088,-26.5666],[-51.9003,-26.5793],[-51.8779,-26.5976],[-51.824,-26.5819],[-51.7839,-26.5881],[-51.7376,-26.573],[-51.6927,-26.5805],[-51.6585,-26.5654],[-51.6325,-26.5872],[-51.5356,-26.5918],[-51.5121,-26.5817],[-51.5291,-26.5132],[-51.5164,-26.4755],[-51.5332,-26.4386],[-51.5727,-26.389],[-51.5638,-26.3669],[-51.5913,-26.328],[-51.5778,-26.2934],[-51.629,-26.2902],[-51.6936,-26.2461],[-51.7254,-26.2589],[-51.7718,-26.2508],[-51.7796,-26.2221],[-51.7308,-26.1976],[-51.6962,-26.1042],[-51.7383,-26.0493],[-51.723,-26.0069],[-51.7395,-25.9946],[-51.7685,-26.0114],[-51.7955,-25.9994],[-51.8654,-26.0262],[-51.916,-25.9974],[-51.9661,-25.9883],[-52.0084,-26.0107],[-52.0134,-25.9791],[-52.049,-25.938],[-52.0868,-25.9377],[-52.1095,-25.8976],[-52.1434,-25.8908],[-52.1686,-25.833],[-52.1232,-25.7747],[-52.1698,-25.749],[-52.214,-25.7565],[-52.2331,-25.7404],[-52.296,-25.7087],[-52.3274,-25.6786],[-52.3544,-25.7031],[-52.3953,-25.7003],[-52.3772,-25.6638],[-52.3429,-25.6418],[-52.3047,-25.6483],[-52.2748,-25.5767],[-52.2423,-25.5654],[-52.2174,-25.4849],[-52.1928,-25.4781],[-52.2053,-25.4562],[-52.1761,-25.4291],[-52.1723,-25.3652],[-52.2052,-25.3305],[-52.2201,-25.293],[-52.2189,-25.2556],[-52.2396,-25.2494],[-52.2603,-25.1475],[-52.2265,-25.1553],[-52.0822,-25.1371],[-52.087,-25.1013],[-52.1114,-25.1009],[-52.1176,-25.0571],[-52.147,-25.0426],[-52.1883,-24.9816],[-52.2405,-24.9914],[-52.2471,-25.014],[-52.2956,-24.9919],[-52.3311,-25.025],[-52.3532,-25.0675],[-52.4056,-25.0564],[-52.4117,-25.0186],[-52.4564,-25.0276],[-52.5138,-25.0251],[-52.5553,-25.0351],[-52.5683,-24.9661],[-52.5919,-24.9645],[-52.6558,-24.9294],[-52.662,-24.8942],[-52.7028,-24.8773],[-52.7471,-24.8753],[-52.7684,-24.8648],[-52.8505,-24.7926],[-52.8601,-24.7586],[-52.9197,-24.7621],[-52.9134,-24.7166],[-52.9635,-24.7048],[-52.979,-24.6699],[-53.0248,-24.667],[-53.0444,-24.6504],[-53.0438,-24.6103],[-53.0854,-24.6111],[-53.1071,-24.5696]]],[[[-53.6542,-25.3509],[-53.6251,-25.3464],[-53.6265,-25.3466],[-53.6542,-25.3509]]]]},"properties":{"ibge_code":"4103","name":"Cascavel","codarea":"4103","uf":"PR","uf_code":"41","macro_id":"4","macro_sigla":"S"}},{"type":"Feature","geometry":{"type":"Polygon","coordinates":[[[-50.2208,-23.9975],[-50.2325,-23.9713],[-50.2903,-23.959],[-50.3219,-23.9444],[-50.3563,-23.8783],[-50.3836,-23.8592],[-50.3984,-23.9208],[-50.4261,-23.9578],[-50.4833,-23.9515],[-50.5342,-23.9327],[-50.5473,-23.9606],[-50.59,-23.9904],[-50.649,-23.9888],[-50.6886,-24.0029],[-50.7028,-24.0249],[-50.7218,-24.0279],[-50.7545,-23.9773],[-50.732,-23.9477],[-50.7871,-23.9056],[-50.8049,-23.8764],[-50.8437,-23.8944],[-50.8574,-23.8684],[-50.8958,-23.8402],[-50.8991,-23.7956],[-50.9609,-23.867],[-50.9515,-23.8839],[-51.0165,-23.9187],[-51.0819,-23.906],[-51.1126,-23.9427],[-51.0955,-23.988],[-51.0854,-24.0744],[-51.1332,-24.0696],[-51.178,-24.1004],[-51.2111,-24.1057],[-51.2344,-24.0865],[-51.2805,-24.0982],[-51.3129,-24.1295],[-51.3725,-24.1426],[-51.3338,-24.1589],[-51.2598,-24.2124],[-51.2073,-24.223],[-51.2039,-24.2459],[-51.1316,-24.2681],[-51.0983,-24.2996],[-51.098,-24.3258],[-51.0779,-24.3523],[-51.1044,-24.4147],[-51.1436,-24.4406],[-51.139,-24.4681],[-51.1661,-24.4885],[-51.1592,-24.5682],[-51.1315,-24.5808],[-51.1319,-24.6161],[-51.0795,-24.6443],[-51.064,-24.6914],[-51.0669,-24.8159],[-51.0288,-24.8551],[-51.0018,-24.8628],[-50.9629,-24.933],[-50.988,-24.964],[-51.0176,-24.9691],[-51.0005,-25.0038],[-50.9705,-25.0055],[-50.9528,-25.0715],[-50.9382,-25.0728],[-50.886,-25.0737],[-50.8471,-25.0961],[-50.7956,-25.1598],[-50.7688,-25.1592],[-50.7287,-25.1814],[-50.7519,-25.2589],[-50.8045,-25.2737],[-50.8129,-25.3526],[-50.7867,-25.3817],[-50.8902,-25.378],[-50.9221,-25.3905],[-51.0224,-25.4642],[-51.0695,-25.4829],[-51.0809,-25.5006],[-51.1331,-25.5008],[-51.0985,-25.5461],[-51.0313,-25.5684],[-50.9977,-25.5885],[-50.9818,-25.6194],[-50.9895,-25.6449],[-50.9634,-25.6826],[-50.9564,-25.6866],[-50.943,-25.7399],[-50.9759,-25.7566],[-50.9824,-25.7844],[-51.0399,-25.8075],[-51.0059,-25.8665],[-51.0064,-25.9075],[-50.9722,-25.9329],[-50.9375,-25.9406],[-50.9528,-25.9766],[-50.9302,-26.0274],[-50.8975,-26.0572],[-50.8871,-26.0078],[-50.8543,-25.9949],[-50.7436,-25.9876],[-50.707,-25.9952],[-50.6706,-25.9688],[-50.657,-25.9173],[-50.677,-25.8736],[-50.6266,-25.8483],[-50.6008,-25.7842],[-50.5932,-25.7598],[-50.5385,-25.7581],[-50.49,-25.7346],[-50.4158,-25.72],[-50.3981,-25.7498],[-50.3615,-25.7294],[-50.3102,-25.7596],[-50.2686,-25.8051],[-50.2635,-25.8396],[-50.2282,-25.8128],[-50.1898,-25.7647],[-50.1632,-25.7593],[-50.1356,-25.6956],[-50.1307,-25.6604],[-50.0952,-25.6354],[-50.0653,-25.651],[-50.0268,-25.6043],[-49.986,-25.5997],[-49.9385,-25.6069],[-49.8792,-25.5717],[-49.877,-25.5444],[-49.8094,-25.5538],[-49.799,-25.4974],[-49.7672,-25.4667],[-49.7412,-25.4084],[-49.7566,-25.3606],[-49.8197,-25.2701],[-49.8492,-25.2339],[-49.8159,-25.2253],[-49.773,-25.1954],[-49.7308,-25.2244],[-49.6929,-25.1945],[-49.6827,-25.1653],[-49.7316,-25.1272],[-49.7428,-25.0792],[-49.7049,-25.0291],[-49.6657,-25.0006],[-49.6402,-25.0075],[-49.6042,-24.9865],[-49.5749,-24.9594],[-49.5395,-24.9165],[-49.4988,-24.9053],[-49.5284,-24.8621],[-49.5389,-24.8188],[-49.5674,-24.7955],[-49.5298,-24.7156],[-49.5735,-24.668],[-49.6204,-24.6827],[-49.6415,-24.642],[-49.5917,-24.6363],[-49.5736,-24.6137],[-49.5392,-24.572],[-49.5107,-24.6142],[-49.4912,-24.5518],[-49.3592,-24.4777],[-49.3468,-24.4585],[-49.2757,-24.4169],[-49.2524,-24.4339],[-49.2535,-24.405],[-49.2011,-24.3451],[-49.2542,-24.3179],[-49.2869,-24.3026],[-49.3054,-24.2514],[-49.3507,-24.2208],[-49.3366,-24.1376],[-49.4087,-24.1069],[-49.4298,-24.0687],[-49.4575,-24.0495],[-49.4923,-23.9934],[-49.5223,-23.9166],[-49.5358,-23.9282],[-49.6238,-24.0019],[-49.6344,-24.0707],[-49.6804,-24.0782],[-49.6975,-24.0654],[-49.7594,-24.0841],[-49.7553,-24.0656],[-49.793,-24.0038],[-49.8293,-23.9789],[-49.8303,-23.9363],[-49.9235,-23.8438],[-49.9648,-23.8697],[-49.9731,-23.9021],[-49.9704,-23.9564],[-49.9934,-23.9762],[-50.0421,-23.9897],[-50.0815,-23.9611],[-50.1183,-23.9621],[-50.1617,-23.9421],[-50.2208,-23.9975]]]},"properties":{"ibge_code":"4106","name":"Ponta Grossa","codarea":"4106","uf":"PR","uf_code":"41","macro_id":"4","macro_sigla":"S"}},{"type":"Feature","geometry":{"type":"Polygon","coordinates":[[[-51.4719,-24.6475],[-51.4891,-24.6259],[-51.4549,-24.5811],[-51.4684,-24.555],[-51.5022,-24.5748],[-51.5337,-24.554],[-51.5602,-24.575],[-51.6046,-24.5559],[-51.6621,-24.5846],[-51.7249,-24.5961],[-51.7571,-24.5294],[-51.8245,-24.4498],[-51.8457,-24.4195],[-51.8887,-24.4],[-51.916,-24.3259],[-51.9341,-24.3018],[-51.9329,-24.2642],[-51.9538,-24.2468],[-51.9974,-24.2861],[-51.9885,-24.3207],[-52.0065,-24.3442],[-52.0221,-24.4119],[-52.034,-24.4141],[-52.0166,-24.4718],[-52.0447,-24.5338],[-52.0475,-24.5667],[-52.0946,-24.5968],[-52.1341,-24.6253],[-52.2074,-24.6177],[-52.2732,-24.643],[-52.3259,-24.6807],[-52.3706,-24.6955],[-52.3941,-24.7166],[-52.4252,-24.7127],[-52.4531,-24.7463],[-52.4896,-24.7398],[-52.5409,-24.7698],[-52.5372,-24.8401],[-52.6017,-24.8786],[-52.6558,-24.9294],[-52.5919,-24.9645],[-52.5683,-24.9661],[-52.5553,-25.0351],[-52.5138,-25.0251],[-52.4564,-25.0276],[-52.4117,-25.0186],[-52.4056,-25.0564],[-52.3532,-25.0675],[-52.3311,-25.025],[-52.2956,-24.9919],[-52.2471,-25.014],[-52.2405,-24.9914],[-52.1883,-24.9816],[-52.147,-25.0426],[-52.1176,-25.0571],[-52.1114,-25.1009],[-52.087,-25.1013],[-52.0822,-25.1371],[-52.2265,-25.1553],[-52.2603,-25.1475],[-52.2396,-25.2494],[-52.2189,-25.2556],[-52.2201,-25.293],[-52.2052,-25.3305],[-52.1723,-25.3652],[-52.1761,-25.4291],[-52.2053,-25.4562],[-52.1928,-25.4781],[-52.2174,-25.4849],[-52.2423,-25.5654],[-52.2748,-25.5767],[-52.3047,-25.6483],[-52.3429,-25.6418],[-52.3772,-25.6638],[-52.3953,-25.7003],[-52.3544,-25.7031],[-52.3274,-25.6786],[-52.296,-25.7087],[-52.2331,-25.7404],[-52.214,-25.7565],[-52.1698,-25.749],[-52.1232,-25.7747],[-52.1686,-25.833],[-52.1434,-25.8908],[-52.1095,-25.8976],[-52.0868,-25.9377],[-52.049,-25.938],[-52.0134,-25.9791],[-52.0084,-26.0107],[-51.9661,-25.9883],[-51.916,-25.9974],[-51.8654,-26.0262],[-51.7955,-25.9994],[-51.7685,-26.0114],[-51.7395,-25.9946],[-51.743,-25.9707],[-51.7142,-25.9217],[-51.6808,-25.9328],[-51.7096,-25.9781],[-51.6677,-26.0103],[-51.6192,-26.0037],[-51.5505,-25.9869],[-51.5029,-25.9427],[-51.4492,-25.9514],[-51.4127,-25.9247],[-51.3815,-25.9341],[-51.3806,-25.8945],[-51.303,-25.8331],[-51.2817,-25.7916],[-51.2578,-25.8066],[-51.1714,-25.7458],[-51.1321,-25.7632],[-51.1165,-25.7203],[-51.0532,-25.6991],[-51.0201,-25.7058],[-51.0097,-25.6746],[-50.9634,-25.6826],[-50.9895,-25.6449],[-50.9818,-25.6194],[-50.9977,-25.5885],[-51.0313,-25.5684],[-51.0985,-25.5461],[-51.1331,-25.5008],[-51.0809,-25.5006],[-51.0695,-25.4829],[-51.0224,-25.4642],[-50.9221,-25.3905],[-50.8902,-25.378],[-50.7867,-25.3817],[-50.8129,-25.3526],[-50.8045,-25.2737],[-50.7519,-25.2589],[-50.7287,-25.1814],[-50.7688,-25.1592],[-50.7956,-25.1598],[-50.8471,-25.0961],[-50.886,-25.0737],[-50.9382,-25.0728],[-50.9528,-25.0715],[-50.9705,-25.0055],[-51.0005,-25.0038],[-51.0176,-24.9691],[-51.0569,-24.9385],[-51.0866,-24.9368],[-51.1188,-24.901],[-51.1168,-24.8665],[-51.1564,-24.808],[-51.1943,-24.7982],[-51.2227,-24.7727],[-51.2824,-24.7746],[-51.3328,-24.7596],[-51.3742,-24.7733],[-51.4101,-24.7563],[-51.4167,-24.7222],[-51.4719,-24.6475]]]},"properties":{"ibge_code":"4102","name":"Guarapuava","codarea":"4102","uf":"PR","uf_code":"41","macro_id":"4","macro_sigla":"S"}},{"type":"Feature","geometry":{"type":"Polygon","coordinates":[[[-50.9601,-27.5552],[-50.8922,-27.5568],[-50.8467,-27.5087],[-50.823,-27.4516],[-50.8981,-27.4143],[-50.9039,-27.3816],[-50.9603,-27.3793],[-50.9703,-27.3371],[-50.9389,-27.3315],[-50.9332,-27.2923],[-50.8539,-27.2474],[-50.8931,-27.2328],[-50.9108,-27.2074],[-50.9892,-27.2501],[-51.0363,-27.2334],[-51.0656,-27.2521],[-51.1126,-27.239],[-51.158,-27.2874],[-51.2101,-27.26],[-51.2213,-27.236],[-51.2808,-27.2129],[-51.3215,-27.1514],[-51.3337,-27.1263],[-51.3195,-27.077],[-51.299,-27.0575],[-51.3175,-27.0188],[-51.3342,-27.02],[-51.3516,-26.9812],[-51.3943,-26.9702],[-51.4061,-26.9431],[-51.4787,-26.9248],[-51.4877,-26.8594],[-51.5104,-26.8386],[-51.4365,-26.8558],[-51.4323,-26.8244],[-51.4697,-26.8025],[-51.4117,-26.7209],[-51.4115,-26.7171],[-51.4549,-26.6407],[-51.4954,-26.5874],[-51.5121,-26.5817],[-51.5356,-26.5918],[-51.6325,-26.5872],[-51.6585,-26.5654],[-51.6927,-26.5805],[-51.7376,-26.573],[-51.7839,-26.5881],[-51.824,-26.5819],[-51.8779,-26.5976],[-51.9003,-26.5793],[-52.0088,-26.5666],[-52.0291,-26.5469],[-52.0814,-26.5251],[-52.1116,-26.475],[-52.1588,-26.4662],[-52.1863,-26.4451],[-52.2298,-26.467],[-52.277,-26.4612],[-52.3044,-26.4407],[-52.3796,-26.4386],[-52.4031,-26.4282],[-52.4426,-26.4381],[-52.4636,-26.4396],[-52.5232,-26.3996],[-52.557,-26.4078],[-52.5958,-26.4161],[-52.645,-26.3809],[-52.6802,-26.3527],[-52.7006,-26.358],[-52.7378,-26.3422],[-52.7628,-26.3536],[-52.8469,-26.3444],[-52.9083,-26.3594],[-52.9377,-26.3622],[-52.9935,-26.3477],[-53.028,-26.3702],[-53.0932,-26.392],[-53.1602,-26.3506],[-53.1693,-26.3481],[-53.2644,-26.2893],[-53.2836,-26.2458],[-53.3044,-26.2584],[-53.3423,-26.2491],[-53.3761,-26.2416],[-53.4304,-26.2819],[-53.4309,-26.2821],[-53.4958,-26.3028],[-53.5573,-26.2871],[-53.5843,-26.2591],[-53.639,-26.2508],[-53.6444,-26.282],[-53.6859,-26.3357],[-53.7073,-26.3954],[-53.6888,-26.4286],[-53.6884,-26.4433],[-53.7209,-26.5378],[-53.7307,-26.6007],[-53.7233,-26.656],[-53.7396,-26.7424],[-53.7144,-26.7508],[-53.7175,-26.7823],[-53.6773,-26.8439],[-53.6754,-26.8928],[-53.6717,-26.9428],[-53.7124,-26.9655],[-53.7327,-27.0042],[-53.7475,-27.0315],[-53.7967,-27.0395],[-53.807,-27.1109],[-53.7995,-27.1468],[-53.8371,-27.1684],[-53.8197,-27.1757],[-53.776,-27.1475],[-53.7516,-27.1881],[-53.7177,-27.1825],[-53.6862,-27.1636],[-53.6513,-27.1766],[-53.6307,-27.2134],[-53.5997,-27.1894],[-53.5478,-27.1764],[-53.5182,-27.2022],[-53.4882,-27.1938],[-53.5081,-27.1515],[-53.4763,-27.1389],[-53.4554,-27.1569],[-53.4062,-27.1365],[-53.381,-27.0941],[-53.3554,-27.1113],[-53.2962,-27.1324],[-53.3225,-27.2099],[-53.2321,-27.1711],[-53.1877,-27.1923],[-53.1695,-27.1442],[-53.1396,-27.1757],[-53.0712,-27.157],[-53.0767,-27.1078],[-53.0482,-27.0837],[-53.0178,-27.0931],[-53.0414,-27.1249],[-53.0262,-27.1586],[-52.9925,-27.14],[-52.9851,-27.1705],[-53,-27.2067],[-52.9712,-27.2178],[-52.9567,-27.1633],[-52.9293,-27.2041],[-52.8513,-27.1703],[-52.8457,-27.2074],[-52.801,-27.2034],[-52.7855,-27.206],[-52.7605,-27.2132],[-52.763,-27.2492],[-52.7138,-27.2377],[-52.6915,-27.2844],[-52.6764,-27.2457],[-52.6179,-27.2657],[-52.5446,-27.2406],[-52.5363,-27.2601],[-52.4793,-27.2659],[-52.4798,-27.2355],[-52.4325,-27.2178],[-52.4421,-27.2505],[-52.4192,-27.2824],[-52.3978,-27.2925],[-52.3521,-27.2889],[-52.2998,-27.3191],[-52.3061,-27.2657],[-52.2613,-27.2569],[-52.268,-27.2832],[-52.2248,-27.3306],[-52.1263,-27.3025],[-52.1071,-27.3434],[-52.049,-27.3463],[-51.9834,-27.3751],[-51.9688,-27.4107],[-51.9358,-27.4287],[-51.9025,-27.4914],[-51.8582,-27.4751],[-51.8371,-27.5222],[-51.788,-27.5148],[-51.7516,-27.4881],[-51.7173,-27.5114],[-51.7012,-27.4798],[-51.6474,-27.5163],[-51.6326,-27.4886],[-51.6083,-27.5414],[-51.5784,-27.577],[-51.5476,-27.5591],[-51.4833,-27.5632],[-51.4573,-27.6075],[-51.4192,-27.6546],[-51.3779,-27.66],[-51.3601,-27.6788],[-51.3151,-27.6751],[-51.3088,-27.7195],[-51.2733,-27.7355],[-51.2226,-27.7232],[-51.1928,-27.6546],[-51.2152,-27.6187],[-51.1791,-27.5947],[-51.081,-27.6551],[-51.0475,-27.6402],[-50.9589,-27.6457],[-50.9916,-27.6192],[-50.9349,-27.5796],[-50.9601,-27.5552]]]},"properties":{"ibge_code":"4204","name":"Chapecó","codarea":"4204","uf":"SC","uf_code":"42","macro_id":"4","macro_sigla":"S"}},{"type":"Feature","geometry":{"type":"Polygon","coordinates":[[[-49.7633,-27.581],[-49.7321,-27.6193],[-49.7307,-27.6556],[-49.7137,-27.6443],[-49.6627,-27.6487],[-49.6205,-27.6188],[-49.6352,-27.6621],[-49.5558,-27.6174],[-49.5066,-27.6007],[-49.4729,-27.5658],[-49.4294,-27.5837],[-49.4039,-27.5609],[-49.3545,-27.5627],[-49.3227,-27.5888],[-49.3006,-27.5844],[-49.3021,-27.6141],[-49.2557,-27.6547],[-49.2016,-27.6452],[-49.2092,-27.6293],[-49.2628,-27.5719],[-49.2459,-27.51],[-49.2247,-27.4913],[-49.1821,-27.5032],[-49.1517,-27.4911],[-49.1218,-27.5004],[-49.0679,-27.4467],[-49.0134,-27.4771],[-48.9645,-27.4497],[-48.9195,-27.4616],[-48.8839,-27.4326],[-48.8352,-27.3965],[-48.8006,-27.3583],[-48.7936,-27.3532],[-48.7296,-27.3409],[-48.7054,-27.3548],[-48.6633,-27.3473],[-48.6271,-27.3249],[-48.5948,-27.3161],[-48.6154,-27.2719],[-48.6027,-27.2179],[-48.5784,-27.2115],[-48.5423,-27.1826],[-48.5142,-27.1842],[-48.4817,-27.1533],[-48.514,-27.1315],[-48.508,-27.1105],[-48.5532,-27.1575],[-48.5856,-27.1449],[-48.6139,-27.1005],[-48.5891,-27.061],[-48.5707,-27.009],[-48.6137,-27.0051],[-48.6283,-26.9601],[-48.6422,-26.9127],[-48.6212,-26.8262],[-48.6202,-26.7894],[-48.6613,-26.7712],[-48.6819,-26.7184],[-48.6881,-26.6712],[-48.6648,-26.5809],[-48.689,-26.5718],[-48.7234,-26.5982],[-48.7412,-26.5598],[-48.7431,-26.6306],[-48.7537,-26.6592],[-48.8016,-26.6812],[-48.817,-26.6391],[-48.8563,-26.6345],[-48.8845,-26.657],[-48.9202,-26.6601],[-48.9369,-26.693],[-48.9804,-26.7367],[-49.013,-26.7457],[-49.0362,-26.7725],[-49.0492,-26.7093],[-49.0251,-26.6853],[-49.0493,-26.6506],[-49.1018,-26.6596],[-49.1142,-26.6131],[-49.13,-26.6355],[-49.1641,-26.6482],[-49.1753,-26.6138],[-49.2231,-26.6205],[-49.2848,-26.6072],[-49.2914,-26.5471],[-49.3321,-26.5386],[-49.3771,-26.4885],[-49.4172,-26.5101],[-49.4414,-26.489],[-49.5205,-26.5255],[-49.5471,-26.5261],[-49.5646,-26.566],[-49.5802,-26.5797],[-49.586,-26.6249],[-49.6158,-26.6392],[-49.6223,-26.7045],[-49.6521,-26.6932],[-49.6811,-26.7029],[-49.7177,-26.7225],[-49.7265,-26.7609],[-49.7503,-26.7851],[-49.8287,-26.7062],[-49.8814,-26.6195],[-49.9561,-26.5507],[-49.9945,-26.5062],[-50.0317,-26.5192],[-50.0911,-26.524],[-50.1249,-26.5234],[-50.1315,-26.5866],[-50.1183,-26.618],[-50.1351,-26.6642],[-50.1145,-26.7105],[-50.0998,-26.8014],[-50.086,-26.81],[-50.0977,-26.8173],[-50.1621,-26.789],[-50.2196,-26.8139],[-50.2545,-26.8631],[-50.2908,-26.9699],[-50.3195,-27.0155],[-50.3153,-27.0755],[-50.3489,-27.0936],[-50.3198,-27.1139],[-50.3068,-27.1644],[-50.2866,-27.1693],[-50.2733,-27.2108],[-50.2435,-27.237],[-50.2039,-27.2435],[-50.1753,-27.2692],[-50.1296,-27.274],[-50.0758,-27.3048],[-50.0264,-27.325],[-50.0323,-27.3715],[-49.9961,-27.4135],[-49.9567,-27.4017],[-49.9074,-27.4321],[-49.8937,-27.4902],[-49.8511,-27.5052],[-49.8284,-27.5442],[-49.7633,-27.581]]]},"properties":{"ibge_code":"4207","name":"Blumenau","codarea":"4207","uf":"SC","uf_code":"42","macro_id":"4","macro_sigla":"S"}},{"type":"Feature","geometry":{"type":"Polygon","coordinates":[[[-49.5066,-27.6007],[-49.5042,-27.6539],[-49.4581,-27.7107],[-49.4593,-27.7573],[-49.3775,-27.8145],[-49.3139,-27.8317],[-49.2807,-27.8734],[-49.2994,-27.9017],[-49.3078,-27.941],[-49.1711,-27.9773],[-49.1035,-28.0065],[-49.052,-27.99],[-49.0348,-28.0347],[-48.9748,-28.0788],[-48.9017,-28.0609],[-48.8937,-28.08],[-48.869,-28.0804],[-48.8323,-28.0716],[-48.8075,-28.0935],[-48.7617,-28.0904],[-48.7313,-28.1561],[-48.7412,-28.2113],[-48.7248,-28.2528],[-48.755,-28.3249],[-48.7063,-28.3414],[-48.7092,-28.3234],[-48.6754,-28.2565],[-48.6476,-28.2347],[-48.6672,-28.2138],[-48.6584,-28.1677],[-48.6343,-28.113],[-48.6318,-28.0849],[-48.6029,-28.0334],[-48.6321,-27.9998],[-48.6209,-27.9449],[-48.587,-27.9044],[-48.5958,-27.8509],[-48.5766,-27.844],[-48.5425,-27.8277],[-48.5343,-27.7958],[-48.4978,-27.795],[-48.4782,-27.7619],[-48.5075,-27.7443],[-48.4673,-27.6512],[-48.4177,-27.5892],[-48.4293,-27.5552],[-48.4064,-27.5071],[-48.3736,-27.4717],[-48.4172,-27.3806],[-48.4835,-27.3783],[-48.5263,-27.4083],[-48.5398,-27.3196],[-48.5948,-27.3161],[-48.6271,-27.3249],[-48.6633,-27.3473],[-48.7054,-27.3548],[-48.7296,-27.3409],[-48.7936,-27.3532],[-48.8006,-27.3583],[-48.8352,-27.3965],[-48.8839,-27.4326],[-48.9195,-27.4616],[-48.9645,-27.4497],[-49.0134,-27.4771],[-49.0679,-27.4467],[-49.1218,-27.5004],[-49.1517,-27.4911],[-49.1821,-27.5032],[-49.2247,-27.4913],[-49.2459,-27.51],[-49.2628,-27.5719],[-49.2092,-27.6293],[-49.2016,-27.6452],[-49.2557,-27.6547],[-49.3021,-27.6141],[-49.3006,-27.5844],[-49.3227,-27.5888],[-49.3545,-27.5627],[-49.4039,-27.5609],[-49.4294,-27.5837],[-49.4729,-27.5658],[-49.5066,-27.6007]]]},"properties":{"ibge_code":"4201","name":"Florianópolis","codarea":"4201","uf":"SC","uf_code":"42","macro_id":"4","macro_sigla":"S"}},{"type":"Feature","geometry":{"type":"Polygon","coordinates":[[[-51.2733,-27.7355],[-51.272,-27.7517],[-51.1878,-27.7777],[-51.1346,-27.8037],[-51.0534,-27.8689],[-51.0567,-27.8868],[-51.0199,-27.9225],[-51.0015,-27.9632],[-50.9784,-27.9482],[-50.924,-27.9717],[-50.9232,-28.012],[-50.8753,-28.0413],[-50.8994,-28.0897],[-50.8759,-28.0951],[-50.859,-28.1397],[-50.7941,-28.1386],[-50.7612,-28.195],[-50.7491,-28.2485],[-50.6956,-28.2699],[-50.6649,-28.3128],[-50.6652,-28.3379],[-50.5932,-28.3816],[-50.5442,-28.4275],[-50.5316,-28.4078],[-50.4704,-28.4149],[-50.4248,-28.4333],[-50.3684,-28.4212],[-50.3404,-28.441],[-50.3013,-28.4393],[-50.2729,-28.4571],[-50.2424,-28.432],[-50.1473,-28.4495],[-50.0972,-28.4844],[-50.0687,-28.4792],[-50.0272,-28.4743],[-49.9708,-28.4402],[-49.9004,-28.4647],[-49.8393,-28.4965],[-49.8163,-28.469],[-49.7909,-28.4964],[-49.7483,-28.494],[-49.7467,-28.5354],[-49.708,-28.5822],[-49.7031,-28.6289],[-49.6854,-28.6209],[-49.6468,-28.5897],[-49.6495,-28.5469],[-49.5695,-28.5026],[-49.5625,-28.4675],[-49.5353,-28.4361],[-49.5668,-28.4163],[-49.5583,-28.3719],[-49.523,-28.307],[-49.5413,-28.2351],[-49.5297,-28.1873],[-49.4746,-28.1258],[-49.4404,-28.1328],[-49.3928,-28.1101],[-49.4042,-28.0823],[-49.372,-28.066],[-49.3493,-27.9962],[-49.3224,-27.9838],[-49.3084,-27.9704],[-49.3078,-27.941],[-49.2994,-27.9017],[-49.2807,-27.8734],[-49.3139,-27.8317],[-49.3775,-27.8145],[-49.4593,-27.7573],[-49.4581,-27.7107],[-49.5042,-27.6539],[-49.5066,-27.6007],[-49.5558,-27.6174],[-49.6352,-27.6621],[-49.6205,-27.6188],[-49.6627,-27.6487],[-49.7137,-27.6443],[-49.7307,-27.6556],[-49.7321,-27.6193],[-49.7633,-27.581],[-49.8284,-27.5442],[-49.8511,-27.5052],[-49.8937,-27.4902],[-49.9074,-27.4321],[-49.9567,-27.4017],[-49.9961,-27.4135],[-50.0323,-27.3715],[-50.0264,-27.325],[-50.0758,-27.3048],[-50.1296,-27.274],[-50.1753,-27.2692],[-50.2039,-27.2435],[-50.2435,-27.237],[-50.2733,-27.2108],[-50.2866,-27.1693],[-50.3068,-27.1644],[-50.3198,-27.1139],[-50.3489,-27.0936],[-50.3153,-27.0755],[-50.3195,-27.0155],[-50.2908,-26.9699],[-50.2545,-26.8631],[-50.289,-26.8357],[-50.3417,-26.827],[-50.337,-26.7799],[-50.3536,-26.7367],[-50.4125,-26.7296],[-50.4728,-26.6962],[-50.469,-26.6624],[-50.4926,-26.6482],[-50.5164,-26.7154],[-50.4997,-26.769],[-50.5267,-26.781],[-50.52,-26.8218],[-50.5547,-26.8316],[-50.5883,-26.8638],[-50.591,-26.928],[-50.6183,-26.9526],[-50.6295,-27.0199],[-50.6638,-27.059],[-50.6579,-27.0869],[-50.7078,-27.1008],[-50.6992,-27.1368],[-50.7351,-27.1207],[-50.7843,-27.1182],[-50.8279,-27.1584],[-50.8379,-27.1842],[-50.8207,-27.2295],[-50.8539,-27.2474],[-50.9332,-27.2923],[-50.9389,-27.3315],[-50.9703,-27.3371],[-50.9603,-27.3793],[-50.9039,-27.3816],[-50.8981,-27.4143],[-50.823,-27.4516],[-50.8467,-27.5087],[-50.8922,-27.5568],[-50.9601,-27.5552],[-50.9349,-27.5796],[-50.9916,-27.6192],[-50.9589,-27.6457],[-51.0475,-27.6402],[-51.081,-27.6551],[-51.1791,-27.5947],[-51.2152,-27.6187],[-51.1928,-27.6546],[-51.2226,-27.7232],[-51.2733,-27.7355]]]},"properties":{"ibge_code":"4203","name":"Lages","codarea":"4203","uf":"SC","uf_code":"42","macro_id":"4","macro_sigla":"S"}},{"type":"Feature","geometry":{"type":"Polygon","coordinates":[[[-48.6507,-26.5473],[-48.5943,-26.4522],[-48.5995,-26.4324],[-48.5465,-26.3105],[-48.5041,-26.2373],[-48.5248,-26.2099],[-48.5318,-26.1628],[-48.5694,-26.1677],[-48.598,-26.1291],[-48.6063,-26.0196],[-48.5953,-25.9768],[-48.6821,-25.9837],[-48.9605,-25.9808],[-48.9504,-25.99],[-48.9683,-25.9867],[-49.0202,-26.0157],[-49.0295,-26.0046],[-49.043,-26.0045],[-49.0738,-26.0011],[-49.1675,-26.0007],[-49.2345,-26.0307],[-49.3002,-26.1113],[-49.3217,-26.11],[-49.3608,-26.1374],[-49.3807,-26.1567],[-49.4292,-26.17],[-49.486,-26.1852],[-49.4872,-26.1942],[-49.5017,-26.2199],[-49.5498,-26.2334],[-49.6031,-26.2267],[-49.654,-26.1869],[-49.6728,-26.1898],[-49.7486,-26.1246],[-49.8242,-26.0939],[-49.8638,-26.0547],[-49.8694,-26.0335],[-49.9341,-26.0189],[-49.9934,-26.0114],[-50.1242,-26.0508],[-50.1402,-26.0266],[-50.1898,-26.07],[-50.2223,-26.0602],[-50.2475,-26.0304],[-50.2685,-26.0428],[-50.332,-26.0854],[-50.3217,-26.1339],[-50.3657,-26.1121],[-50.3717,-26.0792],[-50.4295,-26.063],[-50.4609,-26.0263],[-50.5133,-26.0261],[-50.5509,-26.0383],[-50.5535,-26.0594],[-50.5948,-26.0704],[-50.6285,-26.0628],[-50.6562,-26.1008],[-50.6502,-26.1325],[-50.6828,-26.1536],[-50.6975,-26.1818],[-50.7033,-26.188],[-50.7299,-26.2034],[-50.7156,-26.2446],[-50.7459,-26.2468],[-50.7627,-26.222],[-50.7999,-26.2313],[-50.8469,-26.2664],[-50.8997,-26.2893],[-50.9095,-26.2494],[-50.9436,-26.2438],[-50.9713,-26.2613],[-50.9915,-26.235],[-51.0568,-26.2439],[-51.0774,-26.2312],[-51.1018,-26.2727],[-51.1484,-26.2788],[-51.2029,-26.2982],[-51.2522,-26.3515],[-51.2704,-26.3869],[-51.2014,-26.4272],[-51.1902,-26.4521],[-51.1149,-26.3909],[-51.0249,-26.4058],[-50.9854,-26.4049],[-50.9714,-26.4263],[-51,-26.457],[-51.0096,-26.4938],[-50.9425,-26.5503],[-50.856,-26.5606],[-50.8251,-26.5481],[-50.7974,-26.5082],[-50.7396,-26.5248],[-50.6988,-26.5003],[-50.6445,-26.511],[-50.5639,-26.6095],[-50.5294,-26.6086],[-50.4923,-26.6426],[-50.4926,-26.6482],[-50.469,-26.6624],[-50.4728,-26.6962],[-50.4125,-26.7296],[-50.3536,-26.7367],[-50.337,-26.7799],[-50.3417,-26.827],[-50.289,-26.8357],[-50.2545,-26.8631],[-50.2196,-26.8139],[-50.1621,-26.789],[-50.0977,-26.8173],[-50.086,-26.81],[-50.0998,-26.8014],[-50.1145,-26.7105],[-50.1351,-26.6642],[-50.1183,-26.618],[-50.1315,-26.5866],[-50.1249,-26.5234],[-50.0911,-26.524],[-50.0317,-26.5192],[-49.9945,-26.5062],[-49.9561,-26.5507],[-49.8814,-26.6195],[-49.8287,-26.7062],[-49.7503,-26.7851],[-49.7265,-26.7609],[-49.7177,-26.7225],[-49.6811,-26.7029],[-49.6521,-26.6932],[-49.6223,-26.7045],[-49.6158,-26.6392],[-49.586,-26.6249],[-49.5802,-26.5797],[-49.5646,-26.566],[-49.5471,-26.5261],[-49.5205,-26.5255],[-49.4414,-26.489],[-49.4172,-26.5101],[-49.3771,-26.4885],[-49.3321,-26.5386],[-49.2914,-26.5471],[-49.2848,-26.6072],[-49.2231,-26.6205],[-49.1753,-26.6138],[-49.1641,-26.6482],[-49.13,-26.6355],[-49.1142,-26.6131],[-49.1018,-26.6596],[-49.0493,-26.6506],[-49.0251,-26.6853],[-49.0492,-26.7093],[-49.0362,-26.7725],[-49.013,-26.7457],[-48.9804,-26.7367],[-48.9369,-26.693],[-48.9202,-26.6601],[-48.8845,-26.657],[-48.8563,-26.6345],[-48.817,-26.6391],[-48.8016,-26.6812],[-48.7537,-26.6592],[-48.7431,-26.6306],[-48.7412,-26.5598],[-48.7234,-26.5982],[-48.689,-26.5718],[-48.6648,-26.5809],[-48.6507,-26.5473]]]},"properties":{"ibge_code":"4206","name":"Joinville","codarea":"4206","uf":"SC","uf_code":"42","macro_id":"4","macro_sigla":"S"}},{"type":"Feature","geometry":{"type":"Polygon","coordinates":[[[-49.2901,-28.8832],[-49.1879,-28.8022],[-48.9746,-28.6715],[-48.858,-28.6157],[-48.8278,-28.6066],[-48.7465,-28.5051],[-48.7651,-28.4599],[-48.7461,-28.4271],[-48.7362,-28.379],[-48.7063,-28.3414],[-48.755,-28.3249],[-48.7248,-28.2528],[-48.7412,-28.2113],[-48.7313,-28.1561],[-48.7617,-28.0904],[-48.8075,-28.0935],[-48.8323,-28.0716],[-48.869,-28.0804],[-48.8937,-28.08],[-48.9017,-28.0609],[-48.9748,-28.0788],[-49.0348,-28.0347],[-49.052,-27.99],[-49.1035,-28.0065],[-49.1711,-27.9773],[-49.3078,-27.941],[-49.3084,-27.9704],[-49.3224,-27.9838],[-49.3493,-27.9962],[-49.372,-28.066],[-49.4042,-28.0823],[-49.3928,-28.1101],[-49.4404,-28.1328],[-49.4746,-28.1258],[-49.5297,-28.1873],[-49.5413,-28.2351],[-49.523,-28.307],[-49.5583,-28.3719],[-49.5668,-28.4163],[-49.5353,-28.4361],[-49.5625,-28.4675],[-49.5695,-28.5026],[-49.6495,-28.5469],[-49.6468,-28.5897],[-49.6854,-28.6209],[-49.7031,-28.6289],[-49.7041,-28.63],[-49.7566,-28.616],[-49.8392,-28.6665],[-49.8402,-28.7131],[-49.8694,-28.701],[-49.9613,-28.7722],[-49.9621,-28.8535],[-49.9509,-28.8935],[-49.9557,-28.9489],[-49.9337,-28.9658],[-49.966,-29.0217],[-49.9576,-29.0682],[-50.018,-29.1628],[-50.1078,-29.211],[-50.1456,-29.1978],[-50.1446,-29.2702],[-50.1125,-29.304],[-50.041,-29.3551],[-50.034,-29.3496],[-50.1155,-29.2623],[-50.0099,-29.2254],[-49.9576,-29.1995],[-49.9016,-29.2153],[-49.8571,-29.2331],[-49.8157,-29.2859],[-49.7918,-29.2856],[-49.7421,-29.2988],[-49.7129,-29.3256],[-49.6451,-29.2384],[-49.516,-29.0957],[-49.3764,-28.9561],[-49.2901,-28.8832]]]},"properties":{"ibge_code":"4202","name":"Criciúma","codarea":"4202","uf":"SC","uf_code":"42","macro_id":"4","macro_sigla":"S"}},{"type":"Feature","geometry":{"type":"Polygon","coordinates":[[[-51.3516,-26.9812],[-51.3342,-27.02],[-51.3175,-27.0188],[-51.299,-27.0575],[-51.3195,-27.077],[-51.3337,-27.1263],[-51.3215,-27.1514],[-51.2808,-27.2129],[-51.2213,-27.236],[-51.2101,-27.26],[-51.158,-27.2874],[-51.1126,-27.239],[-51.0656,-27.2521],[-51.0363,-27.2334],[-50.9892,-27.2501],[-50.9108,-27.2074],[-50.8931,-27.2328],[-50.8539,-27.2474],[-50.8207,-27.2295],[-50.8379,-27.1842],[-50.8279,-27.1584],[-50.7843,-27.1182],[-50.7351,-27.1207],[-50.6992,-27.1368],[-50.7078,-27.1008],[-50.6579,-27.0869],[-50.6638,-27.059],[-50.6295,-27.0199],[-50.6183,-26.9526],[-50.591,-26.928],[-50.5883,-26.8638],[-50.5547,-26.8316],[-50.52,-26.8218],[-50.5267,-26.781],[-50.4997,-26.769],[-50.5164,-26.7154],[-50.4926,-26.6482],[-50.4923,-26.6426],[-50.5294,-26.6086],[-50.5639,-26.6095],[-50.6445,-26.511],[-50.6988,-26.5003],[-50.7396,-26.5248],[-50.7974,-26.5082],[-50.8251,-26.5481],[-50.856,-26.5606],[-50.9425,-26.5503],[-51.0096,-26.4938],[-51,-26.457],[-50.9714,-26.4263],[-50.9854,-26.4049],[-51.0249,-26.4058],[-51.1149,-26.3909],[-51.1902,-26.4521],[-51.2014,-26.4272],[-51.2704,-26.3869],[-51.2929,-26.4341],[-51.2532,-26.4621],[-51.2732,-26.4983],[-51.2281,-26.5546],[-51.2221,-26.5937],[-51.2389,-26.6279],[-51.2834,-26.6536],[-51.347,-26.6486],[-51.3911,-26.6632],[-51.4115,-26.7171],[-51.4117,-26.7209],[-51.4697,-26.8025],[-51.4323,-26.8244],[-51.4365,-26.8558],[-51.5104,-26.8386],[-51.4877,-26.8594],[-51.4787,-26.9248],[-51.4061,-26.9431],[-51.3943,-26.9702],[-51.3516,-26.9812]]]},"properties":{"ibge_code":"4205","name":"Caçador","codarea":"4205","uf":"SC","uf_code":"42","macro_id":"4","macro_sigla":"S"}},{"type":"Feature","geometry":{"type":"MultiPolygon","coordinates":[[[[-53.9475,-31.9546],[-53.9185,-31.9638],[-53.8921,-31.9954],[-53.8508,-32.0002],[-53.8333,-32.0551],[-53.804,-32.0707],[-53.7479,-32.0779],[-53.7256,-32.0984],[-53.7442,-32.1153],[-53.7171,-32.1555],[-53.7235,-32.1737],[-53.6765,-32.2381],[-53.6778,-32.2586],[-53.6432,-32.3016],[-53.6331,-32.354],[-53.644,-32.3849],[-53.584,-32.4513],[-53.5225,-32.4862],[-53.4709,-32.4807],[-53.4369,-32.5482],[-53.3881,-32.5869],[-53.3697,-32.5699],[-53.2888,-32.6211],[-53.2456,-32.6071],[-53.2371,-32.6298],[-53.1667,-32.6486],[-53.1284,-32.6385],[-53.0837,-32.6567],[-53.063,-32.6181],[-53.0201,-32.6131],[-52.9974,-32.5912],[-52.9833,-32.5042],[-52.968,-32.4905],[-52.8924,-32.4611],[-52.8024,-32.447],[-52.7664,-32.4262],[-52.7236,-32.3816],[-52.7717,-32.3526],[-52.7901,-32.3788],[-52.8211,-32.3341],[-52.7784,-32.2522],[-52.7768,-32.2306],[-52.7383,-32.1924],[-52.7322,-32.1597],[-52.675,-32.164],[-52.6229,-32.1456],[-52.6831,-32.2728],[-52.6884,-32.3195],[-52.639,-32.393],[-52.6023,-32.4606],[-52.5876,-32.5377],[-52.6209,-32.6379],[-52.6885,-32.7578],[-52.7303,-32.8474],[-52.7701,-32.8931],[-52.8322,-32.915],[-52.9078,-32.8877],[-52.963,-32.8422],[-53.0016,-32.7975],[-53.0024,-32.765],[-53.0701,-32.8338],[-53.1473,-32.8188],[-53.1568,-32.8592],[-53.1546,-32.9538],[-53.1744,-33.0035],[-53.2774,-33.1094],[-53.3372,-33.0826],[-53.4027,-33.1583],[-53.4322,-33.1621],[-53.4692,-33.2554],[-53.4676,-33.2797],[-53.4248,-33.4376],[-53.4381,-33.5164],[-53.4656,-33.558],[-53.511,-33.544],[-53.5125,-33.6026],[-53.534,-33.6514],[-53.5228,-33.6893],[-53.4395,-33.6935],[-53.422,-33.7438],[-53.37,-33.7439],[-53.265,-33.6713],[-53.1562,-33.5901],[-53.0862,-33.5307],[-52.7767,-33.2831],[-52.6877,-33.1885],[-52.6239,-33.1042],[-52.4952,-32.8672],[-52.4641,-32.7876],[-52.4229,-32.6288],[-52.3864,-32.5258],[-52.3408,-32.4246],[-52.293,-32.3383],[-52.2339,-32.2602],[-52.1249,-32.1693],[-52.0972,-32.1617],[-52.0991,-32.0826],[-52.1565,-32.0958],[-52.1386,-32.0465],[-52.1941,-32.0579],[-52.196,-32.028],[-52.1131,-32.0092],[-52.1133,-31.9779],[-52.1881,-31.9821],[-52.2282,-32.0361],[-52.2416,-31.9916],[-52.188,-31.963],[-52.1392,-31.9184],[-52.177,-31.9073],[-52.2201,-31.8728],[-52.2236,-31.7889],[-52.2258,-31.7519],[-52.1524,-31.6993],[-52.1041,-31.6847],[-52.0307,-31.6923],[-52.0135,-31.5972],[-52.0181,-31.5479],[-52.0102,-31.5009],[-51.9937,-31.4136],[-51.9601,-31.3528],[-51.9195,-31.3108],[-51.875,-31.309],[-51.8439,-31.3232],[-51.8117,-31.2857],[-51.7803,-31.2334],[-51.7898,-31.1764],[-51.8204,-31.1591],[-51.7895,-31.1236],[-51.8381,-31.0997],[-51.8758,-31.0436],[-51.9246,-31.0458],[-51.9583,-31.1067],[-51.9967,-31.1],[-52.0146,-31.132],[-52.0561,-31.1603],[-52.0887,-31.1468],[-52.1136,-31.0759],[-52.1365,-31.0491],[-52.1167,-31.0177],[-52.142,-31.006],[-52.2449,-30.9853],[-52.2494,-30.8838],[-52.312,-30.8873],[-52.3673,-30.9095],[-52.4269,-30.9151],[-52.4767,-30.9106],[-52.521,-30.9335],[-52.6334,-30.9516],[-52.6748,-30.9074],[-52.7475,-30.8959],[-52.866,-30.9224],[-52.9223,-30.9355],[-53.0206,-30.9201],[-53.023,-30.9864],[-53.0866,-30.9688],[-53.1247,-30.9855],[-53.1253,-31.0164],[-53.1655,-31.024],[-53.2223,-30.9907],[-53.2617,-31.0105],[-53.3585,-30.9795],[-53.3852,-30.9881],[-53.4176,-30.9648],[-53.4431,-30.9642],[-53.5017,-30.9408],[-53.5573,-30.9423],[-53.602,-30.8676],[-53.6472,-30.8692],[-53.6672,-30.8427],[-53.73,-30.8762],[-53.8134,-30.9034],[-53.8872,-30.917],[-53.9234,-30.9398],[-53.9418,-30.9812],[-53.9885,-30.9889],[-54.0345,-30.9626],[-54.0886,-30.9599],[-54.1358,-30.9803],[-54.1913,-30.948],[-54.2793,-30.9335],[-54.3405,-30.9049],[-54.3473,-30.8904],[-54.4377,-30.8897],[-54.4492,-30.8745],[-54.5031,-30.8784],[-54.6116,-30.7795],[-54.6293,-30.7873],[-54.6857,-30.7519],[-54.7087,-30.7591],[-54.723,-30.7132],[-54.6793,-30.6937],[-54.6756,-30.65],[-54.6897,-30.6287],[-54.7248,-30.5991],[-54.7327,-30.6306],[-54.773,-30.6636],[-54.7721,-30.6866],[-54.8487,-30.7351],[-54.9267,-30.7198],[-54.9907,-30.7307],[-55.0115,-30.723],[-55.04,-30.7986],[-55.0296,-30.8531],[-55.0476,-30.8849],[-55.1071,-30.9121],[-55.1479,-30.9806],[-55.1156,-31.0109],[-55.0956,-31.1181],[-55.0688,-31.1562],[-55.0817,-31.2053],[-55.0358,-31.2839],[-55.0024,-31.2692],[-54.9828,-31.3114],[-54.9578,-31.3244],[-54.9325,-31.3851],[-54.8996,-31.3763],[-54.8365,-31.4419],[-54.7388,-31.4256],[-54.7013,-31.4357],[-54.6703,-31.4541],[-54.5869,-31.4565],[-54.5774,-31.481],[-54.5156,-31.5102],[-54.4729,-31.5704],[-54.4546,-31.6528],[-54.0813,-31.9296],[-54.039,-31.8974],[-53.9633,-31.922],[-53.9475,-31.9546]]],[[[-51.2375,-31.4574],[-51.2824,-31.4969],[-51.3611,-31.532],[-51.3993,-31.5204],[-51.4282,-31.492],[-51.4551,-31.5289],[-51.4622,-31.567],[-51.4984,-31.5832],[-51.5471,-31.6506],[-51.6133,-31.7294],[-51.6587,-31.7669],[-51.7346,-31.7887],[-51.8023,-31.7885],[-51.8112,-31.8447],[-51.8604,-31.8702],[-51.9231,-31.8634],[-52.0081,-31.8182],[-52.0666,-31.8176],[-52.0981,-31.8359],[-52.0787,-31.8688],[-52.0152,-31.9224],[-52.0054,-31.9515],[-52.0538,-31.9849],[-52.0391,-32.03],[-52.0497,-32.0772],[-52.0898,-32.1314],[-52.0772,-32.1432],[-51.9208,-31.9877],[-51.8309,-31.9192],[-51.748,-31.87],[-51.6246,-31.8095],[-51.5024,-31.7429],[-51.4272,-31.6956],[-51.2675,-31.5786],[-51.186,-31.5044],[-51.2375,-31.4574]]]]},"properties":{"ibge_code":"4302","name":"Pelotas","codarea":"4302","uf":"RS","uf_code":"43","macro_id":"4","macro_sigla":"S"}},{"type":"Feature","geometry":{"type":"Polygon","coordinates":[[[-53.1877,-27.1923],[-53.2321,-27.1711],[-53.3225,-27.2099],[-53.2962,-27.1324],[-53.3554,-27.1113],[-53.381,-27.0941],[-53.4062,-27.1365],[-53.4554,-27.1569],[-53.4763,-27.1389],[-53.5081,-27.1515],[-53.4882,-27.1938],[-53.5182,-27.2022],[-53.5478,-27.1764],[-53.5997,-27.1894],[-53.6307,-27.2134],[-53.6513,-27.1766],[-53.6862,-27.1636],[-53.7177,-27.1825],[-53.7069,-27.1983],[-53.709,-27.2147],[-53.6396,-27.2612],[-53.6627,-27.3159],[-53.6416,-27.3424],[-53.6665,-27.3706],[-53.6481,-27.4193],[-53.6108,-27.464],[-53.5725,-27.4815],[-53.5705,-27.5459],[-53.5822,-27.5714],[-53.5705,-27.617],[-53.587,-27.6381],[-53.5798,-27.6809],[-53.5805,-27.7122],[-53.5605,-27.7438],[-53.5119,-27.8171],[-53.5458,-27.894],[-53.5942,-27.9143],[-53.6242,-27.9454],[-53.6188,-27.9816],[-53.5681,-28.0014],[-53.5855,-28.0391],[-53.5268,-28.0659],[-53.5071,-28.1467],[-53.4759,-28.0881],[-53.4118,-28.0874],[-53.403,-28.1362],[-53.353,-28.1287],[-53.35,-28.1555],[-53.3115,-28.1951],[-53.3493,-28.241],[-53.4005,-28.2423],[-53.3732,-28.3868],[-53.4179,-28.412],[-53.4106,-28.4304],[-53.4603,-28.4913],[-53.449,-28.5106],[-53.464,-28.5536],[-53.5129,-28.5706],[-53.5728,-28.5263],[-53.6098,-28.5259],[-53.7055,-28.4808],[-53.7229,-28.4794],[-53.7592,-28.4371],[-53.7775,-28.4365],[-53.7812,-28.4884],[-53.8222,-28.4869],[-53.8388,-28.5126],[-53.8812,-28.5233],[-53.8908,-28.5741],[-53.9379,-28.6278],[-53.9745,-28.6477],[-53.9677,-28.7213],[-53.9786,-28.7587],[-53.9689,-28.7958],[-53.9473,-28.8143],[-53.9061,-28.8115],[-53.9421,-28.8617],[-53.9529,-28.8984],[-54.0482,-28.9118],[-54.0956,-28.9048],[-54.1349,-28.8826],[-54.1893,-28.8945],[-54.234,-28.925],[-54.2684,-28.912],[-54.3309,-28.9311],[-54.3777,-29.0045],[-54.46,-29.0696],[-54.4329,-29.09],[-54.4103,-29.1483],[-54.3667,-29.1875],[-54.3431,-29.1814],[-54.3258,-29.142],[-54.2938,-29.1072],[-54.2458,-29.1525],[-54.1965,-29.1638],[-54.1702,-29.1924],[-54.0817,-29.1909],[-54.0701,-29.1988],[-54.0449,-29.1786],[-54.0278,-29.1057],[-53.9778,-29.1416],[-53.9199,-29.2207],[-53.9068,-29.1946],[-53.8486,-29.1418],[-53.7576,-29.1639],[-53.6714,-29.1024],[-53.6641,-29.0583],[-53.6228,-29.0265],[-53.5671,-28.9625],[-53.5458,-28.975],[-53.5113,-29.0369],[-53.4944,-29.0731],[-53.4458,-29.0865],[-53.3858,-29.1237],[-53.3485,-29.1185],[-53.2902,-29.1278],[-53.2614,-29.1443],[-53.1908,-29.1305],[-53.0943,-29.1399],[-53.0639,-29.1818],[-53.0168,-29.1557],[-52.9995,-29.139],[-52.9874,-29.1057],[-52.9484,-29.0958],[-52.9351,-29.067],[-52.8892,-29.045],[-52.8552,-29.0426],[-52.8047,-29.0434],[-52.8169,-29.0837],[-52.791,-29.1171],[-52.751,-29.1441],[-52.6986,-29.1929],[-52.6615,-29.1942],[-52.674,-29.2331],[-52.5356,-29.2245],[-52.501,-29.2473],[-52.4564,-29.2403],[-52.4364,-29.214],[-52.4273,-29.157],[-52.3425,-29.1406],[-52.2924,-29.1639],[-52.2905,-29.1297],[-52.2469,-29.102],[-52.2123,-29.0946],[-52.2047,-29.0729],[-52.226,-29.0378],[-52.2283,-28.9701],[-52.21,-28.932],[-52.166,-28.8861],[-52.1484,-28.8922],[-52.079,-28.8777],[-52.0098,-28.877],[-52.017,-28.8419],[-52.0434,-28.8443],[-52.0633,-28.8096],[-52.0785,-28.7414],[-52.0816,-28.712],[-52.1001,-28.669],[-52.093,-28.6159],[-52.0665,-28.6144],[-51.9965,-28.6105],[-51.9944,-28.6725],[-51.8482,-28.6635],[-51.8396,-28.652],[-51.8528,-28.6436],[-51.8537,-28.5904],[-51.8086,-28.557],[-51.8028,-28.5377],[-51.7974,-28.5321],[-51.781,-28.5111],[-51.7826,-28.4717],[-51.7603,-28.4493],[-51.6871,-28.4667],[-51.6417,-28.4656],[-51.6198,-28.4796],[-51.6239,-28.5149],[-51.5991,-28.5365],[-51.5862,-28.5204],[-51.5371,-28.5265],[-51.5178,-28.5422],[-51.4739,-28.5168],[-51.4467,-28.4864],[-51.4207,-28.5012],[-51.3964,-28.54],[-51.3693,-28.503],[-51.3716,-28.4641],[-51.3344,-28.4185],[-51.3485,-28.398],[-51.3268,-28.3333],[-51.3887,-28.2959],[-51.384,-28.2407],[-51.3273,-28.2201],[-51.2954,-28.1906],[-51.2555,-28.1765],[-51.2444,-28.1538],[-51.2609,-28.1344],[-51.2553,-28.0921],[-51.2775,-28.0632],[-51.3437,-28.038],[-51.35,-27.9987],[-51.3347,-27.9824],[-51.3326,-27.9313],[-51.3624,-27.9261],[-51.3763,-27.8776],[-51.359,-27.8628],[-51.3784,-27.8488],[-51.3634,-27.7985],[-51.3311,-27.7864],[-51.3303,-27.7511],[-51.3088,-27.7195],[-51.3151,-27.6751],[-51.3601,-27.6788],[-51.3779,-27.66],[-51.4192,-27.6546],[-51.4573,-27.6075],[-51.4833,-27.5632],[-51.5476,-27.5591],[-51.5784,-27.577],[-51.6083,-27.5414],[-51.6326,-27.4886],[-51.6474,-27.5163],[-51.7012,-27.4798],[-51.7173,-27.5114],[-51.7516,-27.4881],[-51.788,-27.5148],[-51.8371,-27.5222],[-51.8582,-27.4751],[-51.9025,-27.4914],[-51.9358,-27.4287],[-51.9688,-27.4107],[-51.9834,-27.3751],[-52.049,-27.3463],[-52.1071,-27.3434],[-52.1263,-27.3025],[-52.2248,-27.3306],[-52.268,-27.2832],[-52.2613,-27.2569],[-52.3061,-27.2657],[-52.2998,-27.3191],[-52.3521,-27.2889],[-52.3978,-27.2925],[-52.4192,-27.2824],[-52.4421,-27.2505],[-52.4325,-27.2178],[-52.4798,-27.2355],[-52.4793,-27.2659],[-52.5363,-27.2601],[-52.5446,-27.2406],[-52.6179,-27.2657],[-52.6764,-27.2457],[-52.6915,-27.2844],[-52.7138,-27.2377],[-52.763,-27.2492],[-52.7605,-27.2132],[-52.7855,-27.206],[-52.801,-27.2034],[-52.8457,-27.2074],[-52.8513,-27.1703],[-52.9293,-27.2041],[-52.9567,-27.1633],[-52.9712,-27.2178],[-53,-27.2067],[-52.9851,-27.1705],[-52.9925,-27.14],[-53.0262,-27.1586],[-53.0414,-27.1249],[-53.0178,-27.0931],[-53.0482,-27.0837],[-53.0767,-27.1078],[-53.0712,-27.157],[-53.1396,-27.1757],[-53.1695,-27.1442],[-53.1877,-27.1923]]]},"properties":{"ibge_code":"4306","name":"Passo Fundo","codarea":"4306","uf":"RS","uf_code":"43","macro_id":"4","macro_sigla":"S"}},{"type":"Feature","geometry":{"type":"Polygon","coordinates":[[[-53.2654,-29.4493],[-53.2382,-29.4119],[-53.2199,-29.3699],[-53.231,-29.3501],[-53.23,-29.3092],[-53.2108,-29.2641],[-53.247,-29.2404],[-53.2455,-29.1936],[-53.2666,-29.1907],[-53.2614,-29.1443],[-53.2902,-29.1278],[-53.3485,-29.1185],[-53.3858,-29.1237],[-53.4458,-29.0865],[-53.4944,-29.0731],[-53.5113,-29.0369],[-53.5458,-28.975],[-53.5671,-28.9625],[-53.6228,-29.0265],[-53.6641,-29.0583],[-53.6714,-29.1024],[-53.7576,-29.1639],[-53.8486,-29.1418],[-53.9068,-29.1946],[-53.9199,-29.2207],[-53.9778,-29.1416],[-54.0278,-29.1057],[-54.0449,-29.1786],[-54.0701,-29.1988],[-54.0817,-29.1909],[-54.1702,-29.1924],[-54.1965,-29.1638],[-54.2458,-29.1525],[-54.2938,-29.1072],[-54.3258,-29.142],[-54.3431,-29.1814],[-54.3667,-29.1875],[-54.4103,-29.1483],[-54.4329,-29.09],[-54.46,-29.0696],[-54.3777,-29.0045],[-54.4344,-28.903],[-54.4922,-28.8678],[-54.5284,-28.8672],[-54.5651,-28.8376],[-54.5905,-28.7848],[-54.6173,-28.7533],[-54.6528,-28.7405],[-54.6713,-28.716],[-54.6755,-28.7377],[-54.7143,-28.7952],[-54.7079,-28.8367],[-54.7716,-28.8717],[-54.8159,-28.8685],[-54.8593,-28.8322],[-54.9606,-28.8084],[-55.0078,-28.7965],[-55.1121,-28.7425],[-55.1554,-28.7367],[-55.183,-28.7492],[-55.223,-28.6693],[-55.2554,-28.6827],[-55.316,-28.6576],[-55.3305,-28.6674],[-55.4297,-28.651],[-55.5262,-28.6904],[-55.5498,-28.7075],[-55.5076,-28.7448],[-55.4658,-28.8121],[-55.4328,-28.8274],[-55.4312,-28.8578],[-55.3675,-28.88],[-55.373,-28.9206],[-55.3195,-28.954],[-55.293,-28.9915],[-55.2729,-29.057],[-55.2855,-29.1048],[-55.2684,-29.1425],[-55.2866,-29.1857],[-55.3126,-29.2048],[-55.3365,-29.2234],[-55.3619,-29.2068],[-55.4009,-29.2198],[-55.4591,-29.2151],[-55.4206,-29.2705],[-55.4165,-29.3218],[-55.4592,-29.3253],[-55.4626,-29.3525],[-55.4275,-29.368],[-55.41,-29.4024],[-55.3332,-29.51],[-55.3671,-29.5554],[-55.3781,-29.6149],[-55.3263,-29.6422],[-55.2753,-29.6173],[-55.2435,-29.6203],[-55.1959,-29.6659],[-55.1917,-29.6967],[-55.1441,-29.6951],[-55.1217,-29.767],[-55.1142,-29.8013],[-55.151,-29.8284],[-55.1486,-29.87],[-55.1944,-29.9155],[-55.2296,-29.9294],[-55.2452,-29.9879],[-55.269,-30.0384],[-55.3131,-30.0813],[-55.188,-30.079],[-55.1782,-30.0458],[-55.1011,-30.0535],[-55.0771,-30.1243],[-55.0605,-30.1449],[-55.0072,-30.1303],[-54.9716,-30.0871],[-54.9185,-30.0711],[-54.8916,-30.1],[-54.8172,-30.1079],[-54.7896,-30.0943],[-54.755,-30.021],[-54.703,-30.029],[-54.7005,-30.0556],[-54.6707,-30.0956],[-54.6305,-30.1235],[-54.6855,-30.199],[-54.7083,-30.21],[-54.7136,-30.2635],[-54.7612,-30.2823],[-54.8163,-30.2685],[-54.8717,-30.2691],[-54.8294,-30.3242],[-54.784,-30.3498],[-54.7696,-30.4166],[-54.7443,-30.4205],[-54.7191,-30.4579],[-54.7149,-30.5005],[-54.7478,-30.516],[-54.7248,-30.5991],[-54.6897,-30.6287],[-54.6756,-30.65],[-54.6793,-30.6937],[-54.723,-30.7132],[-54.7087,-30.7591],[-54.6857,-30.7519],[-54.6293,-30.7873],[-54.6116,-30.7795],[-54.5031,-30.8784],[-54.4492,-30.8745],[-54.4377,-30.8897],[-54.3473,-30.8904],[-54.3405,-30.9049],[-54.2793,-30.9335],[-54.1913,-30.948],[-54.1358,-30.9803],[-54.0886,-30.9599],[-54.0345,-30.9626],[-53.9885,-30.9889],[-53.9418,-30.9812],[-53.9234,-30.9398],[-53.8872,-30.917],[-53.8134,-30.9034],[-53.73,-30.8762],[-53.6672,-30.8427],[-53.6472,-30.8692],[-53.602,-30.8676],[-53.5573,-30.9423],[-53.5017,-30.9408],[-53.4431,-30.9642],[-53.4176,-30.9648],[-53.3852,-30.9881],[-53.3585,-30.9795],[-53.2617,-31.0105],[-53.2223,-30.9907],[-53.1655,-31.024],[-53.1253,-31.0164],[-53.1247,-30.9855],[-53.0866,-30.9688],[-53.023,-30.9864],[-53.0206,-30.9201],[-52.9826,-30.8588],[-52.9608,-30.8588],[-52.9541,-30.7335],[-52.9748,-30.7281],[-52.9886,-30.6777],[-52.9715,-30.6555],[-52.9726,-30.6032],[-52.9294,-30.6053],[-52.9059,-30.5742],[-52.9118,-30.5433],[-52.8839,-30.4846],[-52.892,-30.4503],[-52.8703,-30.4143],[-52.8807,-30.3517],[-52.8385,-30.3345],[-52.7632,-30.343],[-52.7266,-30.3608],[-52.6898,-30.3413],[-52.6884,-30.2727],[-52.6574,-30.2094],[-52.6722,-30.1618],[-52.6754,-30.0791],[-52.6907,-30.0612],[-52.6437,-29.9945],[-52.6847,-29.9863],[-52.7101,-29.957],[-52.7053,-29.9172],[-52.7413,-29.9047],[-52.7877,-29.9049],[-52.8184,-29.923],[-52.8514,-29.9105],[-52.8997,-29.8461],[-52.9275,-29.7711],[-52.9297,-29.7192],[-52.9444,-29.6467],[-52.9797,-29.5568],[-53.0292,-29.5532],[-53.137,-29.4948],[-53.1843,-29.4674],[-53.2353,-29.4653],[-53.2654,-29.4493]]]},"properties":{"ibge_code":"4303","name":"Santa Maria","codarea":"4303","uf":"RS","uf_code":"43","macro_id":"4","macro_sigla":"S"}},{"type":"Feature","geometry":{"type":"Polygon","coordinates":[[[-54.9029,-27.6989],[-54.9066,-27.7298],[-54.9494,-27.7793],[-54.9993,-27.7905],[-55.0243,-27.7942],[-55.0579,-27.7681],[-55.0827,-27.7969],[-55.0247,-27.8353],[-55.0517,-27.8524],[-55.0911,-27.8432],[-55.1263,-27.8598],[-55.1393,-27.8951],[-55.1716,-27.8613],[-55.2027,-27.8579],[-55.2501,-27.9142],[-55.2778,-27.9329],[-55.3273,-27.9267],[-55.3398,-27.966],[-55.3872,-27.9862],[-55.3755,-28.034],[-55.414,-28.0546],[-55.4384,-28.0863],[-55.4879,-28.0765],[-55.5306,-28.1155],[-55.5642,-28.1635],[-55.6107,-28.1175],[-55.6342,-28.1778],[-55.6926,-28.2188],[-55.7712,-28.2415],[-55.7732,-28.2742],[-55.7431,-28.2815],[-55.6802,-28.3222],[-55.6692,-28.3408],[-55.6922,-28.4164],[-55.6356,-28.3664],[-55.6102,-28.3719],[-55.5831,-28.3394],[-55.5362,-28.3896],[-55.5069,-28.4032],[-55.5244,-28.4152],[-55.5288,-28.4578],[-55.5904,-28.4884],[-55.6793,-28.4983],[-55.7342,-28.5732],[-55.7724,-28.5852],[-55.7332,-28.6227],[-55.72,-28.6531],[-55.6757,-28.6715],[-55.6417,-28.6692],[-55.5498,-28.7075],[-55.5262,-28.6904],[-55.4297,-28.651],[-55.3305,-28.6674],[-55.316,-28.6576],[-55.2554,-28.6827],[-55.223,-28.6693],[-55.183,-28.7492],[-55.1554,-28.7367],[-55.1121,-28.7425],[-55.0078,-28.7965],[-54.9606,-28.8084],[-54.8593,-28.8322],[-54.8159,-28.8685],[-54.7716,-28.8717],[-54.7079,-28.8367],[-54.7143,-28.7952],[-54.6755,-28.7377],[-54.6713,-28.716],[-54.6528,-28.7405],[-54.6173,-28.7533],[-54.5905,-28.7848],[-54.5651,-28.8376],[-54.5284,-28.8672],[-54.4922,-28.8678],[-54.4344,-28.903],[-54.3777,-29.0045],[-54.3309,-28.9311],[-54.2684,-28.912],[-54.234,-28.925],[-54.1893,-28.8945],[-54.1349,-28.8826],[-54.0956,-28.9048],[-54.0482,-28.9118],[-53.9529,-28.8984],[-53.9421,-28.8617],[-53.9061,-28.8115],[-53.9473,-28.8143],[-53.9689,-28.7958],[-53.9786,-28.7587],[-53.9677,-28.7213],[-53.9745,-28.6477],[-53.9379,-28.6278],[-53.8908,-28.5741],[-53.8812,-28.5233],[-53.8388,-28.5126],[-53.8222,-28.4869],[-53.7812,-28.4884],[-53.7775,-28.4365],[-53.7592,-28.4371],[-53.7229,-28.4794],[-53.7055,-28.4808],[-53.6098,-28.5259],[-53.5728,-28.5263],[-53.5129,-28.5706],[-53.464,-28.5536],[-53.449,-28.5106],[-53.4603,-28.4913],[-53.4106,-28.4304],[-53.4179,-28.412],[-53.3732,-28.3868],[-53.4005,-28.2423],[-53.3493,-28.241],[-53.3115,-28.1951],[-53.35,-28.1555],[-53.353,-28.1287],[-53.403,-28.1362],[-53.4118,-28.0874],[-53.4759,-28.0881],[-53.5071,-28.1467],[-53.5268,-28.0659],[-53.5855,-28.0391],[-53.5681,-28.0014],[-53.6188,-27.9816],[-53.6242,-27.9454],[-53.5942,-27.9143],[-53.5458,-27.894],[-53.5119,-27.8171],[-53.5605,-27.7438],[-53.5805,-27.7122],[-53.5798,-27.6809],[-53.587,-27.6381],[-53.5705,-27.617],[-53.5822,-27.5714],[-53.5705,-27.5459],[-53.5725,-27.4815],[-53.6108,-27.464],[-53.6481,-27.4193],[-53.6665,-27.3706],[-53.6416,-27.3424],[-53.6627,-27.3159],[-53.6396,-27.2612],[-53.709,-27.2147],[-53.7069,-27.1983],[-53.7177,-27.1825],[-53.7516,-27.1881],[-53.776,-27.1475],[-53.8197,-27.1757],[-53.8371,-27.1684],[-53.8643,-27.1262],[-53.8977,-27.1703],[-53.9466,-27.1513],[-53.9602,-27.1953],[-54.008,-27.1984],[-54.0278,-27.2549],[-54.055,-27.264],[-54.0824,-27.2989],[-54.1115,-27.3025],[-54.1549,-27.2969],[-54.1933,-27.3085],[-54.2174,-27.385],[-54.2675,-27.4043],[-54.2839,-27.4478],[-54.3415,-27.4044],[-54.3351,-27.4513],[-54.3572,-27.4649],[-54.3988,-27.4116],[-54.4721,-27.4345],[-54.444,-27.46],[-54.4746,-27.4812],[-54.5006,-27.4804],[-54.5249,-27.5062],[-54.5734,-27.4536],[-54.6158,-27.5322],[-54.632,-27.5457],[-54.6801,-27.5266],[-54.6717,-27.5664],[-54.7233,-27.5635],[-54.7846,-27.5787],[-54.7952,-27.535],[-54.8171,-27.5356],[-54.8397,-27.6052],[-54.8608,-27.6294],[-54.9032,-27.6364],[-54.9029,-27.6989]]]},"properties":{"ibge_code":"4305","name":"Ijuí","codarea":"4305","uf":"RS","uf_code":"43","macro_id":"4","macro_sigla":"S"}},{"type":"Feature","geometry":{"type":"Polygon","coordinates":[[[-55.3781,-29.6149],[-55.3671,-29.5554],[-55.3332,-29.51],[-55.41,-29.4024],[-55.4275,-29.368],[-55.4626,-29.3525],[-55.4592,-29.3253],[-55.4165,-29.3218],[-55.4206,-29.2705],[-55.4591,-29.2151],[-55.4009,-29.2198],[-55.3619,-29.2068],[-55.3365,-29.2234],[-55.3126,-29.2048],[-55.2866,-29.1857],[-55.2684,-29.1425],[-55.2855,-29.1048],[-55.2729,-29.057],[-55.293,-28.9915],[-55.3195,-28.954],[-55.373,-28.9206],[-55.3675,-28.88],[-55.4312,-28.8578],[-55.4328,-28.8274],[-55.4658,-28.8121],[-55.5076,-28.7448],[-55.5498,-28.7075],[-55.6417,-28.6692],[-55.6757,-28.6715],[-55.72,-28.6531],[-55.7332,-28.6227],[-55.7724,-28.5852],[-55.7342,-28.5732],[-55.6793,-28.4983],[-55.5904,-28.4884],[-55.5288,-28.4578],[-55.5244,-28.4152],[-55.5069,-28.4032],[-55.5362,-28.3896],[-55.5831,-28.3394],[-55.6102,-28.3719],[-55.6356,-28.3664],[-55.6922,-28.4164],[-55.7197,-28.4187],[-55.7344,-28.3812],[-55.7566,-28.3694],[-55.8711,-28.3573],[-55.9004,-28.3983],[-55.884,-28.4792],[-55.9882,-28.4981],[-56.0232,-28.5228],[-56.0024,-28.5783],[-56.0177,-28.6129],[-56.0473,-28.6241],[-56.1192,-28.6812],[-56.1942,-28.7752],[-56.2609,-28.779],[-56.2997,-28.8081],[-56.3001,-28.8956],[-56.3233,-28.9247],[-56.379,-28.948],[-56.4162,-29.0007],[-56.3991,-29.0174],[-56.4304,-29.0795],[-56.503,-29.0887],[-56.5501,-29.1167],[-56.5888,-29.1198],[-56.6169,-29.1711],[-56.6458,-29.2003],[-56.6492,-29.255],[-56.6645,-29.295],[-56.713,-29.3674],[-56.7587,-29.3709],[-56.78,-29.42],[-56.8221,-29.49],[-56.902,-29.5338],[-56.9678,-29.6018],[-56.9711,-29.6434],[-57.0009,-29.6519],[-57.0211,-29.6833],[-57.1319,-29.7702],[-57.172,-29.7807],[-57.2354,-29.7808],[-57.2978,-29.8347],[-57.3297,-29.8876],[-57.3281,-29.9719],[-57.352,-30.0081],[-57.3963,-30.0228],[-57.4538,-30.0816],[-57.4646,-30.1103],[-57.5256,-30.1514],[-57.5941,-30.179],[-57.5578,-30.2134],[-57.568,-30.2522],[-57.5508,-30.2726],[-57.5003,-30.2889],[-57.4901,-30.269],[-57.4293,-30.2746],[-57.4186,-30.3026],[-57.352,-30.2845],[-57.3114,-30.2581],[-57.2846,-30.2937],[-57.2042,-30.2851],[-57.1674,-30.2476],[-57.1672,-30.1963],[-57.1152,-30.1137],[-57.0783,-30.0915],[-57.0448,-30.1057],[-57.0239,-30.0875],[-56.9556,-30.1011],[-56.8504,-30.0889],[-56.7803,-30.1266],[-56.784,-30.1512],[-56.7298,-30.1717],[-56.6963,-30.2051],[-56.6581,-30.2013],[-56.5958,-30.2954],[-56.537,-30.3341],[-56.4914,-30.3981],[-56.4622,-30.3845],[-56.44,-30.4325],[-56.3982,-30.4484],[-56.3859,-30.4956],[-56.2899,-30.5323],[-56.2767,-30.5607],[-56.238,-30.5734],[-56.2141,-30.6085],[-56.1877,-30.6047],[-56.1646,-30.6432],[-56.1501,-30.7055],[-56.1073,-30.732],[-56.0957,-30.754],[-56.0236,-30.7857],[-55.9897,-30.8599],[-56.0111,-30.912],[-56.0188,-31.0436],[-56.0053,-31.0819],[-55.9793,-31.0732],[-55.8708,-31.0716],[-55.8072,-31.0165],[-55.7809,-31.0171],[-55.704,-30.9552],[-55.6662,-30.954],[-55.6421,-30.9116],[-55.6631,-30.8719],[-55.6379,-30.8462],[-55.5793,-30.8401],[-55.5459,-30.8905],[-55.5102,-30.9018],[-55.4784,-30.9538],[-55.4573,-30.9514],[-55.4246,-30.9856],[-55.437,-31.0047],[-55.3713,-31.0234],[-55.3586,-31.0626],[-55.3275,-31.0882],[-55.3385,-31.1337],[-55.2897,-31.1453],[-55.2501,-31.206],[-55.2468,-31.2522],[-55.1742,-31.2682],[-55.1523,-31.2932],[-55.0745,-31.3321],[-55.0358,-31.2839],[-55.0817,-31.2053],[-55.0688,-31.1562],[-55.0956,-31.1181],[-55.1156,-31.0109],[-55.1479,-30.9806],[-55.1071,-30.9121],[-55.0476,-30.8849],[-55.0296,-30.8531],[-55.04,-30.7986],[-55.0115,-30.723],[-54.9907,-30.7307],[-54.9267,-30.7198],[-54.8487,-30.7351],[-54.7721,-30.6866],[-54.773,-30.6636],[-54.7327,-30.6306],[-54.7248,-30.5991],[-54.7478,-30.516],[-54.7149,-30.5005],[-54.7191,-30.4579],[-54.7443,-30.4205],[-54.7696,-30.4166],[-54.784,-30.3498],[-54.8294,-30.3242],[-54.8717,-30.2691],[-54.8163,-30.2685],[-54.7612,-30.2823],[-54.7136,-30.2635],[-54.7083,-30.21],[-54.6855,-30.199],[-54.6305,-30.1235],[-54.6707,-30.0956],[-54.7005,-30.0556],[-54.703,-30.029],[-54.755,-30.021],[-54.7896,-30.0943],[-54.8172,-30.1079],[-54.8916,-30.1],[-54.9185,-30.0711],[-54.9716,-30.0871],[-55.0072,-30.1303],[-55.0605,-30.1449],[-55.0771,-30.1243],[-55.1011,-30.0535],[-55.1782,-30.0458],[-55.188,-30.079],[-55.3131,-30.0813],[-55.269,-30.0384],[-55.2452,-29.9879],[-55.2296,-29.9294],[-55.1944,-29.9155],[-55.1486,-29.87],[-55.151,-29.8284],[-55.1142,-29.8013],[-55.1217,-29.767],[-55.1441,-29.6951],[-55.1917,-29.6967],[-55.1959,-29.6659],[-55.2435,-29.6203],[-55.2753,-29.6173],[-55.3263,-29.6422],[-55.3781,-29.6149]]]},"properties":{"ibge_code":"4304","name":"Uruguaiana","codarea":"4304","uf":"RS","uf_code":"43","macro_id":"4","macro_sigla":"S"}},{"type":"Feature","geometry":{"type":"Polygon","coordinates":[[[-51.3301,-29.4272],[-51.3401,-29.4736],[-51.3365,-29.5162],[-51.303,-29.5231],[-51.2653,-29.503],[-51.2729,-29.4893],[-51.2354,-29.4227],[-51.1967,-29.4094],[-51.169,-29.4394],[-51.1778,-29.4941],[-51.1125,-29.5107],[-51.1061,-29.4769],[-51.0637,-29.4675],[-51.0125,-29.476],[-51.0084,-29.4459],[-51.0425,-29.4394],[-51.0193,-29.4368],[-50.9813,-29.3904],[-50.9568,-29.4254],[-50.9097,-29.4509],[-50.9074,-29.5002],[-50.8671,-29.476],[-50.8346,-29.4758],[-50.7885,-29.439],[-50.7218,-29.4041],[-50.6848,-29.4069],[-50.7261,-29.4477],[-50.6881,-29.4836],[-50.6512,-29.5025],[-50.6309,-29.5586],[-50.5901,-29.5533],[-50.5528,-29.5386],[-50.4329,-29.5373],[-50.3477,-29.4943],[-50.3028,-29.4477],[-50.2668,-29.4664],[-50.2607,-29.4961],[-50.168,-29.5351],[-50.1823,-29.4899],[-50.2437,-29.4224],[-50.2352,-29.3942],[-50.249,-29.3455],[-50.2179,-29.3289],[-50.1935,-29.3422],[-50.0991,-29.3341],[-50.0842,-29.3495],[-50.041,-29.3551],[-50.1125,-29.304],[-50.1446,-29.2702],[-50.1456,-29.1978],[-50.1078,-29.211],[-50.018,-29.1628],[-49.9576,-29.0682],[-49.966,-29.0217],[-49.9337,-28.9658],[-49.9557,-28.9489],[-49.9509,-28.8935],[-49.9621,-28.8535],[-49.9613,-28.7722],[-49.8694,-28.701],[-49.8402,-28.7131],[-49.8392,-28.6665],[-49.7566,-28.616],[-49.7041,-28.63],[-49.7031,-28.6289],[-49.708,-28.5822],[-49.7467,-28.5354],[-49.7483,-28.494],[-49.7909,-28.4964],[-49.8163,-28.469],[-49.8393,-28.4965],[-49.9004,-28.4647],[-49.9708,-28.4402],[-50.0272,-28.4743],[-50.0687,-28.4792],[-50.0972,-28.4844],[-50.1473,-28.4495],[-50.2424,-28.432],[-50.2729,-28.4571],[-50.3013,-28.4393],[-50.3404,-28.441],[-50.3684,-28.4212],[-50.4248,-28.4333],[-50.4704,-28.4149],[-50.5316,-28.4078],[-50.5442,-28.4275],[-50.5932,-28.3816],[-50.6652,-28.3379],[-50.6649,-28.3128],[-50.6956,-28.2699],[-50.7491,-28.2485],[-50.7612,-28.195],[-50.7941,-28.1386],[-50.859,-28.1397],[-50.8759,-28.0951],[-50.8994,-28.0897],[-50.8753,-28.0413],[-50.9232,-28.012],[-50.924,-27.9717],[-50.9784,-27.9482],[-51.0015,-27.9632],[-51.0199,-27.9225],[-51.0567,-27.8868],[-51.0534,-27.8689],[-51.1346,-27.8037],[-51.1878,-27.7777],[-51.272,-27.7517],[-51.2733,-27.7355],[-51.3088,-27.7195],[-51.3303,-27.7511],[-51.3311,-27.7864],[-51.3634,-27.7985],[-51.3784,-27.8488],[-51.359,-27.8628],[-51.3763,-27.8776],[-51.3624,-27.9261],[-51.3326,-27.9313],[-51.3347,-27.9824],[-51.35,-27.9987],[-51.3437,-28.038],[-51.2775,-28.0632],[-51.2553,-28.0921],[-51.2609,-28.1344],[-51.2444,-28.1538],[-51.2555,-28.1765],[-51.2954,-28.1906],[-51.3273,-28.2201],[-51.384,-28.2407],[-51.3887,-28.2959],[-51.3268,-28.3333],[-51.3485,-28.398],[-51.3344,-28.4185],[-51.3716,-28.4641],[-51.3693,-28.503],[-51.3964,-28.54],[-51.4207,-28.5012],[-51.4467,-28.4864],[-51.4739,-28.5168],[-51.5178,-28.5422],[-51.5371,-28.5265],[-51.5862,-28.5204],[-51.5991,-28.5365],[-51.6239,-28.5149],[-51.6198,-28.4796],[-51.6417,-28.4656],[-51.6871,-28.4667],[-51.7603,-28.4493],[-51.7826,-28.4717],[-51.781,-28.5111],[-51.7974,-28.5321],[-51.8028,-28.5377],[-51.8086,-28.557],[-51.8537,-28.5904],[-51.8528,-28.6436],[-51.8396,-28.652],[-51.8482,-28.6635],[-51.9944,-28.6725],[-51.9965,-28.6105],[-52.0665,-28.6144],[-52.093,-28.6159],[-52.1001,-28.669],[-52.0816,-28.712],[-52.0785,-28.7414],[-52.0633,-28.8096],[-52.0434,-28.8443],[-52.017,-28.8419],[-52.0098,-28.877],[-51.9805,-28.9112],[-51.9196,-28.9209],[-51.9136,-28.9479],[-51.9293,-28.9901],[-51.9183,-29.0229],[-51.8141,-29.0145],[-51.8084,-29.0817],[-51.7796,-29.0942],[-51.739,-29.1188],[-51.7391,-29.1368],[-51.758,-29.1852],[-51.75,-29.2081],[-51.7548,-29.2606],[-51.8015,-29.2598],[-51.78,-29.2989],[-51.7435,-29.3092],[-51.7009,-29.3043],[-51.7019,-29.3344],[-51.7279,-29.3622],[-51.6911,-29.3714],[-51.6912,-29.4151],[-51.6912,-29.4235],[-51.6575,-29.3993],[-51.6105,-29.4008],[-51.6079,-29.4112],[-51.5835,-29.4071],[-51.5425,-29.4189],[-51.475,-29.4001],[-51.4357,-29.4314],[-51.4035,-29.4335],[-51.3999,-29.417],[-51.3981,-29.3516],[-51.3505,-29.3519],[-51.3321,-29.4096],[-51.3301,-29.4272]]]},"properties":{"ibge_code":"4307","name":"Caxias do Sul","codarea":"4307","uf":"RS","uf_code":"43","macro_id":"4","macro_sigla":"S"}},{"type":"Feature","geometry":{"type":"Polygon","coordinates":[[[-52.4269,-30.9151],[-52.3673,-30.9095],[-52.312,-30.8873],[-52.2494,-30.8838],[-52.2449,-30.9853],[-52.142,-31.006],[-52.1167,-31.0177],[-52.1365,-31.0491],[-52.1136,-31.0759],[-52.0887,-31.1468],[-52.0561,-31.1603],[-52.0146,-31.132],[-51.9967,-31.1],[-51.9583,-31.1067],[-51.9246,-31.0458],[-51.8758,-31.0436],[-51.8381,-31.0997],[-51.7895,-31.1236],[-51.8204,-31.1591],[-51.7898,-31.1764],[-51.7803,-31.2334],[-51.8117,-31.2857],[-51.7571,-31.2861],[-51.7067,-31.2656],[-51.6391,-31.2707],[-51.6413,-31.1877],[-51.6287,-31.153],[-51.602,-31.1317],[-51.5378,-31.115],[-51.4456,-31.0895],[-51.4831,-31.031],[-51.5006,-30.9655],[-51.4978,-30.9176],[-51.4488,-30.8722],[-51.3901,-30.8799],[-51.4043,-30.7829],[-51.4009,-30.7171],[-51.3809,-30.6435],[-51.3346,-30.6338],[-51.3188,-30.6461],[-51.3149,-30.7053],[-51.2931,-30.7077],[-51.3022,-30.6344],[-51.2984,-30.5591],[-51.2654,-30.4798],[-51.2231,-30.4198],[-51.1979,-30.408],[-51.1538,-30.4137],[-51.1221,-30.3969],[-51.1286,-30.3593],[-51.1782,-30.3864],[-51.2074,-30.3408],[-51.2392,-30.3182],[-51.2953,-30.3029],[-51.2987,-30.2408],[-51.3283,-30.2265],[-51.3237,-30.1728],[-51.3012,-30.0542],[-51.2719,-30.039],[-51.2338,-30.0476],[-51.2592,-30.1235],[-51.226,-30.1442],[-51.2278,-30.1771],[-51.1282,-30.2478],[-51.0765,-30.2434],[-51.0629,-30.2596],[-51.0225,-30.2842],[-51.0239,-30.3164],[-51.0474,-30.3815],[-50.9734,-30.4076],[-50.93,-30.4358],[-50.9386,-30.3751],[-50.9148,-30.3264],[-50.844,-30.3208],[-50.797,-30.3384],[-50.782,-30.2848],[-50.7507,-30.2967],[-50.6732,-30.2966],[-50.6589,-30.1999],[-50.6208,-30.1984],[-50.5982,-30.196],[-50.5755,-30.2382],[-50.5426,-30.2523],[-50.5554,-30.3168],[-50.5453,-30.356],[-50.5656,-30.3879],[-50.5744,-30.4815],[-50.6111,-30.4857],[-50.6492,-30.4536],[-50.6537,-30.4175],[-50.5967,-30.391],[-50.6186,-30.3607],[-50.6434,-30.3959],[-50.7056,-30.3476],[-50.7295,-30.3681],[-50.7005,-30.4248],[-50.6864,-30.5008],[-50.6795,-30.6092],[-50.6901,-30.7069],[-50.7208,-30.7797],[-50.7538,-30.8189],[-50.8165,-30.8412],[-50.8823,-30.8916],[-50.9196,-30.9064],[-50.9681,-30.8978],[-50.9514,-30.9595],[-50.9546,-31.0032],[-50.995,-31.0481],[-51.0485,-31.0616],[-51.1036,-31.0994],[-51.1769,-31.0798],[-51.179,-31.1342],[-51.1633,-31.1973],[-51.1575,-31.2847],[-51.1791,-31.365],[-51.2375,-31.4574],[-51.186,-31.5044],[-51.0401,-31.3599],[-50.8791,-31.227],[-50.8421,-31.19],[-50.7672,-31.1101],[-50.6679,-30.9629],[-50.5583,-30.8182],[-50.4649,-30.6807],[-50.374,-30.5629],[-50.3343,-30.5008],[-50.3061,-30.4471],[-50.2519,-30.3049],[-50.2241,-30.2363],[-50.1703,-30.0971],[-50.1192,-29.9762],[-50.0753,-29.8845],[-50.0637,-29.86],[-50.0176,-29.7725],[-49.9337,-29.6251],[-49.9222,-29.6072],[-49.8035,-29.4436],[-49.7129,-29.3256],[-49.7421,-29.2988],[-49.7918,-29.2856],[-49.8157,-29.2859],[-49.8571,-29.2331],[-49.9016,-29.2153],[-49.9576,-29.1995],[-50.0099,-29.2254],[-50.1155,-29.2623],[-50.034,-29.3496],[-50.041,-29.3551],[-50.0842,-29.3495],[-50.0991,-29.3341],[-50.1935,-29.3422],[-50.2179,-29.3289],[-50.249,-29.3455],[-50.2352,-29.3942],[-50.2437,-29.4224],[-50.1823,-29.4899],[-50.168,-29.5351],[-50.2607,-29.4961],[-50.2668,-29.4664],[-50.3028,-29.4477],[-50.3477,-29.4943],[-50.4329,-29.5373],[-50.5528,-29.5386],[-50.5901,-29.5533],[-50.6309,-29.5586],[-50.6512,-29.5025],[-50.6881,-29.4836],[-50.7261,-29.4477],[-50.6848,-29.4069],[-50.7218,-29.4041],[-50.7885,-29.439],[-50.8346,-29.4758],[-50.8671,-29.476],[-50.9074,-29.5002],[-50.9097,-29.4509],[-50.9568,-29.4254],[-50.9813,-29.3904],[-51.0193,-29.4368],[-51.0425,-29.4394],[-51.0084,-29.4459],[-51.0125,-29.476],[-51.0637,-29.4675],[-51.1061,-29.4769],[-51.1125,-29.5107],[-51.1778,-29.4941],[-51.169,-29.4394],[-51.1967,-29.4094],[-51.2354,-29.4227],[-51.2729,-29.4893],[-51.2653,-29.503],[-51.303,-29.5231],[-51.3365,-29.5162],[-51.3401,-29.4736],[-51.3301,-29.4272],[-51.3321,-29.4096],[-51.3505,-29.3519],[-51.3981,-29.3516],[-51.3999,-29.417],[-51.4035,-29.4335],[-51.4357,-29.4314],[-51.475,-29.4001],[-51.5425,-29.4189],[-51.5835,-29.4071],[-51.6079,-29.4112],[-51.5695,-29.458],[-51.6018,-29.4757],[-51.6694,-29.4809],[-51.6908,-29.5008],[-51.665,-29.5008],[-51.6627,-29.5901],[-51.6419,-29.6358],[-51.6588,-29.6444],[-51.6962,-29.6717],[-51.7242,-29.7157],[-51.7187,-29.7428],[-51.7577,-29.7921],[-51.7583,-29.8188],[-51.7164,-29.8607],[-51.748,-29.852],[-51.8155,-29.8618],[-51.8408,-29.8238],[-51.8864,-29.804],[-51.9103,-29.7666],[-51.943,-29.7586],[-51.9622,-29.7347],[-52.0374,-29.7038],[-52.0144,-29.7361],[-52.0587,-29.8143],[-52.0421,-29.8927],[-52.0547,-29.9229],[-52.0179,-29.9379],[-52.0331,-29.9573],[-52.0704,-29.9325],[-52.1046,-29.9456],[-52.148,-29.9515],[-52.1463,-30.0203],[-52.1628,-30.0663],[-52.1696,-30.1255],[-52.1524,-30.1461],[-52.1588,-30.1913],[-52.1363,-30.2276],[-52.1747,-30.2809],[-52.1632,-30.3222],[-52.1798,-30.3864],[-52.1587,-30.4427],[-52.2128,-30.4478],[-52.2348,-30.4334],[-52.2903,-30.3471],[-52.3429,-30.359],[-52.3586,-30.3921],[-52.3557,-30.4392],[-52.3896,-30.4716],[-52.4027,-30.5092],[-52.4528,-30.576],[-52.3578,-30.6121],[-52.3434,-30.6294],[-52.336,-30.6921],[-52.3754,-30.6871],[-52.4135,-30.6551],[-52.4429,-30.6593],[-52.4303,-30.6978],[-52.4568,-30.7971],[-52.4188,-30.8545],[-52.4269,-30.9151]]]},"properties":{"ibge_code":"4301","name":"Porto Alegre","codarea":"4301","uf":"RS","uf_code":"43","macro_id":"4","macro_sigla":"S"}},{"type":"Feature","geometry":{"type":"Polygon","coordinates":[[[-52.079,-28.8777],[-52.1484,-28.8922],[-52.166,-28.8861],[-52.21,-28.932],[-52.2283,-28.9701],[-52.226,-29.0378],[-52.2047,-29.0729],[-52.2123,-29.0946],[-52.2469,-29.102],[-52.2905,-29.1297],[-52.2924,-29.1639],[-52.3425,-29.1406],[-52.4273,-29.157],[-52.4364,-29.214],[-52.4564,-29.2403],[-52.501,-29.2473],[-52.5356,-29.2245],[-52.674,-29.2331],[-52.6615,-29.1942],[-52.6986,-29.1929],[-52.751,-29.1441],[-52.791,-29.1171],[-52.8169,-29.0837],[-52.8047,-29.0434],[-52.8552,-29.0426],[-52.8892,-29.045],[-52.9351,-29.067],[-52.9484,-29.0958],[-52.9874,-29.1057],[-52.9995,-29.139],[-53.0168,-29.1557],[-53.0639,-29.1818],[-53.0943,-29.1399],[-53.1908,-29.1305],[-53.2614,-29.1443],[-53.2666,-29.1907],[-53.2455,-29.1936],[-53.247,-29.2404],[-53.2108,-29.2641],[-53.23,-29.3092],[-53.231,-29.3501],[-53.2199,-29.3699],[-53.2382,-29.4119],[-53.2654,-29.4493],[-53.2353,-29.4653],[-53.1843,-29.4674],[-53.137,-29.4948],[-53.0292,-29.5532],[-52.9797,-29.5568],[-52.9444,-29.6467],[-52.9297,-29.7192],[-52.9275,-29.7711],[-52.8997,-29.8461],[-52.8514,-29.9105],[-52.8184,-29.923],[-52.7877,-29.9049],[-52.7413,-29.9047],[-52.7053,-29.9172],[-52.7101,-29.957],[-52.6847,-29.9863],[-52.6437,-29.9945],[-52.6907,-30.0612],[-52.6754,-30.0791],[-52.6722,-30.1618],[-52.6574,-30.2094],[-52.6884,-30.2727],[-52.6898,-30.3413],[-52.7266,-30.3608],[-52.7632,-30.343],[-52.8385,-30.3345],[-52.8807,-30.3517],[-52.8703,-30.4143],[-52.892,-30.4503],[-52.8839,-30.4846],[-52.9118,-30.5433],[-52.9059,-30.5742],[-52.9294,-30.6053],[-52.9726,-30.6032],[-52.9715,-30.6555],[-52.9886,-30.6777],[-52.9748,-30.7281],[-52.9541,-30.7335],[-52.9608,-30.8588],[-52.9826,-30.8588],[-53.0206,-30.9201],[-52.9223,-30.9355],[-52.866,-30.9224],[-52.7475,-30.8959],[-52.6748,-30.9074],[-52.6334,-30.9516],[-52.521,-30.9335],[-52.4767,-30.9106],[-52.4269,-30.9151],[-52.4188,-30.8545],[-52.4568,-30.7971],[-52.4303,-30.6978],[-52.4429,-30.6593],[-52.4135,-30.6551],[-52.3754,-30.6871],[-52.336,-30.6921],[-52.3434,-30.6294],[-52.3578,-30.6121],[-52.4528,-30.576],[-52.4027,-30.5092],[-52.3896,-30.4716],[-52.3557,-30.4392],[-52.3586,-30.3921],[-52.3429,-30.359],[-52.2903,-30.3471],[-52.2348,-30.4334],[-52.2128,-30.4478],[-52.1587,-30.4427],[-52.1798,-30.3864],[-52.1632,-30.3222],[-52.1747,-30.2809],[-52.1363,-30.2276],[-52.1588,-30.1913],[-52.1524,-30.1461],[-52.1696,-30.1255],[-52.1628,-30.0663],[-52.1463,-30.0203],[-52.148,-29.9515],[-52.1046,-29.9456],[-52.0704,-29.9325],[-52.0331,-29.9573],[-52.0179,-29.9379],[-52.0547,-29.9229],[-52.0421,-29.8927],[-52.0587,-29.8143],[-52.0144,-29.7361],[-52.0374,-29.7038],[-51.9622,-29.7347],[-51.943,-29.7586],[-51.9103,-29.7666],[-51.8864,-29.804],[-51.8408,-29.8238],[-51.8155,-29.8618],[-51.748,-29.852],[-51.7164,-29.8607],[-51.7583,-29.8188],[-51.7577,-29.7921],[-51.7187,-29.7428],[-51.7242,-29.7157],[-51.6962,-29.6717],[-51.6588,-29.6444],[-51.6419,-29.6358],[-51.6627,-29.5901],[-51.665,-29.5008],[-51.6908,-29.5008],[-51.6694,-29.4809],[-51.6018,-29.4757],[-51.5695,-29.458],[-51.6079,-29.4112],[-51.6105,-29.4008],[-51.6575,-29.3993],[-51.6912,-29.4235],[-51.6912,-29.4151],[-51.6911,-29.3714],[-51.7279,-29.3622],[-51.7019,-29.3344],[-51.7009,-29.3043],[-51.7435,-29.3092],[-51.78,-29.2989],[-51.8015,-29.2598],[-51.7548,-29.2606],[-51.75,-29.2081],[-51.758,-29.1852],[-51.7391,-29.1368],[-51.739,-29.1188],[-51.7796,-29.0942],[-51.8084,-29.0817],[-51.8141,-29.0145],[-51.9183,-29.0229],[-51.9293,-28.9901],[-51.9136,-28.9479],[-51.9196,-28.9209],[-51.9805,-28.9112],[-52.0098,-28.877],[-52.079,-28.8777]]]},"properties":{"ibge_code":"4308","name":"Santa Cruz do Sul - Lajeado","codarea":"4308","uf":"RS","uf_code":"43","macro_id":"4","macro_sigla":"S"}},{"type":"Feature","geometry":{"type":"Polygon","coordinates":[[[-53.4039,-17.9926],[-53.435,-17.9846],[-53.4679,-18.0349],[-53.5901,-18.0097],[-53.6162,-17.9787],[-53.652,-17.9763],[-53.6927,-18.0069],[-53.7367,-17.9949],[-53.7742,-18.0008],[-53.8542,-17.9258],[-53.8986,-17.9088],[-53.9517,-17.9158],[-53.9557,-17.883],[-53.9412,-17.8402],[-53.9132,-17.808],[-53.8884,-17.749],[-53.8559,-17.7027],[-53.7988,-17.6705],[-53.7572,-17.6728],[-53.7039,-17.6613],[-53.6801,-17.2541],[-53.7051,-17.2282],[-53.7628,-17.2466],[-53.7857,-17.2875],[-53.8201,-17.2946],[-53.8313,-17.355],[-53.8694,-17.3692],[-53.9311,-17.4395],[-53.9731,-17.4722],[-54.0233,-17.4771],[-54.0581,-17.5131],[-54.0516,-17.5628],[-54.0847,-17.619],[-54.1342,-17.6187],[-54.1916,-17.6056],[-54.3024,-17.6617],[-54.3434,-17.6556],[-54.3878,-17.6319],[-54.3771,-17.6074],[-54.392,-17.5706],[-54.4263,-17.537],[-54.4687,-17.5272],[-54.4742,-17.498],[-54.5023,-17.4807],[-54.5703,-17.4734],[-54.6361,-17.4957],[-54.7469,-17.5199],[-54.7588,-17.5657],[-54.8008,-17.5826],[-54.825,-17.6097],[-54.8609,-17.6239],[-54.9434,-17.609],[-55.0473,-17.6403],[-55.0726,-17.6316],[-55.1371,-17.6502],[-55.139,-17.6478],[-55.3062,-18.248],[-55.399,-18.5821],[-55.4421,-19.0004],[-55.4649,-19.2186],[-55.4175,-19.2608],[-55.3194,-19.2417],[-55.3046,-19.2579],[-55.2498,-19.2519],[-55.204,-19.285],[-55.1705,-19.3266],[-55.1382,-19.3452],[-55.1017,-19.335],[-55.1119,-19.3699],[-55.1635,-19.4035],[-55.2039,-19.4168],[-55.226,-19.4962],[-55.2411,-19.5214],[-55.2659,-19.5858],[-55.2885,-19.6074],[-55.3058,-19.6727],[-55.3241,-19.6931],[-55.3466,-19.7607],[-55.3946,-19.8015],[-55.3785,-19.8499],[-55.3383,-19.8798],[-55.3298,-19.9246],[-55.3097,-19.9478],[-55.3237,-19.979],[-55.2706,-20.0004],[-55.2233,-19.9792],[-55.1997,-19.9941],[-55.1393,-19.9863],[-55.0982,-20.0204],[-55.0964,-20.0456],[-55.064,-20.1088],[-55.0837,-20.1542],[-55.1374,-20.1446],[-55.1921,-20.1734],[-55.2459,-20.2264],[-55.3451,-20.1601],[-55.3961,-20.1753],[-55.4245,-20.1456],[-55.4867,-20.1497],[-55.5218,-20.2435],[-55.5181,-20.2798],[-55.4521,-20.3078],[-55.4596,-20.3338],[-55.4449,-20.3936],[-55.4499,-20.4488],[-55.4877,-20.4662],[-55.5061,-20.4557],[-55.5531,-20.508],[-55.5871,-20.5099],[-55.5743,-20.521],[-55.5857,-20.6083],[-55.5529,-20.6834],[-55.5269,-20.7042],[-55.526,-20.7404],[-55.464,-20.7815],[-55.451,-20.8236],[-55.4188,-20.8385],[-55.3948,-20.8957],[-55.344,-20.9927],[-55.3076,-21.0395],[-55.2664,-20.9983],[-55.254,-21.0157],[-55.2695,-21.0089],[-55.3068,-21.0799],[-55.3071,-21.134],[-55.3258,-21.1695],[-55.3195,-21.2421],[-55.2994,-21.2507],[-55.2815,-21.3175],[-55.2973,-21.346],[-55.2569,-21.4089],[-55.2105,-21.4424],[-55.167,-21.4609],[-55.1727,-21.4804],[-55.1255,-21.5072],[-55.1054,-21.5535],[-55.0584,-21.5638],[-55.0279,-21.586],[-55.0192,-21.5636],[-55.0134,-21.4846],[-54.8926,-21.3377],[-54.8365,-21.3526],[-54.8175,-21.3377],[-54.7836,-21.346],[-54.7701,-21.3781],[-54.7014,-21.3554],[-54.6883,-21.4096],[-54.7075,-21.429],[-54.6683,-21.4647],[-54.69,-21.4914],[-54.6858,-21.5185],[-54.6496,-21.5448],[-54.6012,-21.4888],[-54.5647,-21.5013],[-54.4955,-21.5412],[-54.4862,-21.5667],[-54.4367,-21.5992],[-54.3832,-21.5419],[-54.3337,-21.5169],[-54.3374,-21.5596],[-54.3552,-21.5785],[-54.3351,-21.6157],[-54.2655,-21.6784],[-54.2244,-21.6881],[-54.2128,-21.718],[-54.1102,-21.7526],[-54.0914,-21.7452],[-54.008,-21.7839],[-53.9626,-21.8156],[-53.9549,-21.8504],[-53.8986,-21.8825],[-53.7924,-21.9224],[-53.7904,-21.8889],[-53.7495,-21.8259],[-53.7371,-21.7894],[-53.7323,-21.7303],[-53.7418,-21.6842],[-53.729,-21.6685],[-53.7336,-21.6215],[-53.6263,-21.6132],[-53.6091,-21.5909],[-53.5882,-21.6072],[-53.5488,-21.6066],[-53.4383,-21.5549],[-53.4013,-21.5609],[-53.3193,-21.5976],[-53.2669,-21.5831],[-53.232,-21.5928],[-53.2091,-21.5708],[-53.183,-21.5944],[-53.1411,-21.5756],[-53.0562,-21.6102],[-53.0251,-21.6155],[-53.0387,-21.6283],[-53.0365,-21.6889],[-53.0808,-21.8007],[-53.0715,-21.8382],[-53.0291,-21.8557],[-52.9611,-21.8604],[-52.8711,-21.8798],[-52.6338,-21.8321],[-52.6076,-21.917],[-52.4975,-22.0062],[-52.4505,-22.0339],[-52.3796,-22.0348],[-52.371,-22.0676],[-52.3919,-22.1147],[-52.3392,-22.0478],[-52.319,-21.9721],[-52.275,-21.9149],[-52.2484,-21.9023],[-52.1894,-21.8443],[-52.1613,-21.7708],[-52.1038,-21.7461],[-52.0558,-21.6772],[-52.0495,-21.6431],[-52.0689,-21.5981],[-52.1022,-21.5698],[-52.0778,-21.5152],[-52.0571,-21.5036],[-52.0004,-21.5166],[-51.9622,-21.4933],[-51.9287,-21.4558],[-51.8999,-21.3776],[-51.8611,-21.3367],[-51.8485,-21.2666],[-51.8797,-21.1979],[-51.879,-21.1481],[-51.8655,-21.1305],[-51.8236,-21.1268],[-51.7897,-21.1021],[-51.7725,-21.0511],[-51.7596,-21.0222],[-51.7137,-20.9715],[-51.6667,-20.9708],[-51.6236,-20.9444],[-51.6151,-20.8861],[-51.633,-20.8216],[-51.6224,-20.7769],[-51.6349,-20.7548],[-51.6033,-20.6617],[-51.5752,-20.6234],[-51.5676,-20.6183],[-51.5002,-20.5682],[-51.4492,-20.4828],[-51.4188,-20.465],[-51.3435,-20.3556],[-51.2957,-20.3285],[-51.1608,-20.3052],[-51.1094,-20.2801],[-51.0692,-20.25],[-51.0216,-20.1333],[-51.0012,-20.0963],[-51.0005,-20.0854],[-51.0179,-20.0484],[-51.0055,-19.9961],[-51.0209,-19.9591],[-50.9995,-19.9064],[-51.0193,-19.8705],[-51.0236,-19.8039],[-51.0335,-19.7907],[-51.0279,-19.7566],[-51.0461,-19.7356],[-51.0382,-19.6918],[-50.9876,-19.5895],[-50.9244,-19.5809],[-50.9309,-19.5422],[-50.9629,-19.5006],[-50.935,-19.4675],[-50.988,-19.4084],[-51.0205,-19.3866],[-51.0455,-19.3434],[-51.092,-19.3076],[-51.1692,-19.287],[-51.2255,-19.259],[-51.2766,-19.2605],[-51.3088,-19.2178],[-51.364,-19.2225],[-51.4201,-19.1662],[-51.4484,-19.1604],[-51.4987,-19.161],[-51.5392,-19.1427],[-51.5922,-19.1268],[-51.609,-19.141],[-51.6601,-19.1343],[-51.6921,-19.118],[-51.7275,-19.1078],[-51.8157,-19.0551],[-51.8522,-19.0525],[-51.8971,-18.9945],[-51.951,-18.9811],[-52.0145,-18.9761],[-52.0436,-18.9507],[-52.0794,-18.9511],[-52.1058,-18.9259],[-52.1108,-18.8987],[-52.1506,-18.8933],[-52.1874,-18.8459],[-52.3051,-18.8404],[-52.3447,-18.823],[-52.3539,-18.8002],[-52.4119,-18.744],[-52.448,-18.692],[-52.5019,-18.6759],[-52.5315,-18.6575],[-52.5662,-18.6646],[-52.5887,-18.6868],[-52.6347,-18.6915],[-52.6873,-18.6783],[-52.7481,-18.6921],[-52.8101,-18.6677],[-52.8465,-18.667],[-52.8734,-18.6459],[-52.9128,-18.642],[-52.9211,-18.6134],[-52.9518,-18.5767],[-52.9624,-18.5408],[-52.9197,-18.5107],[-52.881,-18.4655],[-52.8764,-18.4309],[-52.8385,-18.4236],[-52.7985,-18.4149],[-52.7589,-18.3631],[-52.7759,-18.3288],[-52.8208,-18.3107],[-52.8732,-18.3148],[-52.9352,-18.2966],[-52.9653,-18.2989],[-53.0139,-18.3261],[-53.0231,-18.3495],[-53.0717,-18.3415],[-53.0997,-18.3136],[-53.1102,-18.2196],[-53.1297,-18.1607],[-53.1432,-18.0841],[-53.1237,-18.0588],[-53.0757,-18.0508],[-53.0723,-18.034],[-53.1743,-18.0416],[-53.2378,-18.0074],[-53.2919,-17.9959],[-53.3808,-18.0088],[-53.4039,-17.9926]]]},"properties":{"ibge_code":"5001","name":"Campo Grande","codarea":"5001","uf":"MS","uf_code":"50","macro_id":"5","macro_sigla":"CO"}},{"type":"Feature","geometry":{"type":"Polygon","coordinates":[[[-53.0715,-21.8382],[-53.0808,-21.8007],[-53.0365,-21.6889],[-53.0387,-21.6283],[-53.0251,-21.6155],[-53.0562,-21.6102],[-53.1411,-21.5756],[-53.183,-21.5944],[-53.2091,-21.5708],[-53.232,-21.5928],[-53.2669,-21.5831],[-53.3193,-21.5976],[-53.4013,-21.5609],[-53.4383,-21.5549],[-53.5488,-21.6066],[-53.5882,-21.6072],[-53.6091,-21.5909],[-53.6263,-21.6132],[-53.7336,-21.6215],[-53.729,-21.6685],[-53.7418,-21.6842],[-53.7323,-21.7303],[-53.7371,-21.7894],[-53.7495,-21.8259],[-53.7904,-21.8889],[-53.7924,-21.9224],[-53.8986,-21.8825],[-53.9549,-21.8504],[-53.9626,-21.8156],[-54.008,-21.7839],[-54.0914,-21.7452],[-54.1102,-21.7526],[-54.2128,-21.718],[-54.2244,-21.6881],[-54.2655,-21.6784],[-54.3351,-21.6157],[-54.3552,-21.5785],[-54.3374,-21.5596],[-54.3337,-21.5169],[-54.3832,-21.5419],[-54.4367,-21.5992],[-54.4862,-21.5667],[-54.4955,-21.5412],[-54.5647,-21.5013],[-54.6012,-21.4888],[-54.6496,-21.5448],[-54.6858,-21.5185],[-54.69,-21.4914],[-54.6683,-21.4647],[-54.7075,-21.429],[-54.6883,-21.4096],[-54.7014,-21.3554],[-54.7701,-21.3781],[-54.7836,-21.346],[-54.8175,-21.3377],[-54.8365,-21.3526],[-54.8926,-21.3377],[-55.0134,-21.4846],[-55.0192,-21.5636],[-55.0279,-21.586],[-55.0584,-21.5638],[-55.1054,-21.5535],[-55.1255,-21.5072],[-55.1727,-21.4804],[-55.167,-21.4609],[-55.2105,-21.4424],[-55.2569,-21.4089],[-55.2973,-21.346],[-55.2815,-21.3175],[-55.2994,-21.2507],[-55.3195,-21.2421],[-55.3258,-21.1695],[-55.3071,-21.134],[-55.3068,-21.0799],[-55.2695,-21.0089],[-55.254,-21.0157],[-55.2664,-20.9983],[-55.3076,-21.0395],[-55.3625,-21.0344],[-55.4196,-21.0544],[-55.4861,-21.0224],[-55.5023,-21.0394],[-55.494,-21.0754],[-55.5248,-21.0868],[-55.5457,-21.0459],[-55.5685,-21.0726],[-55.6405,-21.0954],[-55.6181,-21.1376],[-55.6487,-21.2297],[-55.7037,-21.2525],[-55.6675,-21.2878],[-55.6952,-21.3419],[-55.6639,-21.4004],[-55.6826,-21.4289],[-55.6529,-21.4673],[-55.7309,-21.4579],[-55.7824,-21.4301],[-55.796,-21.457],[-55.83,-21.4611],[-55.8371,-21.4857],[-55.8013,-21.5153],[-55.8153,-21.543],[-55.7517,-21.6207],[-55.8094,-21.617],[-55.8295,-21.6634],[-55.8549,-21.6741],[-55.9035,-21.6583],[-55.9525,-21.6885],[-55.9301,-21.7424],[-55.9393,-21.8103],[-55.8941,-21.8115],[-55.9573,-21.8212],[-55.9901,-21.8375],[-55.9958,-21.8906],[-56.0249,-21.884],[-56.0554,-21.9018],[-56.087,-21.8943],[-56.0475,-21.9731],[-56.0275,-21.9938],[-56.046,-22.0365],[-56.0147,-22.0614],[-56.0534,-22.1159],[-56.0951,-22.1203],[-56.2021,-22.1062],[-56.2036,-22.1728],[-56.294,-22.1643],[-56.304,-22.1859],[-56.3455,-22.1813],[-56.3175,-22.2148],[-56.2496,-22.2384],[-56.2126,-22.2758],[-56.1362,-22.2857],[-56.063,-22.277],[-56.009,-22.2933],[-55.9362,-22.2803],[-55.8431,-22.2871],[-55.8037,-22.3722],[-55.7667,-22.3842],[-55.7487,-22.3834],[-55.7339,-22.4415],[-55.7511,-22.4747],[-55.7236,-22.5518],[-55.6252,-22.6283],[-55.6136,-22.6928],[-55.6202,-22.7534],[-55.6504,-22.791],[-55.6659,-22.8525],[-55.651,-22.8873],[-55.6339,-22.9918],[-55.6394,-23.0259],[-55.6113,-23.0477],[-55.5958,-23.1195],[-55.5419,-23.1561],[-55.5233,-23.1978],[-55.5391,-23.2412],[-55.5559,-23.3163],[-55.5045,-23.3785],[-55.5156,-23.4096],[-55.5604,-23.4831],[-55.5265,-23.5674],[-55.5382,-23.5919],[-55.5304,-23.6278],[-55.4747,-23.6505],[-55.4302,-23.7901],[-55.4415,-23.8293],[-55.4356,-23.8724],[-55.4463,-23.9169],[-55.42,-23.9573],[-55.3493,-23.9936],[-55.3177,-23.9629],[-55.262,-23.9917],[-55.229,-24.014],[-55.1287,-23.9837],[-55.107,-23.9652],[-55.0623,-23.9933],[-54.9986,-23.9576],[-54.9253,-23.9603],[-54.9269,-23.9248],[-54.8601,-23.9052],[-54.7928,-23.8681],[-54.7052,-23.8646],[-54.6838,-23.8305],[-54.5891,-23.839],[-54.5149,-23.8852],[-54.4401,-23.9043],[-54.4268,-23.9311],[-54.4147,-23.9581],[-54.352,-24.0077],[-54.3242,-24.0038],[-54.31,-24.0463],[-54.2862,-24.0682],[-54.2495,-24.0559],[-54.169,-23.999],[-54.1403,-23.9884],[-54.1018,-23.952],[-54.0805,-23.8913],[-54.084,-23.865],[-54.0836,-23.8055],[-54.0757,-23.7645],[-54.0519,-23.7211],[-54.0511,-23.6872],[-54.0306,-23.6282],[-53.9874,-23.4666],[-53.9602,-23.4434],[-53.9321,-23.4459],[-53.7622,-23.3593],[-53.7149,-23.2834],[-53.6993,-23.2349],[-53.6366,-23.125],[-53.634,-23.0034],[-53.6074,-22.9513],[-53.5708,-22.9285],[-53.5468,-22.8901],[-53.4848,-22.8639],[-53.4104,-22.8139],[-53.3798,-22.8044],[-53.3274,-22.7646],[-53.24,-22.7335],[-53.1854,-22.7187],[-53.1279,-22.6523],[-53.1052,-22.6219],[-53.1079,-22.5955],[-53.0738,-22.5489],[-53.0144,-22.5207],[-52.9986,-22.4932],[-52.9482,-22.4734],[-52.8548,-22.4391],[-52.7983,-22.3783],[-52.6951,-22.3146],[-52.6553,-22.3031],[-52.5869,-22.2568],[-52.4877,-22.2172],[-52.4562,-22.1853],[-52.4082,-22.1416],[-52.3919,-22.1147],[-52.371,-22.0676],[-52.3796,-22.0348],[-52.4505,-22.0339],[-52.4975,-22.0062],[-52.6076,-21.917],[-52.6338,-21.8321],[-52.8711,-21.8798],[-52.9611,-21.8604],[-53.0291,-21.8557],[-53.0715,-21.8382]]]},"properties":{"ibge_code":"5002","name":"Dourados","codarea":"5002","uf":"MS","uf_code":"50","macro_id":"5","macro_sigla":"CO"}},{"type":"Feature","geometry":{"type":"Polygon","coordinates":[[[-55.5871,-20.5099],[-55.5531,-20.508],[-55.5061,-20.4557],[-55.4877,-20.4662],[-55.4499,-20.4488],[-55.4449,-20.3936],[-55.4596,-20.3338],[-55.4521,-20.3078],[-55.5181,-20.2798],[-55.5218,-20.2435],[-55.4867,-20.1497],[-55.4245,-20.1456],[-55.3961,-20.1753],[-55.3451,-20.1601],[-55.2459,-20.2264],[-55.1921,-20.1734],[-55.1374,-20.1446],[-55.0837,-20.1542],[-55.064,-20.1088],[-55.0964,-20.0456],[-55.0982,-20.0204],[-55.1393,-19.9863],[-55.1997,-19.9941],[-55.2233,-19.9792],[-55.2706,-20.0004],[-55.3237,-19.979],[-55.3097,-19.9478],[-55.3298,-19.9246],[-55.3383,-19.8798],[-55.3785,-19.8499],[-55.3946,-19.8015],[-55.3466,-19.7607],[-55.3241,-19.6931],[-55.3058,-19.6727],[-55.2885,-19.6074],[-55.2659,-19.5858],[-55.2411,-19.5214],[-55.226,-19.4962],[-55.2039,-19.4168],[-55.1635,-19.4035],[-55.1119,-19.3699],[-55.1017,-19.335],[-55.1382,-19.3452],[-55.1705,-19.3266],[-55.204,-19.285],[-55.2498,-19.2519],[-55.3046,-19.2579],[-55.3194,-19.2417],[-55.4175,-19.2608],[-55.4649,-19.2186],[-55.4421,-19.0004],[-55.399,-18.5821],[-55.3062,-18.248],[-55.139,-17.6478],[-55.2524,-17.5923],[-55.2631,-17.5648],[-55.2997,-17.5412],[-55.3316,-17.5493],[-55.4052,-17.5124],[-55.4327,-17.5117],[-55.483,-17.4787],[-55.515,-17.4836],[-55.5886,-17.4138],[-55.5838,-17.3828],[-55.6028,-17.3674],[-55.6039,-17.3667],[-55.6487,-17.3583],[-55.6581,-17.3391],[-55.7197,-17.3489],[-55.7612,-17.3235],[-55.8866,-17.2848],[-55.9602,-17.2502],[-56.012,-17.2367],[-56.0161,-17.1902],[-56.0441,-17.1714],[-56.1288,-17.1794],[-56.1845,-17.1946],[-56.213,-17.2259],[-56.2513,-17.219],[-56.3359,-17.2899],[-56.3607,-17.2808],[-56.3889,-17.3019],[-56.4509,-17.3264],[-56.4992,-17.2896],[-56.551,-17.3229],[-56.6725,-17.3346],[-56.6832,-17.3166],[-56.7233,-17.3085],[-56.7578,-17.3267],[-56.786,-17.3875],[-56.8287,-17.39],[-56.8244,-17.4231],[-56.846,-17.4806],[-56.876,-17.533],[-56.9096,-17.5325],[-56.9735,-17.5804],[-56.9647,-17.6217],[-56.9882,-17.6593],[-57.0334,-17.6947],[-57.0478,-17.7325],[-57.0753,-17.7368],[-57.1015,-17.7722],[-57.2252,-17.7828],[-57.2648,-17.8203],[-57.3114,-17.8178],[-57.3501,-17.8371],[-57.4263,-17.8564],[-57.4603,-17.8999],[-57.4853,-17.8622],[-57.5164,-17.8628],[-57.531,-17.8391],[-57.6093,-17.7975],[-57.6231,-17.7364],[-57.6846,-17.7165],[-57.6718,-17.6641],[-57.6927,-17.627],[-57.7121,-17.5431],[-57.7401,-17.5363],[-57.7523,-17.5645],[-57.7852,-17.5706],[-57.783,-17.6368],[-57.75,-17.6961],[-57.7113,-17.7287],[-57.7193,-17.7731],[-57.684,-17.809],[-57.7214,-17.829],[-57.6004,-18.0427],[-57.5741,-18.1316],[-57.5051,-18.1986],[-57.4548,-18.2334],[-57.5583,-18.2407],[-57.7667,-18.8995],[-57.7197,-18.8995],[-57.7192,-18.9781],[-57.6977,-19.0113],[-57.7104,-19.0347],[-57.7833,-19.0351],[-58.0009,-19.4871],[-58.1314,-19.7594],[-57.8591,-19.9717],[-57.9025,-20.0424],[-57.9302,-20.0221],[-57.9634,-20.027],[-57.979,-20.0555],[-58.024,-20.0589],[-58.0538,-20.1083],[-58.0954,-20.1104],[-58.1168,-20.1467],[-58.1486,-20.1518],[-58.132,-20.2073],[-58.1664,-20.2366],[-58.1446,-20.2718],[-58.1195,-20.2496],[-58.0908,-20.285],[-58.1031,-20.3212],[-58.0732,-20.388],[-58.0246,-20.4001],[-57.9986,-20.4556],[-58.0199,-20.5144],[-57.9972,-20.5724],[-58.0131,-20.6083],[-57.9704,-20.6442],[-57.9882,-20.6867],[-57.9502,-20.6983],[-57.9137,-20.6708],[-57.8781,-20.7137],[-57.8735,-20.7508],[-57.9342,-20.746],[-57.9595,-20.7979],[-57.8933,-20.7908],[-57.8594,-20.8249],[-57.8727,-20.8539],[-57.9289,-20.8952],[-57.8865,-20.9086],[-57.8636,-20.9488],[-57.8337,-20.9363],[-57.8175,-20.9806],[-57.8664,-21.0393],[-57.8459,-21.0969],[-57.865,-21.1363],[-57.849,-21.1879],[-57.853,-21.2271],[-57.9204,-21.2846],[-57.895,-21.3072],[-57.8547,-21.3169],[-57.8611,-21.3506],[-57.8925,-21.3779],[-57.9273,-21.4498],[-57.9344,-21.4841],[-57.9605,-21.5099],[-57.9616,-21.5624],[-57.9146,-21.5956],[-57.9432,-21.6286],[-57.93,-21.6573],[-57.8832,-21.6891],[-57.9409,-21.7329],[-57.9403,-21.7584],[-57.9085,-21.774],[-57.9311,-21.8246],[-57.9598,-21.8532],[-57.9162,-21.8763],[-57.948,-21.9004],[-57.937,-21.9279],[-57.9749,-22.0154],[-58.0062,-22.0312],[-57.9877,-22.0591],[-57.992,-22.0905],[-57.942,-22.0829],[-57.9297,-22.1203],[-57.864,-22.1318],[-57.8341,-22.1196],[-57.8052,-22.1501],[-57.7793,-22.1252],[-57.7477,-22.139],[-57.6911,-22.0884],[-57.6643,-22.1064],[-57.613,-22.1104],[-57.5864,-22.1444],[-57.5808,-22.1753],[-57.5168,-22.1736],[-57.4835,-22.1923],[-57.4448,-22.1878],[-57.3894,-22.2049],[-57.3759,-22.2293],[-57.3255,-22.239],[-57.2967,-22.2214],[-57.2378,-22.2513],[-57.2139,-22.2245],[-57.101,-22.2488],[-57.0497,-22.232],[-56.9967,-22.2225],[-56.9875,-22.2426],[-56.9472,-22.2561],[-56.8882,-22.2453],[-56.8808,-22.2756],[-56.844,-22.3011],[-56.8047,-22.2845],[-56.7441,-22.2412],[-56.7203,-22.2567],[-56.6835,-22.221],[-56.652,-22.2569],[-56.5561,-22.1955],[-56.5284,-22.1483],[-56.5189,-22.1087],[-56.4715,-22.0802],[-56.3924,-22.08],[-56.3739,-22.1434],[-56.3455,-22.1813],[-56.304,-22.1859],[-56.294,-22.1643],[-56.2036,-22.1728],[-56.2021,-22.1062],[-56.0951,-22.1203],[-56.0534,-22.1159],[-56.0147,-22.0614],[-56.046,-22.0365],[-56.0275,-21.9938],[-56.0475,-21.9731],[-56.087,-21.8943],[-56.0554,-21.9018],[-56.0249,-21.884],[-55.9958,-21.8906],[-55.9901,-21.8375],[-55.9573,-21.8212],[-55.8941,-21.8115],[-55.9393,-21.8103],[-55.9301,-21.7424],[-55.9525,-21.6885],[-55.9035,-21.6583],[-55.8549,-21.6741],[-55.8295,-21.6634],[-55.8094,-21.617],[-55.7517,-21.6207],[-55.8153,-21.543],[-55.8013,-21.5153],[-55.8371,-21.4857],[-55.83,-21.4611],[-55.796,-21.457],[-55.7824,-21.4301],[-55.7309,-21.4579],[-55.6529,-21.4673],[-55.6826,-21.4289],[-55.6639,-21.4004],[-55.6952,-21.3419],[-55.6675,-21.2878],[-55.7037,-21.2525],[-55.6487,-21.2297],[-55.6181,-21.1376],[-55.6405,-21.0954],[-55.5685,-21.0726],[-55.5457,-21.0459],[-55.5248,-21.0868],[-55.494,-21.0754],[-55.5023,-21.0394],[-55.4861,-21.0224],[-55.4196,-21.0544],[-55.3625,-21.0344],[-55.3076,-21.0395],[-55.344,-20.9927],[-55.3948,-20.8957],[-55.4188,-20.8385],[-55.451,-20.8236],[-55.464,-20.7815],[-55.526,-20.7404],[-55.5269,-20.7042],[-55.5529,-20.6834],[-55.5857,-20.6083],[-55.5743,-20.521],[-55.5871,-20.5099]]]},"properties":{"ibge_code":"5003","name":"Corumbá","codarea":"5003","uf":"MS","uf_code":"50","macro_id":"5","macro_sigla":"CO"}},{"type":"Feature","geometry":{"type":"Polygon","coordinates":[[[-55.6039,-17.3667],[-55.6028,-17.3674],[-55.5907,-17.3522],[-55.531,-17.3283],[-55.4336,-17.3713],[-55.4196,-17.3586],[-55.3609,-17.3603],[-55.2799,-17.2953],[-55.2205,-17.2676],[-55.1479,-17.1907],[-55.1161,-17.1849],[-55.0791,-17.1341],[-55.0245,-17.1033],[-54.9894,-17.1166],[-54.9472,-17.1075],[-54.9341,-17.0856],[-54.8951,-17.0742],[-54.922,-17.0566],[-54.9325,-17.0157],[-54.9271,-16.9598],[-54.9322,-16.9042],[-54.8869,-16.836],[-54.9025,-16.8151],[-54.8979,-16.7771],[-54.9429,-16.7526],[-54.9567,-16.6846],[-54.9932,-16.6619],[-54.9577,-16.6253],[-54.9583,-16.5412],[-54.9365,-16.5349],[-54.9699,-16.4706],[-55.017,-16.5126],[-55.0476,-16.4515],[-55.0985,-16.4396],[-55.1576,-16.4425],[-55.2001,-16.4535],[-55.2553,-16.1726],[-55.285,-16.2176],[-55.2926,-16.262],[-55.3505,-16.317],[-55.4162,-16.3067],[-55.5191,-16.309],[-55.5184,-16.2601],[-55.4749,-16.1796],[-55.4382,-16.1625],[-55.3816,-16.1098],[-55.3699,-16.086],[-55.3714,-16.04],[-55.3933,-16.0025],[-55.4333,-15.9657],[-55.4196,-15.9311],[-55.3828,-15.883],[-55.3094,-15.8879],[-55.2484,-15.776],[-55.2421,-15.7406],[-55.2009,-15.7113],[-55.1301,-15.6883],[-55.0904,-15.6587],[-55.0843,-15.6101],[-55.0673,-15.6021],[-54.9767,-15.6272],[-54.9644,-15.604],[-54.9744,-15.5542],[-54.9561,-15.5309],[-54.9523,-15.4865],[-54.9028,-15.4965],[-54.7886,-15.4386],[-54.7539,-15.4288],[-54.7085,-15.394],[-54.6922,-15.4001],[-54.6253,-15.3751],[-54.5524,-15.3655],[-54.5501,-15.3313],[-54.5211,-15.2845],[-54.4868,-15.2561],[-54.5255,-15.2389],[-54.4565,-15.2057],[-54.4945,-15.1372],[-54.4428,-15.1021],[-54.4549,-15.0457],[-54.5036,-15.0359],[-54.5666,-14.9684],[-54.6199,-14.9813],[-54.697,-14.9528],[-54.6476,-14.9158],[-54.4983,-14.863],[-54.4966,-14.8418],[-54.5283,-14.7796],[-54.5064,-14.7839],[-54.4296,-14.76],[-54.4019,-14.7636],[-54.3375,-14.7328],[-54.3305,-14.6401],[-54.3756,-14.6285],[-54.3972,-14.5859],[-54.3987,-14.5318],[-54.4455,-14.5097],[-54.4499,-14.4846],[-54.55,-14.4764],[-54.5959,-14.3985],[-54.6355,-14.4062],[-54.6807,-14.377],[-54.7086,-14.3202],[-54.7722,-14.3215],[-54.815,-14.294],[-54.8089,-14.2648],[-54.8434,-14.2547],[-54.8753,-14.2115],[-54.9395,-14.2405],[-54.9841,-14.2241],[-55.0278,-14.2497],[-55.0687,-14.2054],[-55.1188,-14.2033],[-55.2009,-14.2178],[-55.2412,-14.2399],[-55.3071,-14.2426],[-55.3585,-14.1587],[-55.3821,-14.1437],[-55.4338,-14.1058],[-55.4456,-14.0797],[-55.5018,-14.0741],[-55.5511,-14.0218],[-55.6218,-14.0051],[-55.6648,-14.0174],[-55.7116,-14.0686],[-55.7126,-14.1148],[-55.7723,-14.1291],[-55.8584,-14.161],[-55.8584,-14.1781],[-55.9089,-14.1813],[-55.9492,-14.21],[-55.9708,-14.2038],[-56.0286,-14.223],[-56.0617,-14.1438],[-56.1389,-14.1602],[-56.1959,-14.1443],[-56.2019,-14.1665],[-56.2682,-14.126],[-56.2805,-14.09],[-56.3088,-14.0703],[-56.3021,-14.0467],[-56.331,-14.0004],[-56.3614,-13.9071],[-56.3803,-13.8695],[-56.4114,-13.8384],[-56.4015,-13.8279],[-56.4162,-13.7612],[-56.3831,-13.7165],[-56.3927,-13.6707],[-56.4247,-13.6133],[-56.4177,-13.5877],[-56.5073,-13.5325],[-56.5329,-13.497],[-56.5448,-13.4504],[-56.6115,-13.4001],[-56.6148,-13.3439],[-56.6459,-13.2819],[-56.6436,-13.2536],[-56.6889,-13.1927],[-56.7252,-13.1188],[-56.7407,-13.0347],[-56.7242,-13.0262],[-56.7399,-12.9547],[-56.7627,-12.8846],[-56.7524,-12.8678],[-56.7733,-12.8348],[-56.7989,-12.79],[-56.7979,-12.7596],[-56.8275,-12.7375],[-56.8449,-12.6807],[-56.903,-12.6299],[-56.8936,-12.6037],[-56.9014,-12.5627],[-56.9311,-12.5335],[-56.9531,-12.47],[-56.9423,-12.4271],[-56.9653,-12.375],[-56.9778,-12.3095],[-56.9562,-12.2992],[-57.0078,-12.2836],[-57.0421,-12.2513],[-57.0368,-12.23],[-57.1063,-12.0821],[-57.136,-12.0455],[-57.1449,-12.0067],[-57.1646,-11.9356],[-57.1883,-11.8907],[-57.1964,-11.8457],[-57.2366,-11.8251],[-57.2802,-11.7775],[-57.3153,-11.7542],[-57.3508,-11.7717],[-57.3707,-11.7091],[-57.4057,-11.7198],[-57.4154,-11.7417],[-57.3949,-11.793],[-57.3971,-11.8399],[-57.431,-11.8643],[-57.4367,-11.9094],[-57.4216,-11.9632],[-57.4241,-12.0073],[-57.4085,-12.0207],[-57.423,-12.0553],[-57.4095,-12.0959],[-57.4599,-12.0953],[-57.5223,-12.0814],[-57.5436,-12.0663],[-57.6149,-12.1017],[-57.6162,-12.1284],[-57.6496,-12.1382],[-57.6883,-12.1772],[-57.7341,-12.2093],[-57.7505,-12.1735],[-57.7773,-12.1716],[-57.8041,-12.1416],[-57.8297,-12.1463],[-57.8425,-12.1162],[-57.8798,-12.0949],[-57.8671,-12.0564],[-57.8715,-12.0054],[-57.8901,-11.9825],[-57.8876,-11.9376],[-57.9298,-11.9041],[-57.9287,-11.8793],[-57.9656,-11.8463],[-57.9752,-11.8076],[-58.0341,-11.7679],[-58.0525,-11.7373],[-58.0458,-11.7116],[-58.0766,-11.6897],[-58.0662,-11.6329],[-58.0929,-11.5794],[-58.1229,-11.5694],[-58.1406,-11.5142],[-58.172,-11.5123],[-58.1779,-11.4884],[-58.1398,-11.4548],[-58.1553,-11.4216],[-58.128,-11.3282],[-58.1273,-11.2868],[-58.1525,-11.2676],[-58.1841,-11.2891],[-58.1987,-11.2578],[-58.228,-11.2438],[-58.2352,-11.2174],[-58.2763,-11.1637],[-58.2487,-11.1282],[-58.2513,-11.0516],[-58.2875,-11.001],[-58.3432,-10.9509],[-58.3854,-10.9937],[-58.3836,-11.0223],[-58.3565,-11.0588],[-58.3399,-11.1755],[-58.3644,-11.1919],[-58.375,-11.2389],[-58.3771,-11.2614],[-58.3334,-11.2694],[-58.3457,-11.2963],[-58.3301,-11.3268],[-58.3412,-11.3589],[-58.3399,-11.4068],[-58.3252,-11.4489],[-58.3354,-11.502],[-58.3832,-11.5406],[-58.389,-11.6034],[-58.4186,-11.6181],[-58.3908,-11.7133],[-58.3894,-11.7739],[-58.4017,-11.8123],[-58.4335,-11.857],[-58.4331,-11.9108],[-58.4481,-11.9222],[-58.5,-11.9369],[-58.522,-11.9887],[-58.5608,-12.017],[-58.5814,-12.0119],[-58.6105,-12.0495],[-58.673,-12.0658],[-58.6836,-12.0955],[-58.7371,-12.1408],[-58.7881,-12.1581],[-58.8379,-12.2032],[-58.8692,-12.2134],[-58.876,-12.2583],[-58.8462,-12.3355],[-58.8632,-12.4613],[-58.9118,-12.5009],[-58.9084,-12.5306],[-58.9292,-12.5665],[-58.9311,-12.6415],[-58.9294,-12.6681],[-58.9522,-12.7095],[-58.9353,-12.7844],[-58.9297,-12.853],[-58.9152,-12.9173],[-58.9292,-12.964],[-58.9588,-12.9902],[-58.9673,-13.0219],[-58.96,-13.1264],[-59.0034,-13.1804],[-59.0374,-13.2429],[-59.0261,-13.2739],[-59.0335,-13.3188],[-59.0199,-13.3362],[-59.0168,-13.3876],[-58.9983,-13.4445],[-59.0303,-13.5009],[-59.0147,-13.5115],[-59.0359,-13.5534],[-59.0303,-13.6001],[-59.0157,-13.6109],[-59.0139,-13.612],[-59.0174,-13.7121],[-58.9906,-13.8002],[-58.9832,-13.8558],[-59.0008,-13.8669],[-59.019,-13.94],[-59.0456,-14],[-59.0378,-14.0573],[-59.0599,-14.0857],[-59.0696,-14.1733],[-59.0922,-14.1927],[-59.1041,-14.2305],[-59.0906,-14.2764],[-59.0565,-14.3158],[-59.0724,-14.4493],[-59.0723,-14.5252],[-59.0495,-14.5339],[-59.051,-14.5901],[-59.0372,-14.6309],[-59.0767,-14.6585],[-59.1077,-14.6614],[-59.0854,-14.6647],[-59.0534,-14.6524],[-58.9625,-14.5858],[-58.8661,-14.5989],[-58.7744,-14.6015],[-58.7567,-14.5937],[-58.7618,-14.6574],[-58.7751,-14.674],[-58.7623,-14.7196],[-58.8003,-14.7801],[-58.786,-14.8136],[-58.8283,-14.8756],[-58.8555,-14.9368],[-58.8542,-15.0001],[-58.7223,-15],[-58.7171,-14.9833],[-58.6738,-14.9628],[-58.6423,-14.9169],[-58.6418,-14.8778],[-58.619,-14.8281],[-58.5431,-14.7466],[-58.5193,-14.7393],[-58.4801,-14.6835],[-58.3928,-14.7098],[-58.4039,-14.739],[-58.3722,-14.7524],[-58.3624,-14.7832],[-58.2979,-14.8042],[-58.258,-14.7749],[-58.228,-14.77],[-58.2142,-14.8004],[-58.2456,-14.8733],[-58.2355,-14.9123],[-58.1279,-14.8898],[-58.0602,-14.9239],[-58.0583,-14.9575],[-58.0177,-15.0002],[-57.7309,-15.0002],[-57.7009,-15.0275],[-57.689,-15.0818],[-57.6675,-15.1142],[-57.6769,-15.1358],[-57.6259,-15.1744],[-57.5988,-15.303],[-57.6041,-15.3269],[-57.5722,-15.4058],[-57.5196,-15.4634],[-57.508,-15.51],[-57.4854,-15.5696],[-57.497,-15.6472],[-57.4849,-15.6587],[-57.5172,-15.7168],[-57.514,-15.7495],[-57.4508,-15.7548],[-57.4062,-15.7195],[-57.3494,-15.7252],[-57.3074,-15.7778],[-57.3122,-15.81],[-57.272,-15.8333],[-57.2512,-15.7948],[-57.2248,-15.8509],[-57.0087,-15.7415],[-57.0075,-15.8037],[-57.0784,-15.8808],[-57.0905,-15.9183],[-57.1311,-15.9823],[-57.1535,-16.0008],[-57.1455,-16.039],[-57.1166,-16.0575],[-57.1099,-16.099],[-57.1257,-16.1404],[-57.0958,-16.1742],[-57.0717,-16.2679],[-57.0845,-16.3374],[-57.0756,-16.4194],[-57.1512,-16.4347],[-57.1865,-16.4744],[-57.188,-16.5278],[-57.2397,-16.5459],[-57.2651,-16.5778],[-57.331,-16.6152],[-57.4029,-16.6382],[-57.3956,-16.679],[-57.405,-16.7371],[-57.3634,-16.823],[-57.384,-16.8783],[-57.4057,-16.8751],[-57.4323,-16.9206],[-57.3946,-16.9739],[-57.3782,-17.0208],[-57.3982,-17.0603],[-57.3682,-17.1134],[-57.368,-17.1539],[-57.3346,-17.2072],[-57.3489,-17.2463],[-57.3313,-17.2842],[-57.3376,-17.3587],[-57.4264,-17.4187],[-57.4354,-17.4464],[-57.4797,-17.4797],[-57.477,-17.5038],[-57.5008,-17.5356],[-57.5449,-17.5635],[-57.6071,-17.583],[-57.6313,-17.6183],[-57.6778,-17.605],[-57.6927,-17.627],[-57.6718,-17.6641],[-57.6846,-17.7165],[-57.6231,-17.7364],[-57.6093,-17.7975],[-57.531,-17.8391],[-57.5164,-17.8628],[-57.4853,-17.8622],[-57.4603,-17.8999],[-57.4263,-17.8564],[-57.3501,-17.8371],[-57.3114,-17.8178],[-57.2648,-17.8203],[-57.2252,-17.7828],[-57.1015,-17.7722],[-57.0753,-17.7368],[-57.0478,-17.7325],[-57.0334,-17.6947],[-56.9882,-17.6593],[-56.9647,-17.6217],[-56.9735,-17.5804],[-56.9096,-17.5325],[-56.876,-17.533],[-56.846,-17.4806],[-56.8244,-17.4231],[-56.8287,-17.39],[-56.786,-17.3875],[-56.7578,-17.3267],[-56.7233,-17.3085],[-56.6832,-17.3166],[-56.6725,-17.3346],[-56.551,-17.3229],[-56.4992,-17.2896],[-56.4509,-17.3264],[-56.3889,-17.3019],[-56.3607,-17.2808],[-56.3359,-17.2899],[-56.2513,-17.219],[-56.213,-17.2259],[-56.1845,-17.1946],[-56.1288,-17.1794],[-56.0441,-17.1714],[-56.0161,-17.1902],[-56.012,-17.2367],[-55.9602,-17.2502],[-55.8866,-17.2848],[-55.7612,-17.3235],[-55.7197,-17.3489],[-55.6581,-17.3391],[-55.6487,-17.3583],[-55.6039,-17.3667]]]},"properties":{"ibge_code":"5101","name":"Cuiabá","codarea":"5101","uf":"MT","uf_code":"51","macro_id":"5","macro_sigla":"CO"}},{"type":"Feature","geometry":{"type":"Polygon","coordinates":[[[-51.4195,-14.9904],[-51.3499,-14.9903],[-51.3413,-14.9805],[-51.3387,-14.9751],[-51.3331,-14.9701],[-51.3071,-14.981],[-51.295,-15.0302],[-51.2759,-15.0438],[-51.216,-15.022],[-51.157,-14.9856],[-51.1449,-14.9434],[-51.1028,-14.9265],[-51.099,-14.9253],[-51.0871,-14.9213],[-51.0924,-14.8945],[-51.093,-14.8879],[-51.0896,-14.8402],[-51.0448,-14.7928],[-51.0532,-14.7389],[-51.0301,-14.7097],[-51.0267,-14.6594],[-50.9928,-14.6125],[-50.9937,-14.5701],[-50.9642,-14.5283],[-50.968,-14.482],[-50.989,-14.4536],[-50.9979,-14.4138],[-50.9873,-14.3577],[-50.9693,-14.3358],[-50.977,-14.2935],[-50.8987,-14.1149],[-50.8518,-14.1176],[-50.8415,-14.1043],[-50.8313,-14.0828],[-50.8562,-14.0193],[-50.8658,-13.9598],[-50.8402,-13.9237],[-50.8406,-13.8638],[-50.8591,-13.8287],[-50.8553,-13.7574],[-50.8739,-13.7345],[-50.8088,-13.6974],[-50.7716,-13.6045],[-50.759,-13.5203],[-50.7148,-13.4915],[-50.6835,-13.4452],[-50.6639,-13.435],[-50.6695,-13.3952],[-50.6111,-13.3202],[-50.585,-13.2153],[-50.6047,-13.1915],[-50.5946,-13.0967],[-50.6103,-13.0648],[-50.5708,-13.0342],[-50.5873,-12.9985],[-50.5488,-12.9928],[-50.5237,-12.9712],[-50.511,-12.8609],[-50.5131,-12.8446],[-50.567,-12.8434],[-50.6254,-12.8],[-50.623,-12.7346],[-50.6548,-12.6792],[-50.6562,-12.646],[-50.6839,-12.6481],[-50.7013,-12.6435],[-50.7001,-12.5951],[-50.6623,-12.5323],[-50.6471,-12.4855],[-50.6236,-12.4553],[-50.6337,-12.4139],[-50.6269,-12.384],[-50.6446,-12.3459],[-50.6489,-12.2991],[-50.6323,-12.2686],[-50.6814,-12.2169],[-50.6676,-12.0646],[-50.6871,-12.0356],[-50.6822,-11.9909],[-50.6568,-11.9668],[-50.668,-11.9301],[-50.6393,-11.8846],[-50.6863,-11.859],[-50.691,-11.8172],[-50.722,-11.7397],[-50.7173,-11.7274],[-50.6637,-11.6775],[-50.6575,-11.5928],[-50.6701,-11.5816],[-50.716,-11.579],[-50.7389,-11.5445],[-50.7421,-11.4603],[-50.7285,-11.3826],[-50.6999,-11.3131],[-50.6713,-11.2867],[-50.6547,-11.215],[-50.6645,-11.1516],[-50.6095,-11.0674],[-50.6326,-10.9319],[-50.6008,-10.9007],[-50.619,-10.8641],[-50.6122,-10.8103],[-50.5969,-10.8047],[-50.5706,-10.7525],[-50.6035,-10.6609],[-50.6033,-10.6598],[-50.5632,-10.6113],[-50.5414,-10.6093],[-50.5197,-10.5625],[-50.5168,-10.5055],[-50.4826,-10.49],[-50.4868,-10.462],[-50.4737,-10.4049],[-50.4483,-10.3916],[-50.4181,-10.3546],[-50.4231,-10.3274],[-50.382,-10.2121],[-50.3983,-10.1555],[-50.3778,-10.1107],[-50.3398,-10.0609],[-50.3026,-10.0354],[-50.2779,-9.9708],[-50.2655,-9.9127],[-50.2248,-9.8412],[-50.5006,-9.824],[-50.846,-9.8006],[-51.3043,-9.7729],[-51.7243,-9.7446],[-52.2567,-9.7077],[-52.6193,-9.6823],[-52.6301,-9.731],[-52.657,-9.7819],[-52.7101,-9.8062],[-52.7282,-9.803],[-52.776,-9.8325],[-52.7987,-9.8804],[-52.8602,-9.922],[-52.8879,-9.9573],[-52.8998,-9.9968],[-52.9192,-10.0037],[-52.9794,-10.0561],[-52.9957,-10.0844],[-53.0033,-10.133],[-52.979,-10.1704],[-52.9777,-10.2275],[-52.9543,-10.2736],[-52.9589,-10.3025],[-52.9834,-10.3163],[-53.0214,-10.3228],[-53.0459,-10.3642],[-53.0661,-10.4571],[-53.083,-10.4998],[-53.0857,-10.57],[-53.0533,-10.5859],[-53.0524,-10.6096],[-53.0933,-10.6532],[-53.0843,-10.7105],[-53.0984,-10.7777],[-53.1228,-10.8305],[-53.1631,-10.8589],[-53.238,-10.8714],[-53.2989,-10.9295],[-53.318,-10.9577],[-53.3159,-11.0004],[-53.2855,-11.038],[-53.2852,-11.0827],[-53.267,-11.0908],[-53.2421,-11.148],[-53.2448,-11.2111],[-53.2604,-11.229],[-53.2512,-11.2639],[-53.3108,-11.3122],[-53.3783,-11.3913],[-53.4004,-11.4359],[-53.4393,-11.4316],[-53.4419,-11.4646],[-53.5169,-11.5445],[-53.5473,-11.5681],[-53.5406,-11.5982],[-53.5716,-11.6159],[-53.5699,-11.6536],[-53.6084,-11.7437],[-53.5873,-11.8255],[-53.5875,-11.8602],[-53.5474,-11.9366],[-53.5476,-11.9486],[-53.5233,-11.9953],[-53.5536,-12.089],[-53.5926,-12.1331],[-53.6017,-12.2119],[-53.6445,-12.2424],[-53.7282,-12.4015],[-53.7733,-12.4261],[-53.7976,-12.4713],[-53.7949,-12.5292],[-53.7744,-12.5504],[-53.7945,-12.5941],[-53.8051,-12.6624],[-53.8462,-12.7184],[-53.8352,-12.7807],[-53.8639,-12.8235],[-53.8922,-12.8428],[-53.8967,-12.8859],[-53.933,-12.9143],[-53.9335,-12.948],[-53.9657,-12.9731],[-53.9963,-13.0142],[-53.9766,-13.0662],[-53.983,-13.1042],[-54.005,-13.1342],[-54.0064,-13.1353],[-54.01,-13.2114],[-54.0249,-13.2462],[-54.0067,-13.2935],[-54.0071,-13.328],[-54.0254,-13.375],[-54.02,-13.4296],[-54.0358,-13.5085],[-54.0314,-13.5352],[-54.0469,-13.5744],[-54.0535,-13.6564],[-54.0871,-13.7009],[-54.0777,-13.7217],[-54.0705,-13.8143],[-54.0431,-13.7961],[-53.9861,-13.788],[-53.9604,-13.7972],[-53.9266,-13.7766],[-53.9175,-13.7425],[-53.8863,-13.7322],[-53.8156,-13.6486],[-53.7828,-13.5901],[-53.7145,-13.5643],[-53.6828,-13.5203],[-53.6566,-13.4605],[-53.639,-13.4673],[-53.6326,-13.5076],[-53.6488,-13.5523],[-53.6519,-13.6],[-53.7056,-13.6755],[-53.6989,-13.7072],[-53.721,-13.7316],[-53.6998,-13.7665],[-53.6566,-13.7602],[-53.6128,-13.7793],[-53.5664,-13.7621],[-53.5068,-13.7213],[-53.4694,-13.653],[-53.4204,-13.6535],[-53.407,-13.6817],[-53.3527,-13.7155],[-53.2858,-13.7208],[-53.2888,-13.7457],[-53.2506,-13.7718],[-53.224,-13.7749],[-53.2491,-13.8001],[-53.2579,-13.8823],[-53.2821,-13.9057],[-53.2995,-13.9577],[-53.3272,-14.0034],[-53.3461,-14.002],[-53.3622,-14.0873],[-53.3656,-14.1394],[-53.4004,-14.1838],[-53.4195,-14.2299],[-53.4552,-14.2647],[-53.4633,-14.3146],[-53.452,-14.3514],[-53.4672,-14.4035],[-53.4419,-14.4444],[-53.4435,-14.4782],[-53.4071,-14.4822],[-53.3882,-14.5266],[-53.3509,-14.5786],[-53.3783,-14.6935],[-53.4012,-14.7257],[-53.3517,-14.7569],[-53.3595,-14.7882],[-53.2917,-14.8628],[-53.5218,-14.9564],[-53.5668,-14.9608],[-53.633,-15.0455],[-53.6786,-15.0761],[-53.7342,-15.133],[-53.762,-15.1208],[-53.7975,-15.1305],[-53.8586,-15.1047],[-53.8696,-15.0865],[-53.9248,-15.0832],[-53.9408,-15.1099],[-53.9403,-15.1669],[-53.9272,-15.1828],[-53.9443,-15.2434],[-53.899,-15.2612],[-53.8742,-15.2486],[-53.8227,-15.2614],[-53.733,-15.3433],[-53.7538,-15.3622],[-53.8051,-15.3709],[-53.8135,-15.4091],[-53.8433,-15.4326],[-53.882,-15.4852],[-53.9101,-15.4927],[-53.9169,-15.5865],[-53.9377,-15.6149],[-53.8983,-15.6714],[-53.9127,-15.6944],[-53.8843,-15.7231],[-53.8901,-15.7516],[-53.8464,-15.8337],[-53.8018,-15.8485],[-53.7661,-15.8854],[-53.7475,-15.8634],[-53.7813,-15.8153],[-53.7682,-15.7775],[-53.775,-15.7199],[-53.7525,-15.7121],[-53.6856,-15.7241],[-53.6296,-15.7177],[-53.5734,-15.6819],[-53.5666,-15.6512],[-53.5158,-15.6407],[-53.4972,-15.5952],[-53.4444,-15.5737],[-53.3635,-15.5784],[-53.2613,-15.5944],[-53.2416,-15.6259],[-53.195,-15.6381],[-53.1919,-15.6655],[-53.1622,-15.6957],[-53.1544,-15.724],[-53.11,-15.7453],[-53.0951,-15.728],[-53.0412,-15.7378],[-53.0273,-15.8281],[-53.0332,-15.8602],[-53.0675,-15.8822],[-53.0779,-15.9098],[-53.0566,-15.9605],[-53.0487,-16.0188],[-53.0719,-16.0471],[-53.0401,-16.0845],[-52.9812,-16.1333],[-52.9785,-16.1446],[-53.0745,-16.1952],[-53.1007,-16.193],[-53.1385,-16.2209],[-53.1677,-16.2624],[-53.1498,-16.345],[-53.1483,-16.393],[-53.1917,-16.4177],[-53.2109,-16.4559],[-53.2045,-16.4933],[-53.1655,-16.5366],[-53.1473,-16.5859],[-53.1164,-16.583],[-53.0835,-16.6235],[-53.0902,-16.6664],[-53.0631,-16.695],[-52.9583,-16.7701],[-52.914,-16.8127],[-52.8851,-16.777],[-52.8324,-16.7722],[-52.7857,-16.7144],[-52.7616,-16.7068],[-52.759,-16.6711],[-52.726,-16.6145],[-52.7328,-16.5859],[-52.7032,-16.5963],[-52.6756,-16.5855],[-52.6257,-16.5322],[-52.6294,-16.5178],[-52.6061,-16.486],[-52.641,-16.4157],[-52.6745,-16.4124],[-52.6927,-16.3664],[-52.6812,-16.3017],[-52.6592,-16.2807],[-52.546,-16.2597],[-52.5492,-16.165],[-52.4717,-16.1267],[-52.361,-16.0816],[-52.3285,-16.0704],[-52.3108,-16.007],[-52.2898,-15.9646],[-52.2569,-15.9309],[-52.2543,-15.8937],[-52.1949,-15.8809],[-52.1276,-15.895],[-52.1112,-15.8829],[-52.0095,-15.8858],[-51.9721,-15.8381],[-51.9485,-15.8101],[-51.8803,-15.8243],[-51.8233,-15.7314],[-51.7679,-15.6536],[-51.754,-15.615],[-51.7556,-15.5574],[-51.7256,-15.5441],[-51.7319,-15.504],[-51.699,-15.4849],[-51.7093,-15.4616],[-51.696,-15.4059],[-51.6695,-15.3744],[-51.6915,-15.3249],[-51.6772,-15.2876],[-51.6507,-15.2731],[-51.6682,-15.2322],[-51.6474,-15.1735],[-51.6061,-15.1623],[-51.5341,-15.0652],[-51.462,-15.048],[-51.4305,-15.0098],[-51.3682,-15.0096],[-51.3531,-14.9939],[-51.4195,-14.9904]]]},"properties":{"ibge_code":"5104","name":"Barra do Garças","codarea":"5104","uf":"MT","uf_code":"51","macro_id":"5","macro_sigla":"CO"}},{"type":"Feature","geometry":{"type":"Polygon","coordinates":[[[-56.2723,-9.4008],[-56.6719,-9.3674],[-56.7084,-9.3732],[-56.7543,-9.4064],[-56.7723,-9.391],[-56.7755,-9.3295],[-56.8201,-9.2463],[-56.9417,-9.2293],[-56.9955,-9.2338],[-57.0598,-9.1824],[-57.0604,-9.1371],[-57.0392,-9.0983],[-57.0946,-9.0171],[-57.1383,-8.9946],[-57.2038,-8.9208],[-57.2355,-8.9074],[-57.2895,-8.9158],[-57.3179,-8.8857],[-57.3844,-8.8796],[-57.4162,-8.859],[-57.4175,-8.7926],[-57.4635,-8.7847],[-57.523,-8.7497],[-57.5624,-8.7613],[-57.5929,-8.7565],[-57.5936,-8.7074],[-57.6053,-8.6628],[-57.6226,-8.645],[-57.6222,-8.5912],[-57.6505,-8.5534],[-57.6334,-8.5268],[-57.6591,-8.5004],[-57.6518,-8.4788],[-57.6831,-8.4301],[-57.6866,-8.407],[-57.6678,-8.3639],[-57.6802,-8.3269],[-57.6417,-8.2199],[-57.6729,-8.1726],[-57.7187,-8.1512],[-57.7325,-8.0892],[-57.7765,-8.0522],[-57.8319,-7.9615],[-57.835,-7.8814],[-57.8796,-7.7819],[-57.8967,-7.6779],[-57.9344,-7.6568],[-57.9521,-7.5801],[-58.0022,-7.4881],[-58.0398,-7.4463],[-58.0614,-7.3952],[-58.1214,-7.3518],[-58.1371,-7.3561],[-58.1734,-7.3944],[-58.2131,-7.4585],[-58.2227,-7.524],[-58.2022,-7.6209],[-58.2398,-7.6536],[-58.276,-7.6997],[-58.3004,-7.7775],[-58.3782,-7.8274],[-58.3751,-7.899],[-58.355,-7.944],[-58.3315,-7.9688],[-58.3217,-8.025],[-58.2931,-8.0709],[-58.2902,-8.1356],[-58.3225,-8.17],[-58.3129,-8.2091],[-58.3281,-8.2858],[-58.3149,-8.3231],[-58.3448,-8.3407],[-58.3546,-8.3928],[-58.3902,-8.439],[-58.4178,-8.4895],[-58.4051,-8.5376],[-58.4105,-8.5704],[-58.3895,-8.5948],[-58.4373,-8.7034],[-58.412,-8.7206],[-58.3759,-8.7037],[-58.3284,-8.7122],[-58.388,-8.7748],[-58.4419,-8.7987],[-58.9628,-8.8028],[-59.1274,-8.8033],[-59.4814,-8.8033],[-60.0005,-8.8009],[-60.4202,-8.7966],[-60.8352,-8.7981],[-61.3104,-8.7985],[-61.5831,-8.7987],[-61.5137,-8.837],[-61.5125,-8.8606],[-61.4692,-8.9201],[-61.5057,-8.9662],[-61.5558,-9.0924],[-61.5554,-9.1315],[-61.5236,-9.179],[-61.5249,-9.2429],[-61.5684,-9.2371],[-61.5996,-9.256],[-61.6162,-9.3268],[-61.6279,-9.3516],[-61.5589,-9.3855],[-61.5567,-9.4356],[-61.5817,-9.4591],[-61.5491,-9.5125],[-61.508,-9.5405],[-61.4965,-9.5744],[-61.4969,-9.6241],[-61.477,-9.6299],[-61.5021,-9.6828],[-61.5324,-9.7118],[-61.5746,-9.7178],[-61.5315,-9.7399],[-61.5462,-9.7848],[-61.5249,-9.7957],[-61.5079,-9.8611],[-61.525,-9.9066],[-61.5228,-9.9467],[-61.5402,-10.0002],[-61.5717,-10.0465],[-61.6012,-10.1501],[-61.5578,-10.1823],[-61.574,-10.209],[-61.5767,-10.2486],[-61.5301,-10.3333],[-61.5017,-10.3538],[-61.5031,-10.3759],[-61.4618,-10.4199],[-61.4808,-10.4877],[-61.4762,-10.6077],[-61.4845,-10.6738],[-61.4994,-10.6986],[-61.4764,-10.7225],[-61.4796,-10.7877],[-61.5053,-10.7848],[-61.509,-10.8322],[-61.5251,-10.8558],[-61.5205,-10.9194],[-61.5301,-10.979],[-61.5503,-10.9861],[-61.429,-10.9875],[-61.0006,-10.9922],[-61.0006,-10.9884],[-60.4601,-10.9899],[-60.4297,-11.0375],[-60.4115,-11.0468],[-60.3916,-11.0938],[-60.35,-11.1083],[-60.342,-11.0826],[-60.3012,-11.0572],[-60.2808,-11.0915],[-60.1915,-11.1141],[-60.1764,-11.0988],[-60.075,-11.105],[-59.995,-11.1482],[-59.9797,-11.2395],[-59.9595,-11.2947],[-59.9271,-11.3113],[-59.9172,-11.3384],[-59.9206,-11.398],[-59.9344,-11.4237],[-59.9762,-11.4392],[-59.9854,-11.4693],[-60.0313,-11.497],[-60.0575,-11.5421],[-60.0942,-11.5628],[-60.1149,-11.5915],[-60.1099,-11.6155],[-60.1224,-11.6824],[-60.1124,-11.7593],[-60.0969,-11.7953],[-60.1034,-11.8192],[-60.0885,-11.8626],[-60.0659,-11.8908],[-60.0069,-11.8947],[-59.9842,-11.9148],[-59.987,-11.9601],[-59.9714,-11.9699],[-59.962,-12.0564],[-59.9293,-12.0785],[-59.8998,-12.1172],[-59.8996,-12.1663],[-59.9108,-12.1865],[-59.8868,-12.2451],[-59.7794,-12.3415],[-59.6393,-12.3049],[-59.5977,-12.3136],[-59.5575,-12.2975],[-59.4979,-12.2997],[-59.4735,-12.291],[-59.3511,-12.2806],[-59.273,-12.2901],[-59.2286,-12.3049],[-59.1708,-12.3675],[-59.1284,-12.3539],[-59.1051,-12.3061],[-59.0476,-12.2587],[-58.9636,-12.2235],[-58.8692,-12.2134],[-58.8379,-12.2032],[-58.7881,-12.1581],[-58.7371,-12.1408],[-58.6836,-12.0955],[-58.673,-12.0658],[-58.6105,-12.0495],[-58.5814,-12.0119],[-58.5608,-12.017],[-58.522,-11.9887],[-58.5,-11.9369],[-58.4481,-11.9222],[-58.4331,-11.9108],[-58.4335,-11.857],[-58.4017,-11.8123],[-58.3894,-11.7739],[-58.3908,-11.7133],[-58.4186,-11.6181],[-58.389,-11.6034],[-58.3832,-11.5406],[-58.3354,-11.502],[-58.3252,-11.4489],[-58.3399,-11.4068],[-58.3412,-11.3589],[-58.3301,-11.3268],[-58.3457,-11.2963],[-58.3334,-11.2694],[-58.3771,-11.2614],[-58.375,-11.2389],[-58.3644,-11.1919],[-58.3399,-11.1755],[-58.3565,-11.0588],[-58.3836,-11.0223],[-58.3854,-10.9937],[-58.3432,-10.9509],[-58.2875,-11.001],[-58.2513,-11.0516],[-58.2487,-11.1282],[-58.2763,-11.1637],[-58.2352,-11.2174],[-58.228,-11.2438],[-58.1987,-11.2578],[-58.1841,-11.2891],[-58.1525,-11.2676],[-58.1273,-11.2868],[-58.128,-11.3282],[-58.1553,-11.4216],[-58.1398,-11.4548],[-58.1779,-11.4884],[-58.172,-11.5123],[-58.1406,-11.5142],[-58.1229,-11.5694],[-58.0929,-11.5794],[-58.0662,-11.6329],[-58.0766,-11.6897],[-58.0458,-11.7116],[-58.0525,-11.7373],[-58.0341,-11.7679],[-57.9752,-11.8076],[-57.9656,-11.8463],[-57.9287,-11.8793],[-57.9298,-11.9041],[-57.8876,-11.9376],[-57.8901,-11.9825],[-57.8715,-12.0054],[-57.8671,-12.0564],[-57.8798,-12.0949],[-57.8425,-12.1162],[-57.8297,-12.1463],[-57.8041,-12.1416],[-57.7773,-12.1716],[-57.7505,-12.1735],[-57.7341,-12.2093],[-57.6883,-12.1772],[-57.6496,-12.1382],[-57.6162,-12.1284],[-57.6149,-12.1017],[-57.5436,-12.0663],[-57.5223,-12.0814],[-57.4599,-12.0953],[-57.4095,-12.0959],[-57.423,-12.0553],[-57.4085,-12.0207],[-57.4241,-12.0073],[-57.4216,-11.9632],[-57.4367,-11.9094],[-57.431,-11.8643],[-57.3971,-11.8399],[-57.3949,-11.793],[-57.4154,-11.7417],[-57.4057,-11.7198],[-57.3707,-11.7091],[-57.3508,-11.7717],[-57.3153,-11.7542],[-57.2802,-11.7775],[-57.2366,-11.8251],[-57.1964,-11.8457],[-57.1883,-11.8907],[-57.1646,-11.9356],[-57.1449,-12.0067],[-57.136,-12.0455],[-57.1063,-12.0821],[-57.0368,-12.23],[-57.0421,-12.2513],[-57.0078,-12.2836],[-56.9562,-12.2992],[-56.9778,-12.3095],[-56.9653,-12.375],[-56.9423,-12.4271],[-56.9531,-12.47],[-56.9311,-12.5335],[-56.9014,-12.5627],[-56.8936,-12.6037],[-56.903,-12.6299],[-56.8449,-12.6807],[-56.8275,-12.7375],[-56.7979,-12.7596],[-56.7989,-12.79],[-56.7733,-12.8348],[-56.7524,-12.8678],[-56.7627,-12.8846],[-56.7399,-12.9547],[-56.7242,-13.0262],[-56.7407,-13.0347],[-56.7252,-13.1188],[-56.6889,-13.1927],[-56.6436,-13.2536],[-56.6459,-13.2819],[-56.6148,-13.3439],[-56.6115,-13.4001],[-56.5448,-13.4504],[-56.5329,-13.497],[-56.5073,-13.5325],[-56.4177,-13.5877],[-56.4247,-13.6133],[-56.3927,-13.6707],[-56.3831,-13.7165],[-56.4162,-13.7612],[-56.4015,-13.8279],[-56.4114,-13.8384],[-56.3803,-13.8695],[-56.3614,-13.9071],[-56.331,-14.0004],[-56.3021,-14.0467],[-56.3088,-14.0703],[-56.2805,-14.09],[-56.2682,-14.126],[-56.2019,-14.1665],[-56.1959,-14.1443],[-56.1389,-14.1602],[-56.0617,-14.1438],[-56.0286,-14.223],[-55.9708,-14.2038],[-55.9492,-14.21],[-55.9089,-14.1813],[-55.8584,-14.1781],[-55.8584,-14.161],[-55.7723,-14.1291],[-55.7126,-14.1148],[-55.7116,-14.0686],[-55.6648,-14.0174],[-55.6218,-14.0051],[-55.5511,-14.0218],[-55.5018,-14.0741],[-55.4456,-14.0797],[-55.4338,-14.1058],[-55.3821,-14.1437],[-55.3585,-14.1587],[-55.3071,-14.2426],[-55.2412,-14.2399],[-55.2009,-14.2178],[-55.1188,-14.2033],[-55.0687,-14.2054],[-55.0278,-14.2497],[-54.9841,-14.2241],[-54.9395,-14.2405],[-54.8753,-14.2115],[-54.8706,-14.1683],[-54.8912,-14.1505],[-54.8995,-14.1089],[-54.9268,-14.0916],[-54.9111,-13.9658],[-54.9487,-13.9544],[-54.9751,-13.9269],[-54.9625,-13.8953],[-54.9987,-13.851],[-54.9963,-13.8231],[-55.0183,-13.8053],[-55.046,-13.7502],[-55.0737,-13.741],[-55.1001,-13.6989],[-54.7576,-13.8718],[-54.6957,-13.8216],[-54.6633,-13.8141],[-54.6434,-13.7904],[-54.6709,-13.7286],[-54.6624,-13.7009],[-54.678,-13.6281],[-54.6539,-13.5825],[-54.6683,-13.5117],[-54.6457,-13.4917],[-54.6537,-13.4659],[-54.6283,-13.4062],[-54.6069,-13.3923],[-54.5695,-13.3425],[-54.5541,-13.3389],[-54.5326,-13.2623],[-54.4726,-13.2351],[-54.4224,-13.0805],[-54.4011,-13.0617],[-54.4066,-13.0065],[-54.3546,-12.9536],[-54.3272,-12.854],[-54.3298,-12.8041],[-54.3462,-12.7704],[-54.342,-12.7177],[-54.3208,-12.6787],[-54.3243,-12.6461],[-54.2988,-12.592],[-54.2719,-12.5573],[-54.2181,-12.5349],[-54.1765,-12.4719],[-54.1746,-12.4371],[-54.1563,-12.392],[-54.0592,-12.2948],[-53.9875,-12.2501],[-53.9695,-12.2133],[-53.9023,-12.2405],[-53.8811,-12.2329],[-53.8395,-12.1909],[-53.7892,-12.1238],[-53.7884,-12.1208],[-53.7824,-12.0942],[-53.7516,-12.0677],[-53.6565,-12.0403],[-53.6281,-11.9776],[-53.6013,-11.9605],[-53.5476,-11.9486],[-53.5474,-11.9366],[-53.5875,-11.8602],[-53.5873,-11.8255],[-53.6084,-11.7437],[-53.5699,-11.6536],[-53.5716,-11.6159],[-53.5406,-11.5982],[-53.5473,-11.5681],[-53.5169,-11.5445],[-53.4419,-11.4646],[-53.4393,-11.4316],[-53.4004,-11.4359],[-53.3783,-11.3913],[-53.3108,-11.3122],[-53.2512,-11.2639],[-53.2604,-11.229],[-53.2448,-11.2111],[-53.2421,-11.148],[-53.267,-11.0908],[-53.2852,-11.0827],[-53.2855,-11.038],[-53.3159,-11.0004],[-53.318,-10.9577],[-53.2989,-10.9295],[-53.238,-10.8714],[-53.1631,-10.8589],[-53.1228,-10.8305],[-53.0984,-10.7777],[-53.0843,-10.7105],[-53.0933,-10.6532],[-53.0524,-10.6096],[-53.0533,-10.5859],[-53.0857,-10.57],[-53.083,-10.4998],[-53.0661,-10.4571],[-53.0459,-10.3642],[-53.0214,-10.3228],[-52.9834,-10.3163],[-52.9589,-10.3025],[-52.9543,-10.2736],[-52.9777,-10.2275],[-52.979,-10.1704],[-53.0033,-10.133],[-52.9957,-10.0844],[-52.9794,-10.0561],[-52.9192,-10.0037],[-52.8998,-9.9968],[-52.8879,-9.9573],[-52.8602,-9.922],[-52.7987,-9.8804],[-52.776,-9.8325],[-52.7282,-9.803],[-52.7101,-9.8062],[-52.657,-9.7819],[-52.6301,-9.731],[-52.6193,-9.6823],[-53.1334,-9.6452],[-53.5891,-9.611],[-54.1068,-9.5719],[-54.6135,-9.5358],[-54.9956,-9.5053],[-55.3779,-9.4743],[-55.8672,-9.4343],[-56.1565,-9.4104],[-56.2723,-9.4008]]]},"properties":{"ibge_code":"5103","name":"Sinop","codarea":"5103","uf":"MT","uf_code":"51","macro_id":"5","macro_sigla":"CO"}},{"type":"Feature","geometry":{"type":"Polygon","coordinates":[[[-53.4039,-17.9926],[-53.3808,-18.0088],[-53.2919,-17.9959],[-53.2378,-18.0074],[-53.1743,-18.0416],[-53.0723,-18.034],[-53.0713,-17.9659],[-53.1251,-17.9175],[-53.1317,-17.8423],[-53.16,-17.7749],[-53.2019,-17.7261],[-53.2338,-17.713],[-53.2485,-17.6273],[-53.2404,-17.6],[-53.242,-17.5042],[-53.2236,-17.4583],[-53.2314,-17.4404],[-53.1972,-17.3783],[-53.2092,-17.316],[-53.1551,-17.1866],[-53.1282,-17.1549],[-53.1107,-17.1081],[-53.055,-17.0644],[-53.0638,-17.0165],[-53.0545,-16.9684],[-53.035,-16.9425],[-53.0141,-16.8643],[-52.9717,-16.8697],[-52.9291,-16.8376],[-52.914,-16.8127],[-52.9583,-16.7701],[-53.0631,-16.695],[-53.0902,-16.6664],[-53.0835,-16.6235],[-53.1164,-16.583],[-53.1473,-16.5859],[-53.1655,-16.5366],[-53.2045,-16.4933],[-53.2109,-16.4559],[-53.1917,-16.4177],[-53.1483,-16.393],[-53.1498,-16.345],[-53.1677,-16.2624],[-53.1385,-16.2209],[-53.1007,-16.193],[-53.0745,-16.1952],[-52.9785,-16.1446],[-52.9812,-16.1333],[-53.0401,-16.0845],[-53.0719,-16.0471],[-53.0487,-16.0188],[-53.0566,-15.9605],[-53.0779,-15.9098],[-53.0675,-15.8822],[-53.0332,-15.8602],[-53.0273,-15.8281],[-53.0412,-15.7378],[-53.0951,-15.728],[-53.11,-15.7453],[-53.1544,-15.724],[-53.1622,-15.6957],[-53.1919,-15.6655],[-53.195,-15.6381],[-53.2416,-15.6259],[-53.2613,-15.5944],[-53.3635,-15.5784],[-53.4444,-15.5737],[-53.4972,-15.5952],[-53.5158,-15.6407],[-53.5666,-15.6512],[-53.5734,-15.6819],[-53.6296,-15.7177],[-53.6856,-15.7241],[-53.7525,-15.7121],[-53.775,-15.7199],[-53.7682,-15.7775],[-53.7813,-15.8153],[-53.7475,-15.8634],[-53.7661,-15.8854],[-53.8018,-15.8485],[-53.8464,-15.8337],[-53.8901,-15.7516],[-53.8843,-15.7231],[-53.9127,-15.6944],[-53.8983,-15.6714],[-53.9377,-15.6149],[-53.9169,-15.5865],[-53.9101,-15.4927],[-53.882,-15.4852],[-53.8433,-15.4326],[-53.8135,-15.4091],[-53.8051,-15.3709],[-53.7538,-15.3622],[-53.733,-15.3433],[-53.8227,-15.2614],[-53.8742,-15.2486],[-53.899,-15.2612],[-53.9443,-15.2434],[-53.9272,-15.1828],[-53.9403,-15.1669],[-53.9408,-15.1099],[-53.9248,-15.0832],[-53.8696,-15.0865],[-53.8586,-15.1047],[-53.7975,-15.1305],[-53.762,-15.1208],[-53.7342,-15.133],[-53.6786,-15.0761],[-53.633,-15.0455],[-53.5668,-14.9608],[-53.5218,-14.9564],[-53.2917,-14.8628],[-53.3595,-14.7882],[-53.3517,-14.7569],[-53.4012,-14.7257],[-53.3783,-14.6935],[-53.3509,-14.5786],[-53.3882,-14.5266],[-53.4071,-14.4822],[-53.4435,-14.4782],[-53.4419,-14.4444],[-53.4672,-14.4035],[-53.452,-14.3514],[-53.4633,-14.3146],[-53.4552,-14.2647],[-53.4195,-14.2299],[-53.4004,-14.1838],[-53.3656,-14.1394],[-53.3622,-14.0873],[-53.3461,-14.002],[-53.3272,-14.0034],[-53.2995,-13.9577],[-53.2821,-13.9057],[-53.2579,-13.8823],[-53.2491,-13.8001],[-53.224,-13.7749],[-53.2506,-13.7718],[-53.2888,-13.7457],[-53.2858,-13.7208],[-53.3527,-13.7155],[-53.407,-13.6817],[-53.4204,-13.6535],[-53.4694,-13.653],[-53.5068,-13.7213],[-53.5664,-13.7621],[-53.6128,-13.7793],[-53.6566,-13.7602],[-53.6998,-13.7665],[-53.721,-13.7316],[-53.6989,-13.7072],[-53.7056,-13.6755],[-53.6519,-13.6],[-53.6488,-13.5523],[-53.6326,-13.5076],[-53.639,-13.4673],[-53.6566,-13.4605],[-53.6828,-13.5203],[-53.7145,-13.5643],[-53.7828,-13.5901],[-53.8156,-13.6486],[-53.8863,-13.7322],[-53.9175,-13.7425],[-53.9266,-13.7766],[-53.9604,-13.7972],[-53.9861,-13.788],[-54.0431,-13.7961],[-54.0705,-13.8143],[-54.0777,-13.7217],[-54.0871,-13.7009],[-54.0535,-13.6564],[-54.0469,-13.5744],[-54.0314,-13.5352],[-54.0358,-13.5085],[-54.02,-13.4296],[-54.0254,-13.375],[-54.0071,-13.328],[-54.0067,-13.2935],[-54.0249,-13.2462],[-54.01,-13.2114],[-54.0064,-13.1353],[-54.005,-13.1342],[-53.983,-13.1042],[-53.9766,-13.0662],[-53.9963,-13.0142],[-53.9657,-12.9731],[-53.9335,-12.948],[-53.933,-12.9143],[-53.8967,-12.8859],[-53.8922,-12.8428],[-53.8639,-12.8235],[-53.8352,-12.7807],[-53.8462,-12.7184],[-53.8051,-12.6624],[-53.7945,-12.5941],[-53.7744,-12.5504],[-53.7949,-12.5292],[-53.7976,-12.4713],[-53.7733,-12.4261],[-53.7282,-12.4015],[-53.6445,-12.2424],[-53.6017,-12.2119],[-53.5926,-12.1331],[-53.5536,-12.089],[-53.5233,-11.9953],[-53.5476,-11.9486],[-53.6013,-11.9605],[-53.6281,-11.9776],[-53.6565,-12.0403],[-53.7516,-12.0677],[-53.7824,-12.0942],[-53.7884,-12.1208],[-53.7892,-12.1238],[-53.8395,-12.1909],[-53.8811,-12.2329],[-53.9023,-12.2405],[-53.9695,-12.2133],[-53.9875,-12.2501],[-54.0592,-12.2948],[-54.1563,-12.392],[-54.1746,-12.4371],[-54.1765,-12.4719],[-54.2181,-12.5349],[-54.2719,-12.5573],[-54.2988,-12.592],[-54.3243,-12.6461],[-54.3208,-12.6787],[-54.342,-12.7177],[-54.3462,-12.7704],[-54.3298,-12.8041],[-54.3272,-12.854],[-54.3546,-12.9536],[-54.4066,-13.0065],[-54.4011,-13.0617],[-54.4224,-13.0805],[-54.4726,-13.2351],[-54.5326,-13.2623],[-54.5541,-13.3389],[-54.5695,-13.3425],[-54.6069,-13.3923],[-54.6283,-13.4062],[-54.6537,-13.4659],[-54.6457,-13.4917],[-54.6683,-13.5117],[-54.6539,-13.5825],[-54.678,-13.6281],[-54.6624,-13.7009],[-54.6709,-13.7286],[-54.6434,-13.7904],[-54.6633,-13.8141],[-54.6957,-13.8216],[-54.7576,-13.8718],[-55.1001,-13.6989],[-55.0737,-13.741],[-55.046,-13.7502],[-55.0183,-13.8053],[-54.9963,-13.8231],[-54.9987,-13.851],[-54.9625,-13.8953],[-54.9751,-13.9269],[-54.9487,-13.9544],[-54.9111,-13.9658],[-54.9268,-14.0916],[-54.8995,-14.1089],[-54.8912,-14.1505],[-54.8706,-14.1683],[-54.8753,-14.2115],[-54.8434,-14.2547],[-54.8089,-14.2648],[-54.815,-14.294],[-54.7722,-14.3215],[-54.7086,-14.3202],[-54.6807,-14.377],[-54.6355,-14.4062],[-54.5959,-14.3985],[-54.55,-14.4764],[-54.4499,-14.4846],[-54.4455,-14.5097],[-54.3987,-14.5318],[-54.3972,-14.5859],[-54.3756,-14.6285],[-54.3305,-14.6401],[-54.3375,-14.7328],[-54.4019,-14.7636],[-54.4296,-14.76],[-54.5064,-14.7839],[-54.5283,-14.7796],[-54.4966,-14.8418],[-54.4983,-14.863],[-54.6476,-14.9158],[-54.697,-14.9528],[-54.6199,-14.9813],[-54.5666,-14.9684],[-54.5036,-15.0359],[-54.4549,-15.0457],[-54.4428,-15.1021],[-54.4945,-15.1372],[-54.4565,-15.2057],[-54.5255,-15.2389],[-54.4868,-15.2561],[-54.5211,-15.2845],[-54.5501,-15.3313],[-54.5524,-15.3655],[-54.6253,-15.3751],[-54.6922,-15.4001],[-54.7085,-15.394],[-54.7539,-15.4288],[-54.7886,-15.4386],[-54.9028,-15.4965],[-54.9523,-15.4865],[-54.9561,-15.5309],[-54.9744,-15.5542],[-54.9644,-15.604],[-54.9767,-15.6272],[-55.0673,-15.6021],[-55.0843,-15.6101],[-55.0904,-15.6587],[-55.1301,-15.6883],[-55.2009,-15.7113],[-55.2421,-15.7406],[-55.2484,-15.776],[-55.3094,-15.8879],[-55.3828,-15.883],[-55.4196,-15.9311],[-55.4333,-15.9657],[-55.3933,-16.0025],[-55.3714,-16.04],[-55.3699,-16.086],[-55.3816,-16.1098],[-55.4382,-16.1625],[-55.4749,-16.1796],[-55.5184,-16.2601],[-55.5191,-16.309],[-55.4162,-16.3067],[-55.3505,-16.317],[-55.2926,-16.262],[-55.285,-16.2176],[-55.2553,-16.1726],[-55.2001,-16.4535],[-55.1576,-16.4425],[-55.0985,-16.4396],[-55.0476,-16.4515],[-55.017,-16.5126],[-54.9699,-16.4706],[-54.9365,-16.5349],[-54.9583,-16.5412],[-54.9577,-16.6253],[-54.9932,-16.6619],[-54.9567,-16.6846],[-54.9429,-16.7526],[-54.8979,-16.7771],[-54.9025,-16.8151],[-54.8869,-16.836],[-54.9322,-16.9042],[-54.9271,-16.9598],[-54.9325,-17.0157],[-54.922,-17.0566],[-54.8951,-17.0742],[-54.9341,-17.0856],[-54.9472,-17.1075],[-54.9894,-17.1166],[-55.0245,-17.1033],[-55.0791,-17.1341],[-55.1161,-17.1849],[-55.1479,-17.1907],[-55.2205,-17.2676],[-55.2799,-17.2953],[-55.3609,-17.3603],[-55.4196,-17.3586],[-55.4336,-17.3713],[-55.531,-17.3283],[-55.5907,-17.3522],[-55.6028,-17.3674],[-55.5838,-17.3828],[-55.5886,-17.4138],[-55.515,-17.4836],[-55.483,-17.4787],[-55.4327,-17.5117],[-55.4052,-17.5124],[-55.3316,-17.5493],[-55.2997,-17.5412],[-55.2631,-17.5648],[-55.2524,-17.5923],[-55.139,-17.6478],[-55.1371,-17.6502],[-55.0726,-17.6316],[-55.0473,-17.6403],[-54.9434,-17.609],[-54.8609,-17.6239],[-54.825,-17.6097],[-54.8008,-17.5826],[-54.7588,-17.5657],[-54.7469,-17.5199],[-54.6361,-17.4957],[-54.5703,-17.4734],[-54.5023,-17.4807],[-54.4742,-17.498],[-54.4687,-17.5272],[-54.4263,-17.537],[-54.392,-17.5706],[-54.3771,-17.6074],[-54.3878,-17.6319],[-54.3434,-17.6556],[-54.3024,-17.6617],[-54.1916,-17.6056],[-54.1342,-17.6187],[-54.0847,-17.619],[-54.0516,-17.5628],[-54.0581,-17.5131],[-54.0233,-17.4771],[-53.9731,-17.4722],[-53.9311,-17.4395],[-53.8694,-17.3692],[-53.8313,-17.355],[-53.8201,-17.2946],[-53.7857,-17.2875],[-53.7628,-17.2466],[-53.7051,-17.2282],[-53.6801,-17.2541],[-53.7039,-17.6613],[-53.7572,-17.6728],[-53.7988,-17.6705],[-53.8559,-17.7027],[-53.8884,-17.749],[-53.9132,-17.808],[-53.9412,-17.8402],[-53.9557,-17.883],[-53.9517,-17.9158],[-53.8986,-17.9088],[-53.8542,-17.9258],[-53.7742,-18.0008],[-53.7367,-17.9949],[-53.6927,-18.0069],[-53.652,-17.9763],[-53.6162,-17.9787],[-53.5901,-18.0097],[-53.4679,-18.0349],[-53.435,-17.9846],[-53.4039,-17.9926]]]},"properties":{"ibge_code":"5105","name":"Rondonópolis","codarea":"5105","uf":"MT","uf_code":"51","macro_id":"5","macro_sigla":"CO"}},{"type":"Feature","geometry":{"type":"Polygon","coordinates":[[[-57.7523,-17.5645],[-57.7401,-17.5363],[-57.7121,-17.5431],[-57.6927,-17.627],[-57.6778,-17.605],[-57.6313,-17.6183],[-57.6071,-17.583],[-57.5449,-17.5635],[-57.5008,-17.5356],[-57.477,-17.5038],[-57.4797,-17.4797],[-57.4354,-17.4464],[-57.4264,-17.4187],[-57.3376,-17.3587],[-57.3313,-17.2842],[-57.3489,-17.2463],[-57.3346,-17.2072],[-57.368,-17.1539],[-57.3682,-17.1134],[-57.3982,-17.0603],[-57.3782,-17.0208],[-57.3946,-16.9739],[-57.4323,-16.9206],[-57.4057,-16.8751],[-57.384,-16.8783],[-57.3634,-16.823],[-57.405,-16.7371],[-57.3956,-16.679],[-57.4029,-16.6382],[-57.331,-16.6152],[-57.2651,-16.5778],[-57.2397,-16.5459],[-57.188,-16.5278],[-57.1865,-16.4744],[-57.1512,-16.4347],[-57.0756,-16.4194],[-57.0845,-16.3374],[-57.0717,-16.2679],[-57.0958,-16.1742],[-57.1257,-16.1404],[-57.1099,-16.099],[-57.1166,-16.0575],[-57.1455,-16.039],[-57.1535,-16.0008],[-57.1311,-15.9823],[-57.0905,-15.9183],[-57.0784,-15.8808],[-57.0075,-15.8037],[-57.0087,-15.7415],[-57.2248,-15.8509],[-57.2512,-15.7948],[-57.272,-15.8333],[-57.3122,-15.81],[-57.3074,-15.7778],[-57.3494,-15.7252],[-57.4062,-15.7195],[-57.4508,-15.7548],[-57.514,-15.7495],[-57.5172,-15.7168],[-57.4849,-15.6587],[-57.497,-15.6472],[-57.4854,-15.5696],[-57.508,-15.51],[-57.5196,-15.4634],[-57.5722,-15.4058],[-57.6041,-15.3269],[-57.5988,-15.303],[-57.6259,-15.1744],[-57.6769,-15.1358],[-57.6675,-15.1142],[-57.689,-15.0818],[-57.7009,-15.0275],[-57.7309,-15.0002],[-58.0177,-15.0002],[-58.0583,-14.9575],[-58.0602,-14.9239],[-58.1279,-14.8898],[-58.2355,-14.9123],[-58.2456,-14.8733],[-58.2142,-14.8004],[-58.228,-14.77],[-58.258,-14.7749],[-58.2979,-14.8042],[-58.3624,-14.7832],[-58.3722,-14.7524],[-58.4039,-14.739],[-58.3928,-14.7098],[-58.4801,-14.6835],[-58.5193,-14.7393],[-58.5431,-14.7466],[-58.619,-14.8281],[-58.6418,-14.8778],[-58.6423,-14.9169],[-58.6738,-14.9628],[-58.7171,-14.9833],[-58.7223,-15],[-58.8542,-15.0001],[-58.8555,-14.9368],[-58.8283,-14.8756],[-58.786,-14.8136],[-58.8003,-14.7801],[-58.7623,-14.7196],[-58.7751,-14.674],[-58.7618,-14.6574],[-58.7567,-14.5937],[-58.7744,-14.6015],[-58.8661,-14.5989],[-58.9625,-14.5858],[-59.0534,-14.6524],[-59.0854,-14.6647],[-59.1077,-14.6614],[-59.0767,-14.6585],[-59.0372,-14.6309],[-59.051,-14.5901],[-59.0495,-14.5339],[-59.0723,-14.5252],[-59.0724,-14.4493],[-59.0565,-14.3158],[-59.0906,-14.2764],[-59.1041,-14.2305],[-59.0922,-14.1927],[-59.0696,-14.1733],[-59.0599,-14.0857],[-59.0378,-14.0573],[-59.0456,-14],[-59.019,-13.94],[-59.0008,-13.8669],[-58.9832,-13.8558],[-58.9906,-13.8002],[-59.0174,-13.7121],[-59.0139,-13.612],[-59.0157,-13.6109],[-59.0303,-13.6001],[-59.0359,-13.5534],[-59.0147,-13.5115],[-59.0303,-13.5009],[-58.9983,-13.4445],[-59.0168,-13.3876],[-59.0199,-13.3362],[-59.0335,-13.3188],[-59.0261,-13.2739],[-59.0374,-13.2429],[-59.0034,-13.1804],[-58.96,-13.1264],[-58.9673,-13.0219],[-58.9588,-12.9902],[-58.9292,-12.964],[-58.9152,-12.9173],[-58.9297,-12.853],[-58.9353,-12.7844],[-58.9522,-12.7095],[-58.9294,-12.6681],[-58.9311,-12.6415],[-58.9292,-12.5665],[-58.9084,-12.5306],[-58.9118,-12.5009],[-58.8632,-12.4613],[-58.8462,-12.3355],[-58.876,-12.2583],[-58.8692,-12.2134],[-58.9636,-12.2235],[-59.0476,-12.2587],[-59.1051,-12.3061],[-59.1284,-12.3539],[-59.1708,-12.3675],[-59.2286,-12.3049],[-59.273,-12.2901],[-59.3511,-12.2806],[-59.4735,-12.291],[-59.4979,-12.2997],[-59.5575,-12.2975],[-59.5977,-12.3136],[-59.6393,-12.3049],[-59.7794,-12.3415],[-59.8193,-12.3787],[-59.8425,-12.4248],[-59.8442,-12.4672],[-59.8982,-12.5016],[-59.8961,-12.5364],[-59.9477,-12.5993],[-59.9816,-12.5921],[-60.0289,-12.6186],[-60.0598,-12.6642],[-60.056,-12.7049],[-60.0748,-12.7345],[-60.0625,-12.7574],[-60.0656,-12.8107],[-60.0828,-12.8526],[-60.0791,-12.8811],[-60.1015,-12.9134],[-60.1172,-12.9596],[-60.1833,-12.9676],[-60.2844,-13.0848],[-60.2685,-13.145],[-60.3038,-13.1784],[-60.3332,-13.258],[-60.3716,-13.3186],[-60.3796,-13.3752],[-60.3732,-13.4123],[-60.3879,-13.4547],[-60.4304,-13.482],[-60.5109,-13.5036],[-60.5358,-13.5373],[-60.5777,-13.5652],[-60.6241,-13.5691],[-60.686,-13.6252],[-60.7139,-13.676],[-60.7093,-13.693],[-60.6462,-13.7387],[-60.6235,-13.7195],[-60.5694,-13.7687],[-60.5319,-13.7716],[-60.4869,-13.819],[-60.4685,-13.8562],[-60.4509,-13.9268],[-60.4294,-13.9423],[-60.4155,-13.9804],[-60.3831,-13.9929],[-60.4415,-14.0787],[-60.4806,-14.0958],[-60.4742,-14.191],[-60.4496,-14.2501],[-60.4664,-14.2641],[-60.4536,-14.3141],[-60.4061,-14.3597],[-60.4065,-14.3987],[-60.379,-14.4645],[-60.3396,-14.5104],[-60.3231,-14.6105],[-60.2736,-14.621],[-60.245,-15.0975],[-60.5757,-15.0975],[-60.2395,-15.4746],[-60.2127,-15.8023],[-60.1741,-16.2669],[-59.7052,-16.2753],[-59.4692,-16.2796],[-59.2681,-16.288],[-58.7857,-16.308],[-58.4306,-16.3227],[-58.4001,-16.3036],[-58.3887,-16.2614],[-58.3273,-16.2705],[-58.304,-16.3091],[-58.3073,-16.3707],[-58.346,-16.393],[-58.3564,-16.426],[-58.335,-16.4787],[-58.3441,-16.5184],[-58.4362,-16.5929],[-58.4631,-16.6532],[-58.4728,-16.7489],[-58.4657,-16.7775],[-58.4786,-16.8142],[-58.4645,-16.8354],[-58.4605,-16.9014],[-58.4768,-16.9367],[-58.4319,-16.9917],[-58.4005,-16.9978],[-58.392,-17.0401],[-58.3989,-17.184],[-58.3677,-17.1991],[-58.3466,-17.2341],[-58.2762,-17.3051],[-58.2645,-17.3451],[-58.2201,-17.3602],[-58.1981,-17.3861],[-58.1532,-17.3836],[-58.1207,-17.4476],[-58.0914,-17.4609],[-58.0601,-17.4507],[-58.0434,-17.4927],[-57.9964,-17.5156],[-57.8834,-17.4495],[-57.7523,-17.5645]]]},"properties":{"ibge_code":"5102","name":"Cáceres","codarea":"5102","uf":"MT","uf_code":"51","macro_id":"5","macro_sigla":"CO"}},{"type":"Feature","geometry":{"type":"Polygon","coordinates":[[[-50.2462,-16.349],[-50.2258,-16.3621],[-50.2265,-16.4037],[-50.1821,-16.4214],[-50.1662,-16.4656],[-50.1716,-16.4828],[-50.1292,-16.5011],[-50.098,-16.4924],[-50.0139,-16.5065],[-49.9832,-16.5606],[-49.9297,-16.5343],[-49.8422,-16.5142],[-49.8304,-16.5194],[-49.7967,-16.5174],[-49.7637,-16.5639],[-49.7298,-16.5801],[-49.6951,-16.522],[-49.6399,-16.5428],[-49.6023,-16.5686],[-49.6331,-16.593],[-49.6538,-16.6309],[-49.6563,-16.6625],[-49.6872,-16.671],[-49.6899,-16.692],[-49.6398,-16.7711],[-49.6352,-16.8057],[-49.5986,-16.8023],[-49.6095,-16.8419],[-49.6638,-16.8756],[-49.6843,-16.8741],[-49.7331,-16.9022],[-49.7253,-16.9333],[-49.7487,-16.945],[-49.742,-16.9568],[-49.7482,-17.0071],[-49.7266,-17.0671],[-49.7012,-17.0853],[-49.6881,-17.1269],[-49.6581,-17.1552],[-49.6578,-17.1812],[-49.6207,-17.2288],[-49.5033,-17.151],[-49.4896,-17.161],[-49.457,-17.1502],[-49.4073,-17.161],[-49.3203,-17.1295],[-49.2675,-17.0945],[-49.2245,-17.0825],[-49.1933,-17.1357],[-49.1758,-17.1196],[-49.1096,-17.1355],[-49.1212,-17.1059],[-49.0843,-17.0606],[-49.055,-17.053],[-49.0139,-17.0676],[-48.9824,-17.0924],[-48.9231,-17.0589],[-48.8611,-17.0485],[-48.8427,-17.0669],[-48.8004,-17.1799],[-48.7047,-17.1598],[-48.6619,-17.1775],[-48.6379,-17.1654],[-48.6022,-17.1306],[-48.5729,-17.1293],[-48.5777,-17.1619],[-48.6074,-17.222],[-48.7043,-17.2376],[-48.7546,-17.2792],[-48.7946,-17.3537],[-48.8081,-17.4122],[-48.8007,-17.4322],[-48.7551,-17.4819],[-48.7029,-17.4969],[-48.6158,-17.475],[-48.5224,-17.4799],[-48.4988,-17.5551],[-48.5024,-17.5717],[-48.4664,-17.6018],[-48.4537,-17.6857],[-48.4628,-17.714],[-48.4924,-17.7111],[-48.5199,-17.7536],[-48.5125,-17.7874],[-48.5431,-17.7933],[-48.5582,-17.8218],[-48.5134,-17.8503],[-48.5123,-17.8805],[-48.4697,-17.8638],[-48.4519,-17.8387],[-48.412,-17.8561],[-48.3882,-17.9385],[-48.3143,-17.943],[-48.319,-17.9865],[-48.2973,-18.0347],[-48.3353,-18.0796],[-48.3969,-18.128],[-48.3357,-18.2059],[-48.3202,-18.2499],[-48.3077,-18.2842],[-48.3561,-18.3221],[-48.3418,-18.3708],[-48.3181,-18.3671],[-48.2718,-18.3294],[-48.2272,-18.346],[-48.2215,-18.362],[-48.1594,-18.3755],[-48.1465,-18.4095],[-48.0941,-18.431],[-48.0475,-18.4176],[-48.027,-18.4361],[-47.9967,-18.4535],[-47.9546,-18.5],[-47.9143,-18.4666],[-47.8879,-18.4772],[-47.8646,-18.4491],[-47.8605,-18.4402],[-47.8297,-18.4113],[-47.7695,-18.4183],[-47.737,-18.3626],[-47.694,-18.375],[-47.6797,-18.3561],[-47.6102,-18.3157],[-47.6328,-18.2916],[-47.607,-18.2462],[-47.5675,-18.2111],[-47.5395,-18.2169],[-47.497,-18.199],[-47.4511,-18.1595],[-47.4298,-18.1652],[-47.4079,-18.1419],[-47.37,-18.116],[-47.3243,-18.0698],[-47.2834,-18.0408],[-47.323,-17.9835],[-47.3418,-17.9002],[-47.3567,-17.8941],[-47.3547,-17.8151],[-47.317,-17.7252],[-47.314,-17.6998],[-47.2725,-17.674],[-47.279,-17.6427],[-47.2648,-17.6114],[-47.3131,-17.5434],[-47.3254,-17.5238],[-47.3747,-17.5235],[-47.4004,-17.5118],[-47.4669,-17.534],[-47.5089,-17.5012],[-47.5133,-17.4632],[-47.5366,-17.4571],[-47.5246,-17.4119],[-47.5108,-17.3261],[-47.5383,-17.2324],[-47.5982,-17.1659],[-47.6382,-17.1449],[-47.665,-17.0882],[-47.6937,-17.0777],[-47.7187,-17.0329],[-47.6989,-16.9996],[-47.6845,-16.9411],[-47.6915,-16.9075],[-47.7336,-16.9291],[-47.7723,-16.9184],[-47.8321,-16.9246],[-47.8925,-16.9181],[-47.9216,-16.9832],[-47.9181,-17.0039],[-48.0028,-16.9506],[-48.0342,-16.9224],[-48.065,-16.9327],[-48.0874,-16.8931],[-48.0765,-16.841],[-48.0799,-16.7855],[-48.1053,-16.7474],[-48.1946,-16.7338],[-48.1855,-16.7069],[-48.1951,-16.6425],[-48.2407,-16.5772],[-48.2699,-16.4892],[-48.3093,-16.4518],[-48.3416,-16.4441],[-48.3582,-16.4141],[-48.4012,-16.3841],[-48.4011,-16.3267],[-48.3743,-16.3096],[-48.3236,-16.3182],[-48.3291,-16.2603],[-48.3631,-16.2416],[-48.3722,-16.199],[-48.3533,-16.1805],[-48.3503,-16.1188],[-48.3692,-16.0723],[-48.3719,-15.9975],[-48.4082,-15.9771],[-48.4225,-15.9482],[-48.4179,-15.9134],[-48.4546,-15.8903],[-48.4621,-15.8296],[-48.524,-15.8138],[-48.576,-15.764],[-48.6226,-15.7533],[-48.6674,-15.7684],[-48.6967,-15.8149],[-48.6694,-15.8359],[-48.6746,-15.862],[-48.7179,-15.8651],[-48.7625,-15.8548],[-48.7832,-15.8196],[-48.836,-15.8324],[-48.8564,-15.8016],[-48.8367,-15.8033],[-48.8168,-15.7494],[-48.8363,-15.7256],[-48.8085,-15.6674],[-48.829,-15.6248],[-48.7918,-15.5854],[-48.7921,-15.5547],[-48.8308,-15.5425],[-48.814,-15.5176],[-48.8953,-15.5228],[-48.9175,-15.5311],[-48.9574,-15.5114],[-48.9932,-15.5375],[-49.0304,-15.5405],[-49.0811,-15.5113],[-49.1286,-15.5733],[-49.1865,-15.6022],[-49.2116,-15.5672],[-49.2388,-15.5537],[-49.2216,-15.4831],[-49.2822,-15.4379],[-49.3396,-15.4915],[-49.352,-15.5003],[-49.4314,-15.495],[-49.4557,-15.5337],[-49.5043,-15.5161],[-49.526,-15.4746],[-49.5442,-15.468],[-49.5686,-15.4777],[-49.5552,-15.6369],[-49.6457,-15.7104],[-49.6433,-15.7379],[-49.6788,-15.7783],[-49.6895,-15.8271],[-49.693,-15.8061],[-49.6851,-15.7641],[-49.696,-15.7223],[-49.7466,-15.6646],[-49.7002,-15.6143],[-49.6928,-15.5539],[-49.7323,-15.5263],[-49.7721,-15.5463],[-49.8106,-15.5323],[-49.8572,-15.5322],[-49.8887,-15.508],[-49.8866,-15.4811],[-49.8599,-15.4495],[-49.8624,-15.4136],[-49.9152,-15.3832],[-49.9079,-15.37],[-49.9377,-15.3574],[-49.9773,-15.372],[-50.0171,-15.3599],[-50.1125,-15.37],[-50.1351,-15.398],[-50.0862,-15.2477],[-50.0658,-15.2286],[-50.0392,-15.1977],[-50.0562,-15.1826],[-50.037,-15.1489],[-50.0539,-15.123],[-50.1094,-15.1217],[-50.1277,-15.0812],[-50.1544,-15.0798],[-50.1853,-15.0374],[-50.2374,-15.0136],[-50.2433,-14.9702],[-50.2926,-14.9429],[-50.3148,-14.9441],[-50.3039,-14.8977],[-50.3343,-14.873],[-50.362,-14.8114],[-50.4077,-14.8014],[-50.4453,-14.7242],[-50.4229,-14.7355],[-50.3333,-14.724],[-50.3026,-14.7393],[-50.2746,-14.7321],[-50.2347,-14.6492],[-50.2391,-14.6194],[-50.2948,-14.5819],[-50.2691,-14.5427],[-50.2775,-14.5117],[-50.3022,-14.4982],[-50.3009,-14.4434],[-50.3292,-14.4063],[-50.3547,-14.3536],[-50.1435,-14.1258],[-50.1477,-14.0495],[-50.1605,-14.001],[-50.2856,-13.9942],[-50.3449,-13.9671],[-50.3838,-13.8801],[-50.3708,-13.853],[-50.423,-13.8246],[-50.4415,-13.7714],[-50.4747,-13.7105],[-50.4585,-13.6939],[-50.4591,-13.5889],[-50.4689,-13.5628],[-50.4978,-13.5514],[-50.5315,-13.4994],[-50.5202,-13.4636],[-50.545,-13.4579],[-50.5778,-13.3864],[-50.609,-13.3541],[-50.6111,-13.3202],[-50.6695,-13.3952],[-50.6639,-13.435],[-50.6835,-13.4452],[-50.7148,-13.4915],[-50.759,-13.5203],[-50.7716,-13.6045],[-50.8088,-13.6974],[-50.8739,-13.7345],[-50.8553,-13.7574],[-50.8591,-13.8287],[-50.8406,-13.8638],[-50.8402,-13.9237],[-50.8658,-13.9598],[-50.8562,-14.0193],[-50.8313,-14.0828],[-50.8415,-14.1043],[-50.8518,-14.1176],[-50.8987,-14.1149],[-50.977,-14.2935],[-50.9693,-14.3358],[-50.9873,-14.3577],[-50.9979,-14.4138],[-50.989,-14.4536],[-50.968,-14.482],[-50.9642,-14.5283],[-50.9937,-14.5701],[-50.9928,-14.6125],[-51.0267,-14.6594],[-51.0301,-14.7097],[-51.0532,-14.7389],[-51.0448,-14.7928],[-51.0896,-14.8402],[-51.093,-14.8879],[-51.0924,-14.8945],[-51.0871,-14.9213],[-51.099,-14.9253],[-51.1028,-14.9265],[-51.1449,-14.9434],[-51.157,-14.9856],[-51.216,-15.022],[-51.2759,-15.0438],[-51.295,-15.0302],[-51.3071,-14.981],[-51.3387,-14.9751],[-51.3413,-14.9805],[-51.3474,-14.9877],[-51.3531,-14.9939],[-51.3682,-15.0096],[-51.4305,-15.0098],[-51.462,-15.048],[-51.5341,-15.0652],[-51.6061,-15.1623],[-51.6474,-15.1735],[-51.6682,-15.2322],[-51.6507,-15.2731],[-51.6772,-15.2876],[-51.6915,-15.3249],[-51.6695,-15.3744],[-51.696,-15.4059],[-51.7093,-15.4616],[-51.699,-15.4849],[-51.6489,-15.5079],[-51.6442,-15.5539],[-51.6168,-15.5863],[-51.5939,-15.5878],[-51.5819,-15.6473],[-51.5683,-15.6584],[-51.574,-15.7062],[-51.5353,-15.717],[-51.5385,-15.7653],[-51.5279,-15.8116],[-51.4976,-15.8099],[-51.4335,-15.8455],[-51.4326,-15.8716],[-51.3776,-15.9307],[-51.3471,-15.9283],[-51.2579,-15.9694],[-51.2339,-15.9447],[-51.0341,-15.9879],[-50.9865,-16.0302],[-50.9627,-16.0133],[-50.8872,-16.0423],[-50.8724,-16.0117],[-50.8153,-16.0226],[-50.7963,-16.001],[-50.7985,-16.0287],[-50.8237,-16.0702],[-50.8081,-16.0889],[-50.6793,-16.1113],[-50.6536,-16.1086],[-50.5951,-16.2329],[-50.5585,-16.2],[-50.4892,-16.1481],[-50.4783,-16.1201],[-50.44,-16.114],[-50.4212,-16.0884],[-50.355,-16.0782],[-50.3791,-16.1011],[-50.3698,-16.1422],[-50.311,-16.16],[-50.2802,-16.1578],[-50.2596,-16.1784],[-50.2115,-16.2585],[-50.2196,-16.3066],[-50.2138,-16.3419],[-50.2462,-16.349]]]},"properties":{"ibge_code":"5201","name":"Goiânia","codarea":"5201","uf":"GO","uf_code":"52","macro_id":"5","macro_sigla":"CO"}},{"type":"Feature","geometry":{"type":"Polygon","coordinates":[[[-50.1501,-17.6008],[-50.1759,-17.6753],[-50.2042,-17.7164],[-50.1937,-17.7419],[-50.2087,-17.771],[-50.1506,-17.8074],[-50.0871,-17.785],[-50.0659,-17.7654],[-50.0657,-17.732],[-50.0264,-17.7097],[-50.0033,-17.6599],[-49.9808,-17.6648],[-49.9568,-17.6278],[-49.9247,-17.6059],[-49.9073,-17.5885],[-49.8883,-17.5291],[-49.8523,-17.4992],[-49.7991,-17.4849],[-49.7757,-17.4566],[-49.727,-17.4607],[-49.7312,-17.4131],[-49.7472,-17.3779],[-49.7407,-17.3409],[-49.7551,-17.32],[-49.7973,-17.32],[-49.7949,-17.2679],[-49.7703,-17.2244],[-49.71,-17.1927],[-49.6583,-17.2546],[-49.6456,-17.302],[-49.6193,-17.292],[-49.6207,-17.2288],[-49.6578,-17.1812],[-49.6581,-17.1552],[-49.6881,-17.1269],[-49.7012,-17.0853],[-49.7266,-17.0671],[-49.7482,-17.0071],[-49.742,-16.9568],[-49.7487,-16.945],[-49.7253,-16.9333],[-49.7331,-16.9022],[-49.6843,-16.8741],[-49.6638,-16.8756],[-49.6095,-16.8419],[-49.5986,-16.8023],[-49.6352,-16.8057],[-49.6398,-16.7711],[-49.6899,-16.692],[-49.6872,-16.671],[-49.6563,-16.6625],[-49.6538,-16.6309],[-49.6331,-16.593],[-49.6023,-16.5686],[-49.6399,-16.5428],[-49.6951,-16.522],[-49.7298,-16.5801],[-49.7637,-16.5639],[-49.7967,-16.5174],[-49.8304,-16.5194],[-49.8422,-16.5142],[-49.9297,-16.5343],[-49.9832,-16.5606],[-50.0139,-16.5065],[-50.098,-16.4924],[-50.1292,-16.5011],[-50.1716,-16.4828],[-50.1662,-16.4656],[-50.1821,-16.4214],[-50.2265,-16.4037],[-50.2258,-16.3621],[-50.2462,-16.349],[-50.2138,-16.3419],[-50.2196,-16.3066],[-50.2115,-16.2585],[-50.2596,-16.1784],[-50.2802,-16.1578],[-50.311,-16.16],[-50.3698,-16.1422],[-50.3791,-16.1011],[-50.355,-16.0782],[-50.4212,-16.0884],[-50.44,-16.114],[-50.4783,-16.1201],[-50.4892,-16.1481],[-50.5585,-16.2],[-50.5951,-16.2329],[-50.6536,-16.1086],[-50.6793,-16.1113],[-50.8081,-16.0889],[-50.8237,-16.0702],[-50.7985,-16.0287],[-50.7963,-16.001],[-50.8153,-16.0226],[-50.8724,-16.0117],[-50.8872,-16.0423],[-50.9627,-16.0133],[-50.9865,-16.0302],[-51.0341,-15.9879],[-51.2339,-15.9447],[-51.2579,-15.9694],[-51.3471,-15.9283],[-51.3776,-15.9307],[-51.4326,-15.8716],[-51.4335,-15.8455],[-51.4976,-15.8099],[-51.5279,-15.8116],[-51.5385,-15.7653],[-51.5353,-15.717],[-51.574,-15.7062],[-51.5683,-15.6584],[-51.5819,-15.6473],[-51.5939,-15.5878],[-51.6168,-15.5863],[-51.6442,-15.5539],[-51.6489,-15.5079],[-51.699,-15.4849],[-51.7319,-15.504],[-51.7256,-15.5441],[-51.7556,-15.5574],[-51.754,-15.615],[-51.7679,-15.6536],[-51.8233,-15.7314],[-51.8803,-15.8243],[-51.9485,-15.8101],[-51.9721,-15.8381],[-52.0095,-15.8858],[-52.1112,-15.8829],[-52.1276,-15.895],[-52.1949,-15.8809],[-52.2543,-15.8937],[-52.2569,-15.9309],[-52.2898,-15.9646],[-52.3108,-16.007],[-52.3285,-16.0704],[-52.361,-16.0816],[-52.4717,-16.1267],[-52.5492,-16.165],[-52.546,-16.2597],[-52.6592,-16.2807],[-52.6812,-16.3017],[-52.6927,-16.3664],[-52.6745,-16.4124],[-52.641,-16.4157],[-52.6061,-16.486],[-52.6294,-16.5178],[-52.5465,-16.5525],[-52.5065,-16.5415],[-52.4954,-16.563],[-52.4181,-16.541],[-52.341,-16.5436],[-52.3357,-16.5624],[-52.259,-16.5992],[-52.2446,-16.5793],[-52.1966,-16.4645],[-52.1249,-16.4711],[-52.0523,-16.4901],[-52.0457,-16.5461],[-52.0045,-16.566],[-51.9752,-16.6275],[-51.9168,-16.6499],[-51.8995,-16.6342],[-51.8659,-16.6581],[-51.7834,-16.6081],[-51.7092,-16.641],[-51.6763,-16.6261],[-51.6679,-16.599],[-51.6023,-16.6024],[-51.5768,-16.6626],[-51.6109,-16.6934],[-51.5903,-16.7325],[-51.6589,-16.7949],[-51.6592,-16.9218],[-51.6316,-16.9192],[-51.6108,-16.888],[-51.5772,-16.875],[-51.5487,-16.8944],[-51.5034,-16.8848],[-51.4275,-16.8536],[-51.4171,-16.8285],[-51.3681,-16.8197],[-51.3027,-16.7851],[-51.2566,-16.7823],[-51.2219,-16.7295],[-51.2225,-16.8095],[-51.1806,-16.8416],[-51.1503,-16.8894],[-51.105,-16.8955],[-51.08,-16.9414],[-51.0557,-16.9546],[-51.0025,-17.0226],[-50.9804,-17.0375],[-50.9469,-17.0901],[-50.926,-17.0999],[-50.8913,-17.1554],[-50.87,-17.1725],[-50.7966,-17.1808],[-50.7602,-17.2215],[-50.7265,-17.2422],[-50.7353,-17.2639],[-50.7015,-17.3005],[-50.6646,-17.3604],[-50.6178,-17.3766],[-50.59,-17.4087],[-50.5268,-17.4305],[-50.5163,-17.5221],[-50.56,-17.547],[-50.546,-17.5812],[-50.5596,-17.5965],[-50.5188,-17.6477],[-50.4769,-17.6599],[-50.4328,-17.6175],[-50.375,-17.6044],[-50.2784,-17.6038],[-50.2756,-17.5796],[-50.2301,-17.565],[-50.1629,-17.5666],[-50.1501,-17.6008]]]},"properties":{"ibge_code":"5204","name":"São Luís de Montes Belos - Iporá","codarea":"5204","uf":"GO","uf_code":"52","macro_id":"5","macro_sigla":"CO"}},{"type":"Feature","geometry":{"type":"Polygon","coordinates":[[[-48.0797,-14.8986],[-48.0808,-14.8645],[-48.1006,-14.8488],[-48.1843,-14.8486],[-48.2352,-14.8816],[-48.2558,-14.8748],[-48.2868,-14.9004],[-48.3215,-14.9013],[-48.3847,-14.9447],[-48.4239,-14.9389],[-48.474,-14.9641],[-48.5236,-15.0171],[-48.5947,-14.9937],[-48.611,-15.0024],[-48.606,-15.0173],[-48.6534,-15.0431],[-48.6538,-15.1008],[-48.6071,-15.1528],[-48.6179,-15.1722],[-48.5885,-15.197],[-48.5688,-15.2324],[-48.5714,-15.2657],[-48.5915,-15.2866],[-48.5796,-15.3484],[-48.5928,-15.3647],[-48.6596,-15.3699],[-48.7122,-15.4032],[-48.7227,-15.442],[-48.7479,-15.4731],[-48.814,-15.5176],[-48.8308,-15.5425],[-48.7921,-15.5547],[-48.7918,-15.5854],[-48.829,-15.6248],[-48.8085,-15.6674],[-48.8363,-15.7256],[-48.8168,-15.7494],[-48.8367,-15.8033],[-48.8564,-15.8016],[-48.836,-15.8324],[-48.7832,-15.8196],[-48.7625,-15.8548],[-48.7179,-15.8651],[-48.6746,-15.862],[-48.6694,-15.8359],[-48.6967,-15.8149],[-48.6674,-15.7684],[-48.6226,-15.7533],[-48.576,-15.764],[-48.524,-15.8138],[-48.4621,-15.8296],[-48.4546,-15.8903],[-48.4179,-15.9134],[-48.4225,-15.9482],[-48.4082,-15.9771],[-48.3719,-15.9975],[-48.3692,-16.0723],[-48.3503,-16.1188],[-48.3533,-16.1805],[-48.3722,-16.199],[-48.3631,-16.2416],[-48.3291,-16.2603],[-48.3236,-16.3182],[-48.3743,-16.3096],[-48.4011,-16.3267],[-48.4012,-16.3841],[-48.3582,-16.4141],[-48.3416,-16.4441],[-48.3093,-16.4518],[-48.2699,-16.4892],[-48.2407,-16.5772],[-48.1951,-16.6425],[-48.1855,-16.7069],[-48.1946,-16.7338],[-48.1053,-16.7474],[-48.0799,-16.7855],[-48.0765,-16.841],[-48.0874,-16.8931],[-48.065,-16.9327],[-48.0342,-16.9224],[-48.0028,-16.9506],[-47.9181,-17.0039],[-47.9216,-16.9832],[-47.8925,-16.9181],[-47.8321,-16.9246],[-47.7723,-16.9184],[-47.7336,-16.9291],[-47.6915,-16.9075],[-47.6845,-16.9411],[-47.6989,-16.9996],[-47.7187,-17.0329],[-47.6937,-17.0777],[-47.665,-17.0882],[-47.6382,-17.1449],[-47.5982,-17.1659],[-47.5383,-17.2324],[-47.5108,-17.3261],[-47.4868,-17.3495],[-47.4379,-17.3179],[-47.4111,-17.2492],[-47.3842,-17.2478],[-47.3485,-17.1762],[-47.2931,-17.1394],[-47.2775,-17.111],[-47.2252,-17.0775],[-47.1981,-17.0723],[-47.1781,-17.0408],[-47.1466,-17.0323],[-47.1295,-16.9752],[-47.1545,-16.9529],[-47.1807,-16.9018],[-47.2084,-16.8747],[-47.2064,-16.8384],[-47.2197,-16.7781],[-47.2365,-16.7553],[-47.2257,-16.7205],[-47.2462,-16.7005],[-47.2518,-16.6645],[-47.2877,-16.6423],[-47.3473,-16.5908],[-47.3738,-16.5932],[-47.431,-16.549],[-47.4595,-16.5041],[-47.455,-16.466],[-47.4289,-16.437],[-47.4272,-16.3989],[-47.3655,-16.3299],[-47.3516,-16.2754],[-47.322,-16.2314],[-47.3226,-16.2091],[-47.3523,-16.1338],[-47.3126,-16.0888],[-47.3085,-16.05],[-47.6836,-16.0498],[-47.9386,-16.0499],[-48.016,-16.0497],[-48.0178,-16.0497],[-48.0181,-16.0497],[-48.0848,-16.0497],[-48.2778,-16.0496],[-48.2514,-15.9557],[-48.2747,-15.9093],[-48.2818,-15.8306],[-48.243,-15.7973],[-48.2088,-15.7497],[-48.208,-15.7179],[-48.2412,-15.7056],[-48.2349,-15.66],[-48.1997,-15.6229],[-48.2,-15.5023],[-48.0744,-15.5022],[-48.0543,-15.5022],[-48.0541,-15.5022],[-48.0348,-15.5022],[-47.4927,-15.5019],[-47.4184,-15.5018],[-47.4184,-15.5457],[-47.3779,-15.576],[-47.3222,-15.5985],[-47.3339,-15.6295],[-47.3315,-15.6835],[-47.3125,-15.6972],[-47.3149,-15.7464],[-47.3664,-15.8274],[-47.3789,-15.8873],[-47.3623,-15.9294],[-47.3769,-15.9619],[-47.3702,-16.0012],[-47.31,-16.0363],[-47.2869,-16.0093],[-47.2264,-16.016],[-47.2094,-15.9901],[-47.1366,-15.9274],[-47.1067,-15.9583],[-47.0565,-15.9378],[-46.9525,-15.9166],[-46.8249,-15.8857],[-46.8062,-15.8706],[-46.8232,-15.8246],[-46.8131,-15.7872],[-46.8278,-15.7287],[-46.8558,-15.6818],[-46.8549,-15.6183],[-46.8826,-15.6101],[-46.9461,-15.5633],[-46.9305,-15.4431],[-46.9119,-15.4115],[-46.8495,-15.3732],[-46.8359,-15.3265],[-46.8737,-15.2854],[-46.8915,-15.2353],[-46.9277,-15.2551],[-46.9373,-15.205],[-46.8883,-15.1125],[-46.926,-15.0736],[-46.9251,-15.0575],[-46.8569,-15.0103],[-46.7859,-15.0184],[-46.6817,-15.0586],[-46.6254,-15.0895],[-46.5775,-15.0841],[-46.5261,-15.0564],[-46.5027,-15.0509],[-46.5308,-15.0053],[-46.5181,-14.9705],[-46.5408,-14.9516],[-46.5399,-14.8919],[-46.5216,-14.8512],[-46.5605,-14.815],[-46.5638,-14.7834],[-46.5442,-14.753],[-46.5103,-14.7383],[-46.5034,-14.7041],[-46.4749,-14.7052],[-46.4238,-14.756],[-46.3222,-14.8146],[-46.3251,-14.8456],[-46.3005,-14.8581],[-46.3193,-14.9004],[-46.2869,-14.9281],[-46.2322,-14.9223],[-46.1721,-14.9473],[-46.1191,-14.9206],[-46.0881,-14.9364],[-46.0394,-14.8753],[-46.0253,-14.8558],[-46.0412,-14.8265],[-46.0026,-14.7958],[-45.9971,-14.7413],[-46.0055,-14.689],[-46.0251,-14.6781],[-46.021,-14.6699],[-45.9917,-14.662],[-45.985,-14.6191],[-45.9979,-14.6036],[-45.9814,-14.5319],[-46.004,-14.5146],[-45.9961,-14.4884],[-46.019,-14.4721],[-46.0001,-14.4466],[-45.9317,-14.409],[-45.9072,-14.3552],[-45.9422,-14.3433],[-45.9644,-14.2843],[-45.9954,-14.2562],[-46.0296,-14.2595],[-46.0601,-14.2319],[-46.061,-14.1955],[-46.0983,-14.1967],[-46.1163,-14.1616],[-46.1869,-14.1531],[-46.2215,-14.1068],[-46.227,-14.049],[-46.2121,-14.0101],[-46.2201,-13.9754],[-46.2642,-13.9474],[-46.2568,-13.8872],[-46.2325,-13.8486],[-46.2775,-13.7909],[-46.2229,-13.7654],[-46.2543,-13.735],[-46.2357,-13.7081],[-46.2562,-13.6842],[-46.2164,-13.636],[-46.1627,-13.6036],[-46.1996,-13.5725],[-46.2317,-13.5832],[-46.2473,-13.5217],[-46.2332,-13.4817],[-46.209,-13.4656],[-46.232,-13.4186],[-46.1917,-13.41],[-46.1355,-13.3755],[-46.0733,-13.3114],[-46.0683,-13.2954],[-46.1032,-13.2575],[-46.1749,-13.277],[-46.2925,-13.3169],[-46.3055,-13.2517],[-46.2996,-13.1281],[-46.329,-13.0998],[-46.2987,-13.0638],[-46.2755,-13.0202],[-46.1938,-12.9968],[-46.1247,-12.9598],[-46.113,-12.918],[-46.1982,-12.9573],[-46.2293,-12.9576],[-46.3048,-12.9785],[-46.3709,-12.9877],[-46.3657,-12.8635],[-46.3976,-12.8513],[-46.418,-12.8224],[-46.4328,-12.9294],[-46.4459,-12.9358],[-46.4546,-12.9712],[-46.6354,-12.9699],[-46.7506,-12.9692],[-46.8228,-13.0068],[-46.8548,-13.0676],[-46.8941,-13.0541],[-47.0106,-13.141],[-47.0915,-13.1734],[-47.1325,-13.1781],[-47.1548,-13.2101],[-47.225,-13.1935],[-47.2524,-13.2126],[-47.2814,-13.2647],[-47.3797,-13.2306],[-47.3929,-13.2624],[-47.4172,-13.2708],[-47.4539,-13.2517],[-47.488,-13.2121],[-47.4775,-13.1872],[-47.5406,-13.1917],[-47.565,-13.1803],[-47.5687,-13.1169],[-47.6171,-13.1036],[-47.6463,-13.1205],[-47.6454,-13.1505],[-47.6668,-13.2084],[-47.6397,-13.2643],[-47.6585,-13.295],[-47.6501,-13.3488],[-47.6241,-13.3761],[-47.6797,-13.4682],[-47.7982,-13.329],[-47.8236,-13.3117],[-47.8855,-13.3203],[-47.9373,-13.2906],[-47.966,-13.3135],[-47.981,-13.2843],[-48.0329,-13.2744],[-48.0625,-13.2357],[-48.0791,-13.2853],[-48.1562,-13.3079],[-48.1699,-13.3003],[-48.1666,-13.3729],[-48.148,-13.3793],[-48.1483,-13.4397],[-48.1988,-13.4711],[-48.1325,-13.5042],[-48.1074,-13.5621],[-48.1203,-13.6284],[-48.0577,-13.702],[-48.0542,-13.7392],[-48.0277,-13.7441],[-48.0188,-13.8131],[-47.9594,-13.8532],[-47.9479,-13.8848],[-47.9649,-13.9065],[-47.9604,-13.9389],[-47.9303,-13.9565],[-47.8982,-14.0468],[-47.8984,-14.093],[-47.9158,-14.1482],[-47.8997,-14.1701],[-47.932,-14.1771],[-47.903,-14.2356],[-47.8393,-14.331],[-47.8277,-14.3509],[-47.8638,-14.3785],[-47.8412,-14.4293],[-47.8235,-14.5033],[-47.7622,-14.5438],[-47.772,-14.6416],[-47.7791,-14.6785],[-47.8084,-14.6934],[-47.8345,-14.7409],[-47.8671,-14.7731],[-47.9583,-14.8022],[-48.0035,-14.8048],[-48.0606,-14.8592],[-48.0797,-14.8986]]]},"properties":{"ibge_code":"5206","name":"Luziânia - Águas Lindas de Goiás","codarea":"5206","uf":"GO","uf_code":"52","macro_id":"5","macro_sigla":"CO"}},{"type":"Feature","geometry":{"type":"Polygon","coordinates":[[[-49.9776,-18.3638],[-49.954,-18.3529],[-49.9212,-18.3663],[-49.852,-18.4221],[-49.8244,-18.4949],[-49.7726,-18.4958],[-49.7472,-18.567],[-49.7577,-18.6097],[-49.723,-18.6094],[-49.6526,-18.5736],[-49.642,-18.5552],[-49.5476,-18.5396],[-49.5457,-18.4995],[-49.4998,-18.491],[-49.4862,-18.5323],[-49.4057,-18.6451],[-49.3734,-18.6348],[-49.3275,-18.5622],[-49.2927,-18.5639],[-49.2856,-18.5363],[-49.2493,-18.5228],[-49.2284,-18.4792],[-49.2014,-18.4612],[-49.2108,-18.4233],[-49.1593,-18.4167],[-49.1263,-18.3843],[-49.0791,-18.4167],[-49.0538,-18.4026],[-49.0296,-18.3688],[-49.006,-18.3744],[-48.9595,-18.3235],[-48.9177,-18.3059],[-48.8321,-18.3461],[-48.828,-18.3752],[-48.7577,-18.3448],[-48.7423,-18.3525],[-48.6538,-18.3428],[-48.5614,-18.3239],[-48.5545,-18.3469],[-48.5156,-18.3664],[-48.4695,-18.3707],[-48.442,-18.3566],[-48.4,-18.3728],[-48.3418,-18.3708],[-48.3561,-18.3221],[-48.3077,-18.2842],[-48.3202,-18.2499],[-48.3357,-18.2059],[-48.3969,-18.128],[-48.3353,-18.0796],[-48.2973,-18.0347],[-48.319,-17.9865],[-48.3143,-17.943],[-48.3882,-17.9385],[-48.412,-17.8561],[-48.4519,-17.8387],[-48.4697,-17.8638],[-48.5123,-17.8805],[-48.5134,-17.8503],[-48.5582,-17.8218],[-48.5431,-17.7933],[-48.5125,-17.7874],[-48.5199,-17.7536],[-48.4924,-17.7111],[-48.4628,-17.714],[-48.4537,-17.6857],[-48.4664,-17.6018],[-48.5024,-17.5717],[-48.4988,-17.5551],[-48.5224,-17.4799],[-48.6158,-17.475],[-48.7029,-17.4969],[-48.7551,-17.4819],[-48.8007,-17.4322],[-48.8081,-17.4122],[-48.7946,-17.3537],[-48.7546,-17.2792],[-48.7043,-17.2376],[-48.6074,-17.222],[-48.5777,-17.1619],[-48.5729,-17.1293],[-48.6022,-17.1306],[-48.6379,-17.1654],[-48.6619,-17.1775],[-48.7047,-17.1598],[-48.8004,-17.1799],[-48.8427,-17.0669],[-48.8611,-17.0485],[-48.9231,-17.0589],[-48.9824,-17.0924],[-49.0139,-17.0676],[-49.055,-17.053],[-49.0843,-17.0606],[-49.1212,-17.1059],[-49.1096,-17.1355],[-49.1758,-17.1196],[-49.1933,-17.1357],[-49.2245,-17.0825],[-49.2675,-17.0945],[-49.3203,-17.1295],[-49.4073,-17.161],[-49.457,-17.1502],[-49.4896,-17.161],[-49.5033,-17.151],[-49.6207,-17.2288],[-49.6193,-17.292],[-49.6456,-17.302],[-49.6583,-17.2546],[-49.71,-17.1927],[-49.7703,-17.2244],[-49.7949,-17.2679],[-49.7973,-17.32],[-49.7551,-17.32],[-49.7407,-17.3409],[-49.7472,-17.3779],[-49.7312,-17.4131],[-49.727,-17.4607],[-49.7757,-17.4566],[-49.7991,-17.4849],[-49.8523,-17.4992],[-49.8883,-17.5291],[-49.9073,-17.5885],[-49.9247,-17.6059],[-49.9568,-17.6278],[-49.9808,-17.6648],[-50.0033,-17.6599],[-50.0264,-17.7097],[-50.0657,-17.732],[-50.0659,-17.7654],[-50.0871,-17.785],[-50.073,-17.799],[-50.0552,-17.825],[-50.0221,-17.8322],[-49.9805,-17.9265],[-50.0165,-17.9543],[-50.046,-17.9424],[-50.1356,-18.0001],[-50.1692,-18.0742],[-50.1614,-18.1213],[-50.1858,-18.14],[-50.1586,-18.1596],[-50.1259,-18.2128],[-50.1273,-18.2391],[-50.0954,-18.2489],[-50.116,-18.316],[-50.1064,-18.3308],[-50.046,-18.3846],[-49.9776,-18.3638]]]},"properties":{"ibge_code":"5202","name":"Itumbiara","codarea":"5202","uf":"GO","uf_code":"52","macro_id":"5","macro_sigla":"CO"}},{"type":"Feature","geometry":{"type":"Polygon","coordinates":[[[-49.7323,-15.5263],[-49.6928,-15.5539],[-49.7002,-15.6143],[-49.7466,-15.6646],[-49.696,-15.7223],[-49.6851,-15.7641],[-49.693,-15.8061],[-49.6895,-15.8271],[-49.6788,-15.7783],[-49.6433,-15.7379],[-49.6457,-15.7104],[-49.5552,-15.6369],[-49.5686,-15.4777],[-49.5442,-15.468],[-49.526,-15.4746],[-49.5043,-15.5161],[-49.4557,-15.5337],[-49.4314,-15.495],[-49.352,-15.5003],[-49.3396,-15.4915],[-49.2822,-15.4379],[-49.2216,-15.4831],[-49.2388,-15.5537],[-49.2116,-15.5672],[-49.1865,-15.6022],[-49.1286,-15.5733],[-49.0811,-15.5113],[-49.0304,-15.5405],[-48.9932,-15.5375],[-48.9574,-15.5114],[-48.9175,-15.5311],[-48.8953,-15.5228],[-48.814,-15.5176],[-48.7479,-15.4731],[-48.7227,-15.442],[-48.7122,-15.4032],[-48.6596,-15.3699],[-48.5928,-15.3647],[-48.5796,-15.3484],[-48.5915,-15.2866],[-48.5714,-15.2657],[-48.5688,-15.2324],[-48.5885,-15.197],[-48.6179,-15.1722],[-48.6071,-15.1528],[-48.6538,-15.1008],[-48.6534,-15.0431],[-48.606,-15.0173],[-48.611,-15.0024],[-48.5947,-14.9937],[-48.5236,-15.0171],[-48.474,-14.9641],[-48.4239,-14.9389],[-48.3847,-14.9447],[-48.3215,-14.9013],[-48.2868,-14.9004],[-48.2558,-14.8748],[-48.2352,-14.8816],[-48.1843,-14.8486],[-48.1006,-14.8488],[-48.0808,-14.8645],[-48.0797,-14.8986],[-48.0606,-14.8592],[-48.0035,-14.8048],[-47.9583,-14.8022],[-47.8671,-14.7731],[-47.8345,-14.7409],[-47.8084,-14.6934],[-47.7791,-14.6785],[-47.772,-14.6416],[-47.7622,-14.5438],[-47.8235,-14.5033],[-47.8412,-14.4293],[-47.8638,-14.3785],[-47.8277,-14.3509],[-47.8393,-14.331],[-47.903,-14.2356],[-47.932,-14.1771],[-47.8997,-14.1701],[-47.9158,-14.1482],[-47.8984,-14.093],[-47.8982,-14.0468],[-47.9303,-13.9565],[-47.9604,-13.9389],[-47.9649,-13.9065],[-47.9479,-13.8848],[-47.9594,-13.8532],[-48.0188,-13.8131],[-48.0277,-13.7441],[-48.0542,-13.7392],[-48.0577,-13.702],[-48.1203,-13.6284],[-48.1074,-13.5621],[-48.1325,-13.5042],[-48.1988,-13.4711],[-48.1483,-13.4397],[-48.148,-13.3793],[-48.1666,-13.3729],[-48.1699,-13.3003],[-48.1533,-13.2797],[-48.1668,-13.2326],[-48.1659,-13.1893],[-48.1437,-13.1525],[-48.1802,-13.152],[-48.2352,-13.1761],[-48.2921,-13.22],[-48.3417,-13.2317],[-48.3848,-13.2642],[-48.4619,-13.2752],[-48.477,-13.178],[-48.4686,-13.1587],[-48.5161,-13.1391],[-48.5304,-13.1923],[-48.5537,-13.2042],[-48.554,-13.3034],[-48.5801,-13.3133],[-48.5999,-13.288],[-48.5886,-13.2548],[-48.5759,-13.1242],[-48.6005,-13.0589],[-48.6276,-13.0511],[-48.6377,-13.017],[-48.6698,-12.9957],[-48.7174,-13.0015],[-48.7317,-12.9846],[-48.7363,-12.9214],[-48.8397,-12.8432],[-48.8469,-12.8091],[-48.8703,-12.8033],[-48.8798,-12.8171],[-48.9756,-12.9569],[-49.0323,-12.9024],[-49.0878,-12.8907],[-49.0734,-12.8551],[-49.1046,-12.8354],[-49.1177,-12.7901],[-49.1887,-12.8505],[-49.2107,-12.8779],[-49.2377,-12.8838],[-49.2514,-12.9304],[-49.2806,-12.9703],[-49.3031,-13.0288],[-49.3361,-13.0632],[-49.3551,-13.1073],[-49.3417,-13.1243],[-49.3487,-13.2172],[-49.3394,-13.2534],[-49.3683,-13.2723],[-49.9088,-12.9751],[-49.9778,-12.9406],[-50.0897,-12.9082],[-50.1852,-12.8936],[-50.2253,-12.86],[-50.2856,-12.8397],[-50.3108,-12.7916],[-50.2958,-12.7107],[-50.2684,-12.6517],[-50.2368,-12.6241],[-50.2448,-12.5975],[-50.1934,-12.5638],[-50.2293,-12.5316],[-50.2152,-12.482],[-50.1418,-12.3954],[-50.2058,-12.4452],[-50.2537,-12.4623],[-50.3055,-12.4924],[-50.3315,-12.5355],[-50.3696,-12.5581],[-50.4174,-12.6232],[-50.4348,-12.6577],[-50.4316,-12.6884],[-50.4789,-12.7126],[-50.4874,-12.7445],[-50.4755,-12.7713],[-50.4842,-12.8089],[-50.511,-12.8609],[-50.5237,-12.9712],[-50.5488,-12.9928],[-50.5873,-12.9985],[-50.5708,-13.0342],[-50.6103,-13.0648],[-50.5946,-13.0967],[-50.6047,-13.1915],[-50.585,-13.2153],[-50.6111,-13.3202],[-50.609,-13.3541],[-50.5778,-13.3864],[-50.545,-13.4579],[-50.5202,-13.4636],[-50.5315,-13.4994],[-50.4978,-13.5514],[-50.4689,-13.5628],[-50.4591,-13.5889],[-50.4585,-13.6939],[-50.4747,-13.7105],[-50.4415,-13.7714],[-50.423,-13.8246],[-50.3708,-13.853],[-50.3838,-13.8801],[-50.3449,-13.9671],[-50.2856,-13.9942],[-50.1605,-14.001],[-50.1477,-14.0495],[-50.1435,-14.1258],[-50.3547,-14.3536],[-50.3292,-14.4063],[-50.3009,-14.4434],[-50.3022,-14.4982],[-50.2775,-14.5117],[-50.2691,-14.5427],[-50.2948,-14.5819],[-50.2391,-14.6194],[-50.2347,-14.6492],[-50.2746,-14.7321],[-50.3026,-14.7393],[-50.3333,-14.724],[-50.4229,-14.7355],[-50.4453,-14.7242],[-50.4077,-14.8014],[-50.362,-14.8114],[-50.3343,-14.873],[-50.3039,-14.8977],[-50.3148,-14.9441],[-50.2926,-14.9429],[-50.2433,-14.9702],[-50.2374,-15.0136],[-50.1853,-15.0374],[-50.1544,-15.0798],[-50.1277,-15.0812],[-50.1094,-15.1217],[-50.0539,-15.123],[-50.037,-15.1489],[-50.0562,-15.1826],[-50.0392,-15.1977],[-50.0658,-15.2286],[-50.0862,-15.2477],[-50.1351,-15.398],[-50.1125,-15.37],[-50.0171,-15.3599],[-49.9773,-15.372],[-49.9377,-15.3574],[-49.9079,-15.37],[-49.9152,-15.3832],[-49.8624,-15.4136],[-49.8599,-15.4495],[-49.8866,-15.4811],[-49.8887,-15.508],[-49.8572,-15.5322],[-49.8106,-15.5323],[-49.7721,-15.5463],[-49.7323,-15.5263]]]},"properties":{"ibge_code":"5205","name":"Porangatu - Uruaçu","codarea":"5205","uf":"GO","uf_code":"52","macro_id":"5","macro_sigla":"CO"}},{"type":"Feature","geometry":{"type":"Polygon","coordinates":[[[-52.4119,-18.744],[-52.3539,-18.8002],[-52.3447,-18.823],[-52.3051,-18.8404],[-52.1874,-18.8459],[-52.1506,-18.8933],[-52.1108,-18.8987],[-52.1058,-18.9259],[-52.0794,-18.9511],[-52.0436,-18.9507],[-52.0145,-18.9761],[-51.951,-18.9811],[-51.8971,-18.9945],[-51.8522,-19.0525],[-51.8157,-19.0551],[-51.7275,-19.1078],[-51.6921,-19.118],[-51.6601,-19.1343],[-51.609,-19.141],[-51.5922,-19.1268],[-51.5392,-19.1427],[-51.4987,-19.161],[-51.4484,-19.1604],[-51.4201,-19.1662],[-51.364,-19.2225],[-51.3088,-19.2178],[-51.2766,-19.2605],[-51.2255,-19.259],[-51.1692,-19.287],[-51.092,-19.3076],[-51.0455,-19.3434],[-51.0205,-19.3866],[-50.988,-19.4084],[-50.935,-19.4675],[-50.8494,-19.4981],[-50.8256,-19.4733],[-50.8754,-19.4228],[-50.828,-19.3108],[-50.8171,-19.2893],[-50.7465,-19.2399],[-50.7404,-19.2132],[-50.7331,-19.187],[-50.6825,-19.1756],[-50.6745,-19.1363],[-50.6457,-19.1348],[-50.5865,-19.1395],[-50.5352,-19.0989],[-50.5031,-19.0469],[-50.4951,-19.0129],[-50.5119,-18.952],[-50.4732,-18.9214],[-50.4434,-18.8941],[-50.4235,-18.8327],[-50.3703,-18.8044],[-50.3523,-18.7603],[-50.3145,-18.7007],[-50.27,-18.6842],[-50.1989,-18.6791],[-50.1643,-18.6644],[-50.0798,-18.6719],[-50.0502,-18.6435],[-50.0288,-18.6015],[-49.9815,-18.6046],[-49.9317,-18.624],[-49.8893,-18.6099],[-49.7946,-18.6438],[-49.7577,-18.6097],[-49.7472,-18.567],[-49.7726,-18.4958],[-49.8244,-18.4949],[-49.852,-18.4221],[-49.9212,-18.3663],[-49.954,-18.3529],[-49.9776,-18.3638],[-50.046,-18.3846],[-50.1064,-18.3308],[-50.116,-18.316],[-50.0954,-18.2489],[-50.1273,-18.2391],[-50.1259,-18.2128],[-50.1586,-18.1596],[-50.1858,-18.14],[-50.1614,-18.1213],[-50.1692,-18.0742],[-50.1356,-18.0001],[-50.046,-17.9424],[-50.0165,-17.9543],[-49.9805,-17.9265],[-50.0221,-17.8322],[-50.0552,-17.825],[-50.073,-17.799],[-50.0871,-17.785],[-50.1506,-17.8074],[-50.2087,-17.771],[-50.1937,-17.7419],[-50.2042,-17.7164],[-50.1759,-17.6753],[-50.1501,-17.6008],[-50.1629,-17.5666],[-50.2301,-17.565],[-50.2756,-17.5796],[-50.2784,-17.6038],[-50.375,-17.6044],[-50.4328,-17.6175],[-50.4769,-17.6599],[-50.5188,-17.6477],[-50.5596,-17.5965],[-50.546,-17.5812],[-50.56,-17.547],[-50.5163,-17.5221],[-50.5268,-17.4305],[-50.59,-17.4087],[-50.6178,-17.3766],[-50.6646,-17.3604],[-50.7015,-17.3005],[-50.7353,-17.2639],[-50.7265,-17.2422],[-50.7602,-17.2215],[-50.7966,-17.1808],[-50.87,-17.1725],[-50.8913,-17.1554],[-50.926,-17.0999],[-50.9469,-17.0901],[-50.9804,-17.0375],[-51.0025,-17.0226],[-51.0557,-16.9546],[-51.08,-16.9414],[-51.105,-16.8955],[-51.1503,-16.8894],[-51.1806,-16.8416],[-51.2225,-16.8095],[-51.2219,-16.7295],[-51.2566,-16.7823],[-51.3027,-16.7851],[-51.3681,-16.8197],[-51.4171,-16.8285],[-51.4275,-16.8536],[-51.5034,-16.8848],[-51.5487,-16.8944],[-51.5772,-16.875],[-51.6108,-16.888],[-51.6316,-16.9192],[-51.6592,-16.9218],[-51.6589,-16.7949],[-51.5903,-16.7325],[-51.6109,-16.6934],[-51.5768,-16.6626],[-51.6023,-16.6024],[-51.6679,-16.599],[-51.6763,-16.6261],[-51.7092,-16.641],[-51.7834,-16.6081],[-51.8659,-16.6581],[-51.8995,-16.6342],[-51.9168,-16.6499],[-51.9752,-16.6275],[-52.0045,-16.566],[-52.0457,-16.5461],[-52.0523,-16.4901],[-52.1249,-16.4711],[-52.1966,-16.4645],[-52.2446,-16.5793],[-52.259,-16.5992],[-52.3357,-16.5624],[-52.341,-16.5436],[-52.4181,-16.541],[-52.4954,-16.563],[-52.5065,-16.5415],[-52.5465,-16.5525],[-52.6294,-16.5178],[-52.6257,-16.5322],[-52.6756,-16.5855],[-52.7032,-16.5963],[-52.7328,-16.5859],[-52.726,-16.6145],[-52.759,-16.6711],[-52.7616,-16.7068],[-52.7857,-16.7144],[-52.8324,-16.7722],[-52.8851,-16.777],[-52.914,-16.8127],[-52.9291,-16.8376],[-52.9717,-16.8697],[-53.0141,-16.8643],[-53.035,-16.9425],[-53.0545,-16.9684],[-53.0638,-17.0165],[-53.055,-17.0644],[-53.1107,-17.1081],[-53.1282,-17.1549],[-53.1551,-17.1866],[-53.2092,-17.316],[-53.1972,-17.3783],[-53.2314,-17.4404],[-53.2236,-17.4583],[-53.242,-17.5042],[-53.2404,-17.6],[-53.2485,-17.6273],[-53.2338,-17.713],[-53.2019,-17.7261],[-53.16,-17.7749],[-53.1317,-17.8423],[-53.1251,-17.9175],[-53.0713,-17.9659],[-53.0723,-18.034],[-53.0757,-18.0508],[-53.1237,-18.0588],[-53.1432,-18.0841],[-53.1297,-18.1607],[-53.1102,-18.2196],[-53.0997,-18.3136],[-53.0717,-18.3415],[-53.0231,-18.3495],[-53.0139,-18.3261],[-52.9653,-18.2989],[-52.9352,-18.2966],[-52.8732,-18.3148],[-52.8208,-18.3107],[-52.7759,-18.3288],[-52.7589,-18.3631],[-52.7985,-18.4149],[-52.8385,-18.4236],[-52.8764,-18.4309],[-52.881,-18.4655],[-52.9197,-18.5107],[-52.9624,-18.5408],[-52.9518,-18.5767],[-52.9211,-18.6134],[-52.9128,-18.642],[-52.8734,-18.6459],[-52.8465,-18.667],[-52.8101,-18.6677],[-52.7481,-18.6921],[-52.6873,-18.6783],[-52.6347,-18.6915],[-52.5887,-18.6868],[-52.5662,-18.6646],[-52.5315,-18.6575],[-52.5019,-18.6759],[-52.448,-18.692],[-52.4119,-18.744]]]},"properties":{"ibge_code":"5203","name":"Rio Verde","codarea":"5203","uf":"GO","uf_code":"52","macro_id":"5","macro_sigla":"CO"}},{"type":"Feature","geometry":{"type":"Polygon","coordinates":[[[-48.016,-16.0497],[-47.9386,-16.0499],[-47.6836,-16.0498],[-47.3085,-16.05],[-47.31,-16.0363],[-47.3702,-16.0012],[-47.3769,-15.9619],[-47.3623,-15.9294],[-47.3789,-15.8873],[-47.3664,-15.8274],[-47.3149,-15.7464],[-47.3125,-15.6972],[-47.3315,-15.6835],[-47.3339,-15.6295],[-47.3222,-15.5985],[-47.3779,-15.576],[-47.4184,-15.5457],[-47.4184,-15.5018],[-47.4927,-15.5019],[-48.0348,-15.5022],[-48.0541,-15.5022],[-48.0543,-15.5022],[-48.0744,-15.5022],[-48.2,-15.5023],[-48.1997,-15.6229],[-48.2349,-15.66],[-48.2412,-15.7056],[-48.208,-15.7179],[-48.2088,-15.7497],[-48.243,-15.7973],[-48.2818,-15.8306],[-48.2747,-15.9093],[-48.2514,-15.9557],[-48.2778,-16.0496],[-48.0848,-16.0497],[-48.0181,-16.0497],[-48.016,-16.0497]]]},"properties":{"ibge_code":"5301","name":"Distrito Federal","codarea":"5301","uf":"DF","uf_code":"53","macro_id":"5","macro_sigla":"CO"}}]}